Country,Rank,Track_id,Streams,Track Name,Artist,URL,acousticness,danceability,energy,instrumentalness,liveness,loudness,speechiness,valence,tempo,duration_ms,Artist_id,Artist_popularity,Artist_follower,Artist_img,mode_1.0,key_1,key_2,key_3,key_4,key_5,key_6,key_7,key_8,key_9,key_10,key_11,time_signature_3,time_signature_4,time_signature_5
global,1.0,25sgk305KZfyuqVBQIahim,1166185736,Sweet but Psycho,Ava Max,https://open.spotify.com/track/25sgk305KZfyuqVBQIahim,-0.733948366219675,0.2711195452630319,0.46239082753404265,-0.16957677944084176,-0.061173102992262744,0.6316081102400088,-0.7229958831816138,0.6366645645806464,0.3532734944640454,187436,4npEfmQ6YuiwW1GpUmaq3F,87,1025358,https://i.scdn.co/image/4b914c6470c8458674538afe1b90b8ce4e777e96,True,True,False,False,False,False,False,False,False,False,False,False,False,True,False
global,2.0,2Fxmhks0bxGSBdJ92vM42m,1052358787,bad guy,Billie Eilish,https://open.spotify.com/track/2Fxmhks0bxGSBdJ92vM42m,0.2738347282696701,0.15135308776550804,-1.1573726792237682,1.3427009851707044,-0.5466355691007371,-1.6162322193564,2.1508401455789765,0.33712469405914275,0.42246722036612505,194088,6qqNVTkY8uBg9cP3Jd7DAH,98,18867904,https://i.scdn.co/image/2622edec99d68d1d141886be593c88cbe509f6d8,True,False,False,False,False,False,False,True,False,False,False,False,False,True,False
global,3.0,6ocbgoVGwYJhOv1GgI9NsF,789094044,7 rings,Ariana Grande,https://open.spotify.com/track/6ocbgoVGwYJhOv1GgI9NsF,1.301469865176534,0.6636873781715824,-1.7843779076461466,-0.16957677944084176,-0.6341659228384772,-1.532311886589862,1.790952310578414,-0.7294187843128785,0.582595692350244,178627,66CXWjxzNUsdJxJ2JdwvnR,97,40958727,https://i.scdn.co/image/b1dfbe843b0b9f54ab2e588f33e7637d2dab065a,False,True,False,False,False,False,False,False,False,False,False,False,False,True,False
global,4.0,1rgnBhdG2JDFTbYkYRZAku,764208309,Dance Monkey,Tones and I,https://open.spotify.com/track/1rgnBhdG2JDFTbYkYRZAku,1.6751553695063024,0.9764109060817829,-0.18203121278895734,-0.1677038815938998,-0.03175113534932488,0.027597818182137208,-0.2735749770345698,0.2372780705519747,-0.7833782851240344,209755,2NjfBq1NflQcKSeiDooVjY,92,484241,https://i.scdn.co/image/c128f5ef4d210a67610acdb8e095a73bc9965596,False,False,False,False,False,False,True,False,False,False,False,False,False,True,False
global,5.0,6v3KW9xbzN5yKLt9YKDYA2,763064359,Señorita,Shawn Mendes,https://open.spotify.com/track/6v3KW9xbzN5yKLt9YKDYA2,-0.8503358305890507,0.5372672285908627,-0.4432833912982813,-0.16957677944084176,-0.6731500299653698,0.15437875008694968,-0.8862620717428447,1.18582099387007,-0.16860862916712138,190800,7n2wHs1TKAczGzO7Dd2rGr,94,23152263,https://i.scdn.co/image/6bd59cfbd3e1e6394af710bddcd62999aae31c6f,False,False,False,False,False,False,False,False,False,True,False,False,False,True,False
global,6.0,5w9c2J52mkdntKOmRLeM2m,715027898,Con Calma,Daddy Yankee,https://open.spotify.com/track/5w9c2J52mkdntKOmRLeM2m,-0.5747427711458464,0.3908860027605558,1.3680650463663673,-0.1695542116034314,-0.859979524498025,1.3778867775887926,-0.6202961839253558,0.7637420854079511,-0.9164606676327864,193227,4VMYDCV2IEDYJArk749S6m,95,15857952,https://i.scdn.co/image/01dae15758ba1a3d18e6e35c27681dcf9da6ce21,False,False,False,False,False,False,False,False,True,False,False,False,False,True,False
global,7.0,2VxeLyX666F8uXCJ0dZF8B,714097238,Shallow,Lady Gaga,https://open.spotify.com/track/2VxeLyX666F8uXCJ0dZF8B,0.44121469375071226,-0.7069731909667457,-1.3895968378987231,-0.16957677944084176,0.4169338712054771,0.04164456916022714,-0.8704621180111127,-0.7475727158596365,-0.857551615947572,215733,1HY2Jd0NmPuamShAr6KMms,89,10181517,https://i.scdn.co/image/ea76c82c05174105751f850c8a1db426dd03aa78,True,False,False,False,False,False,False,True,False,False,False,False,False,True,False
global,8.0,7qEHsqek33rTcFNT9PFqLf,661930419,Someone You Loved,Lewis Capaldi,https://open.spotify.com/track/7qEHsqek33rTcFNT9PFqLf,1.9203864817227134,-1.1793853288736447,-1.2734847585612454,-0.16957677944084176,-0.5098581095470648,0.28764279782780394,-0.8608065907306097,-0.18933932079683388,-0.3989072201751744,182161,4GNC7GD6oZMSxPGyXy4MNB,92,2143489,https://i.scdn.co/image/5ed13d249e562fea4e296aaeb745ce06d27ec88f,True,True,False,False,False,False,False,False,False,False,False,False,False,True,False
global,9.0,2dpaYNEQHiRxtZbfNsse99,620829467,Happier,Marshmello,https://open.spotify.com/track/2dpaYNEQHiRxtZbfNsse99,-0.25944562686760403,0.058201398600767985,0.9732839766189441,-0.16957677944084176,-0.05381761108152828,1.3429499866945687,-0.7440624881572566,0.8318193287082929,-0.7203358358896367,214290,64KEffDW9EtZ1y2vBYgq8T,90,20341696,https://i.scdn.co/image/eb88f6dde0844337248826abb86c6e0b0ef05973,True,False,False,False,False,True,False,False,False,False,False,False,False,True,False
global,10.0,6MWtB6iiXyIwun0YzU6DFP,615519053,Wow.,Post Malone,https://open.spotify.com/track/6MWtB6iiXyIwun0YzU6DFP,-0.3684372322971199,1.0296404427473491,-0.4955338270001462,-0.16955235033849034,-0.5392800771900026,-0.331854937616167,0.4216229871616389,-0.4661867768848904,-0.7225489936325065,149520,246dkjvS1zLTtiykXe5h60,100,21335421,https://i.scdn.co/image/93fec27f9aac86526b9010e882037afbda4e3d5f,False,False,False,False,False,False,False,False,False,False,False,True,False,True,False
global,11.0,5p7ujcrUXASCNwRaWNHR1C,605653817,Without Me,Halsey,https://open.spotify.com/track/5p7ujcrUXASCNwRaWNHR1C,0.15316545082984884,0.11143093526633341,-0.7916196293107141,-0.16947080366826014,-0.5937107173294376,-0.2061545250173612,-0.5219853607056899,0.20550869034514851,0.45218211770789374,201661,26VFTg2z8YR0cCuwLzESi2,92,9063023,https://i.scdn.co/image/1ccc88afcd13131dc35a1bd028922dbc748a55fb,True,False,False,False,False,False,True,False,False,False,False,False,False,True,False
global,12.0,5iwz1NiezX7WWjnCgY5TH4,591435651,Calma - Remix,Pedro Capó,https://open.spotify.com/track/5iwz1NiezX7WWjnCgY5TH4,0.254371941585828,0.9830645981649787,0.8629775012483404,-0.16957677944084176,-0.23034941693915545,0.8138556998531772,-0.6808626732303285,1.2402827885103433,0.15464258704146894,238200,4QVBYiagIaa6ZGSPMbybpy,83,827312,https://i.scdn.co/image/59560d8ff7e8f7f8155dcae199b4f8828cce5cc7,False,False,False,False,False,False,False,False,False,False,False,True,False,True,False
global,13.0,6Qs4SXO9dwPj5GKvVOv8Ki,560659214,Dancing With A Stranger (with Normani),Sam Smith,https://open.spotify.com/track/6Qs4SXO9dwPj5GKvVOv8Ki,0.7487267233554178,0.4175007710933389,-0.6058403023707499,-0.16955386261625496,0.3507344440088669,-0.3729146712444302,-0.5649963458642936,-0.6386491265790898,-0.6232498131399159,171030,2wY79sveU1sp5g7SokKOiI,92,11220622,https://i.scdn.co/image/871eeb6c9b0f60dfe982380d1357a7beb85fb3fd,True,False,False,False,False,False,False,False,True,False,False,False,False,True,False
global,14.0,6vBdBCoOhKHiYDDOcorfNo,501130662,Goodbyes (Feat. Young Thug),Post Malone,https://open.spotify.com/track/6vBdBCoOhKHiYDDOcorfNo,0.7370490513451126,-0.6537436543011795,0.16630502522347546,-0.16957677944084176,-0.465725158082658,0.9579249406541007,-0.486874352412952,-1.4192681830896754,0.9140160643450156,174960,246dkjvS1zLTtiykXe5h60,100,21335421,https://i.scdn.co/image/93fec27f9aac86526b9010e882037afbda4e3d5f,True,False,False,False,False,True,False,False,False,False,False,False,False,True,False
global,15.0,70eFcWOvlMObDhURTqT4Fv,499741532,Beautiful People (feat. Khalid),Ed Sheeran,https://open.spotify.com/track/70eFcWOvlMObDhURTqT4Fv,-0.5202469684310884,-0.25452212930943324,0.13727700538910603,-0.16957677944084176,-0.6922743089332795,-0.5890185324458154,0.500622755820299,0.27358593364549033,-0.9493976622766742,197867,6eUKZXaKkcviH0Ku9w2n3V,98,57463755,https://i.scdn.co/image/f55cab0739390cf3b2c2f773b9c779b2f0ae8a99,False,False,False,False,False,True,False,False,False,False,False,False,False,True,False
global,16.0,6u7jPi22kF8CTQ3rb9DHE7,490147372,Old Town Road (feat. Billy Ray Cyrus) - Remix,Lil Nas X,https://open.spotify.com/track/6u7jPi22kF8CTQ3rb9DHE7,-0.795450772140616,1.3290565864911588,-0.031085509650236473,-0.16957677944084176,-0.4510141742611891,0.33050339696607894,-0.2454861704003796,0.6865878763342304,0.45218211770789374,157067,7jVv8c5Fj3E9VhNjxT4snq,87,2218983,https://i.scdn.co/image/12d5ab979779aa41e697ce823328d527e643e4cf,True,False,False,False,False,False,True,False,False,False,False,False,False,True,False
global,17.0,2ksOAxtIxY8yElEWw8RhgK,486837636,China,Anuel AA,https://open.spotify.com/track/2ksOAxtIxY8yElEWw8RhgK,-0.6736137274997643,0.7169169148371486,1.0661736400889261,-0.16621486964105148,-0.6775633251118105,0.9997050204863686,-0.366619149010325,0.5504333897335466,-0.5572130916651648,301714,2R21vXR83lH98kGeO99Y66,96,9911627,https://i.scdn.co/image/8eebdbd3738acd6a69228ed3240a06e4e53ca651,True,False,False,False,False,False,False,True,False,False,False,False,False,True,False
global,18.0,2TH65lNHgvLxCKXM3apjxI,478232047,Callaita,Bad Bunny,https://open.spotify.com/track/2TH65lNHgvLxCKXM3apjxI,1.3326103238706812,-0.45413289180530636,-0.002057489815867073,-0.16955211768037273,0.5051997741342905,0.6139596282418959,1.5715085087488023,-1.1061128639081033,1.7582055575003137,250534,4q3ewBCX7sLwd24euuV69X,98,17863391,https://i.scdn.co/image/22590f4021a00d1cad0821cc46a54395960342ee,True,False,True,False,False,False,False,False,False,False,False,False,False,True,False
global,19.0,2JvzF1RMd7lE3KmFlsyZD8,471425764,MIDDLE CHILD,J. Cole,https://open.spotify.com/track/2JvzF1RMd7lE3KmFlsyZD8,-0.42293303501187784,1.0562552110801322,-1.5115145212030745,-0.16957677944084176,0.7111535476348555,-1.8856416996541268,1.2818426903337157,-0.11218511172311313,0.0597697220346181,213594,6l3HvQ5sa6mXTsMTB19rO5,91,10036739,https://i.scdn.co/image/1e9eeefb2c94579150fc37916e8319b975ec8a52,True,False,False,False,False,False,False,False,True,False,False,False,False,True,False
global,20.0,1rqqCSm0Qe4I9rUvWncaom,470921270,High Hopes,Panic! At The Disco,https://open.spotify.com/track/1rqqCSm0Qe4I9rUvWncaom,-0.25166051219406715,-0.6603973463843753,1.623511620908818,-0.16957677944084176,-0.8114332778871776,1.350153448734615,-0.5983518037423946,0.8772041575751874,-1.3062042554396602,190947,20JZFwl6HVl6yg8a4H3ZqK,88,8777959,https://i.scdn.co/image/58518a04cdd1f20a24cf0545838f3a7b775f8080,True,False,False,False,False,True,False,False,False,False,False,False,False,True,False
global,21.0,2xLMifQCjDGFmkHkpNLD9h,458994547,SICKO MODE,Travis Scott,https://open.spotify.com/track/2xLMifQCjDGFmkHkpNLD9h,-0.9829552590527509,1.0362941348305448,0.6133365306727635,-0.16957677944084176,-0.37010376324311006,0.9953829432623408,0.807844078381755,-0.18933932079683388,1.0694903957816286,312820,0Y5tJX1MQlPlqiwlOH1tJY,98,7626718,https://i.scdn.co/image/fec51156ed94b7ee30fbd4c7fd29b4a840e7daec,True,False,False,False,False,False,False,False,True,False,False,False,False,True,False
global,22.0,3e9HZxeyfWwjeyPAMmWSSQ,457296092,"thank u, next",Ariana Grande,https://open.spotify.com/track/3e9HZxeyfWwjeyPAMmWSSQ,-0.1115284480704039,0.2578121610966404,0.16630502522347546,-0.16957677944084176,-0.5392800771900026,0.3038505874179078,-0.5632407954496568,-0.34364773894427536,-0.49410554955597685,207320,66CXWjxzNUsdJxJ2JdwvnR,97,40958727,https://i.scdn.co/image/b1dfbe843b0b9f54ab2e588f33e7637d2dab065a,True,True,False,False,False,False,False,False,False,False,False,False,False,True,False
global,23.0,0hVXuCcriWRGvwMV1r5Yn9,453524592,I Don't Care (with Justin Bieber),Ed Sheeran,https://open.spotify.com/track/0hVXuCcriWRGvwMV1r5Yn9,-0.6479228490770927,0.7967612198354979,0.2940283124947008,-0.16957677944084176,-0.6246037833545224,0.517433236905277,-0.7528402402304409,1.6078999023321887,-0.6571632009056582,219947,6eUKZXaKkcviH0Ku9w2n3V,98,57463755,https://i.scdn.co/image/f55cab0739390cf3b2c2f773b9c779b2f0ae8a99,True,False,False,False,False,False,True,False,False,False,False,False,False,True,False
global,24.0,4kV4N9D1iKVxx1KLvtTpjS,437732762,"break up with your girlfriend, i'm bored",Ariana Grande,https://open.spotify.com/track/4kV4N9D1iKVxx1KLvtTpjS,-0.8390474143124224,0.3176953898454023,-0.40844976749703804,-0.16957677944084176,-0.5025026176363303,0.4277501345067022,-0.3358970167541794,-0.6931109212193629,1.5573940387722622,190440,66CXWjxzNUsdJxJ2JdwvnR,97,40958727,https://i.scdn.co/image/b1dfbe843b0b9f54ab2e588f33e7637d2dab065a,False,False,False,False,False,True,False,False,False,False,False,False,False,True,False
global,25.0,7FGq80cy8juXBCD2nrqdWU,437445791,Eastside (with Halsey & Khalid),benny blanco,https://open.spotify.com/track/7FGq80cy8juXBCD2nrqdWU,1.134089899695492,-0.3077516659749994,0.3578899561303135,-0.16957677944084176,0.18891362197270886,-0.42766098274878117,0.9921768719186284,-0.7203418185394996,-1.0479482747091766,170770,5CiGnKThu5ctn9pBxv7DGa,83,458671,https://i.scdn.co/image/6397158bae9bf66c29bb425edba14961dbf14a20,False,False,False,False,False,False,True,False,False,False,False,False,False,True,False
global,26.0,21jGcNKet2qwijlDFuPiPb,428712946,Circles,Post Malone,https://open.spotify.com/track/21jGcNKet2qwijlDFuPiPb,-0.2555530695308356,0.11143093526633341,0.7991158576127277,-0.14119248908967122,-0.6474058082777991,1.073540506396842,-0.7940956749744078,0.29627834807893766,-0.06852833417704728,215280,246dkjvS1zLTtiykXe5h60,100,21335421,https://i.scdn.co/image/93fec27f9aac86526b9010e882037afbda4e3d5f,True,False,False,False,False,False,False,False,False,False,False,False,False,True,False
global,27.0,5qmq61DAAOUaW8AUo8xKhh,428395771,Truth Hurts,Lizzo,https://open.spotify.com/track/5qmq61DAAOUaW8AUo8xKhh,-0.5747427711458464,0.24450477693024883,-0.002057489815867073,-0.16957677944084176,-0.37745925515384454,1.235978575399883,-0.14015314552216607,-0.34364773894427536,1.1697008765212826,173325,56oDRnqbIiwx4mymNEv7dS,88,1838446,https://i.scdn.co/image/e33e4245fe5901ed940ba95070bb8d56679b6fe0,True,False,False,False,True,False,False,False,False,False,False,False,False,True,False
global,28.0,2IRZnDFmlqMuOrYOLnZZyc,424959272,Going Bad (feat. Drake),Meek Mill,https://open.spotify.com/track/2IRZnDFmlqMuOrYOLnZZyc,0.005248272032648823,1.4022471994063122,-0.745174797575723,-0.16957677944084176,0.5713992013309006,0.04056404985422017,-0.3464303192420008,0.2554320020987325,-1.1763765166704228,180522,20sxb77xiYeusSH8cVdatc,88,3826161,https://i.scdn.co/image/2c9ec5abeb91b41b6fac18ec974c7a2b85319c5d,False,False,False,False,True,False,False,False,False,False,False,False,False,True,False
global,29.0,5WHTFyqSii0lmT9R21abT8,415230966,Don't Call Me Up,Mabel,https://open.spotify.com/track/5WHTFyqSii0lmT9R21abT8,0.14927289349308043,-0.02829659848077704,1.4899827296707187,-0.16954176439413807,-0.6988942516529404,1.3054919840863286,0.1495126728929208,-1.1514976927749978,-0.7535657484700807,178480,1MIVXf74SZHmTIp4V4paH4,82,554723,https://i.scdn.co/image/f6cdfc9316e797af4b4039244bf59796c9f2977f,True,False,False,False,False,False,False,False,False,True,False,False,False,True,False
global,30.0,285pBltuF7vW8TeWk8hdRR,413902280,Lucid Dreams,Juice WRLD,https://open.spotify.com/track/285pBltuF7vW8TeWk8hdRR,0.35557843234180686,0.11143093526633341,-0.3387825198945521,-0.16957677944084176,1.2186824894755333,-0.270985683377777,0.6147335327716971,-1.224113418962029,-1.2447240352002291,239836,4MCBfE4596Uoi2O4DtmEMz,98,7403812,https://i.scdn.co/image/d8e62447a338a882b490460da20e90aac6d60ae7,True,False,False,False,False,False,True,False,False,False,False,False,False,True,False
global,31.0,0uUNN1nSoUx1A4fkDCWDQ7,407647986,So Am I,Ava Max,https://open.spotify.com/track/0uUNN1nSoUx1A4fkDCWDQ7,-0.7160426024705402,0.02493293818478913,0.1837218371240971,-0.16957677944084176,1.3143038843150807,0.6510574577481336,-0.7589846666816701,0.5413564239601677,0.25846572233198467,183027,4npEfmQ6YuiwW1GpUmaq3F,87,1025358,https://i.scdn.co/image/4b914c6470c8458674538afe1b90b8ce4e777e96,True,False,False,False,False,False,True,False,False,False,False,False,False,True,False
global,32.0,7dt6x5M1jzdTEt8oCbisTK,405953336,Better Now,Post Malone,https://open.spotify.com/track/7dt6x5M1jzdTEt8oCbisTK,0.2855124002799754,0.011625554018397587,-0.26911527229206555,-0.16957677944084176,-0.28919335222503095,0.24262116007751539,-0.7897067989378156,-0.6658800238992262,0.7450024149520229,231267,246dkjvS1zLTtiykXe5h60,100,21335421,https://i.scdn.co/image/93fec27f9aac86526b9010e882037afbda4e3d5f,True,False,False,False,False,False,False,False,False,False,True,False,False,True,False
global,33.0,6b2RcmUt1g9N9mQ3CbjX2Y,399479470,How Do You Sleep?,Sam Smith,https://open.spotify.com/track/6b2RcmUt1g9N9mQ3CbjX2Y,-0.40736280566480415,-1.3390739388703432,0.334667540262818,-0.16957677944084176,-0.7209607273851437,0.557052278125531,-0.3288748150956319,-0.6477260923524687,-0.3769058284960561,202205,2wY79sveU1sp5g7SokKOiI,92,11220622,https://i.scdn.co/image/871eeb6c9b0f60dfe982380d1357a7beb85fb3fd,False,True,False,False,False,False,False,False,False,False,False,False,False,False,True
global,34.0,0e7ipj03S05BNilyu5bRzt,395449434,rockstar (feat. 21 Savage),Post Malone,https://open.spotify.com/track/0e7ipj03S05BNilyu5bRzt,-0.5202469684310884,-0.6204751938852007,-0.6058403023707499,-0.1687613127385397,-0.3186153198679688,0.12304369021274891,-0.5158409342544608,-1.62803839587739,1.2254854702165627,218147,246dkjvS1zLTtiykXe5h60,100,21335421,https://i.scdn.co/image/93fec27f9aac86526b9010e882037afbda4e3d5f,False,False,False,False,False,True,False,False,False,False,False,False,False,True,False
global,35.0,51Fjme0JiitpyXKuyQiCDo,394840154,Lalala,Y2K,https://open.spotify.com/track/51Fjme0JiitpyXKuyQiCDo,-0.2983712002352883,1.0961773635793068,-1.3547632140974797,-0.16957677944084176,-0.27448236840356205,-0.5119414886173214,-0.39909683168110743,0.03758482353763866,0.2546577891567529,160627,6USMTwO0MNDnKte5a5h0xx,81,134196,https://i.scdn.co/image/10df130e3c229399bcecc55ce0eda289b60e0047,True,False,True,False,False,False,False,False,False,False,False,False,False,True,False
global,36.0,7fa9MBXhVfQ8P8Df9OEbD8,391247076,Girls Like You (feat. Cardi B),Maroon 5,https://open.spotify.com/track/7fa9MBXhVfQ8P8Df9OEbD8,1.2080484890940917,1.149406900244873,-0.48392261906639844,-0.16957677944084176,-0.3259708117787033,-0.12511557706684184,-0.6975404021693788,-0.18026235502345497,0.09150249849488575,235545,04gDigrS5kc9YWfZHwBETP,94,21668307,https://i.scdn.co/image/608c7b23420c9556a7eabd9097f7e171a91d3871,True,False,False,False,False,False,False,False,False,False,False,False,False,True,False
global,37.0,6TqXcAFInzjp0bODyvrWEq,391135051,Talk (feat. Disclosure),Khalid,https://open.spotify.com/track/6TqXcAFInzjp0bODyvrWEq,-0.8044036540151834,1.4820915044046614,-1.302512778395615,-0.16957677944084176,-0.8415907947211888,-0.7554185055708819,-0.03482012064395264,-0.6431876094657792,0.4503269707763708,197573,6LuN9FCkKOj5PcnpouEgny,96,10092177,https://i.scdn.co/image/e52c824585bfeef4d674b509437120805300f557,True,False,False,False,False,False,False,False,False,False,False,False,False,True,False
global,38.0,116H0KvKr2Zl4RPuVBruDO,385397401,MIA (feat. Drake),Bad Bunny,https://open.spotify.com/track/116H0KvKr2Zl4RPuVBruDO,-0.9480390197419383,0.9231813694162168,-0.4955338270001462,-0.16380685812355464,-0.5539910610114716,0.04632681948625712,-0.5957184781204392,-1.496422392163396,-0.816445465517503,210368,4q3ewBCX7sLwd24euuV69X,98,17863391,https://i.scdn.co/image/22590f4021a00d1cad0821cc46a54395960342ee,False,False,False,False,False,False,True,False,False,False,False,False,False,True,False
global,39.0,1DFD5Fotzgn6yYXkYsKiGs,383102280,Piece Of Your Heart,MEDUZA,https://open.spotify.com/track/1DFD5Fotzgn6yYXkYsKiGs,-0.8456647617849287,-0.008335522231189727,0.6946149862089979,-0.1677155144997814,-0.737878358779833,-0.11827228812879793,-0.8818731957062524,0.6502800132407147,0.06289418002455223,152913,0xRXCcSX89eobfrshSVdyu,85,152909,https://i.scdn.co/image/f1dc8347ce1fd49e13f3e799175290a36e02b52d,False,False,False,False,False,False,False,False,False,False,True,False,False,True,False
global,40.0,43zdsphuZLzwA9k4DJhU0I,383052345,when the party's over,Billie Eilish,https://open.spotify.com/track/43zdsphuZLzwA9k4DJhU0I,2.8039969971691456,-2.070980068021877,-2.980332324822165,-0.16911495307734115,-0.622397135781302,-2.739612124501601,-0.28761938035166495,-1.314883076695818,-1.2857650927555087,196077,6qqNVTkY8uBg9cP3Jd7DAH,98,18867904,https://i.scdn.co/image/2622edec99d68d1d141886be593c88cbe509f6d8,True,False,False,False,True,False,False,False,False,False,False,False,False,True,False
global,41.0,1Ej96GIBCTvgH7tNX1r3qr,379255058,Otro Trago,Sech,https://open.spotify.com/track/1Ej96GIBCTvgH7tNX1r3qr,-0.47353628038986734,0.4574229235925135,0.43916841166654713,-0.16763408415861,-0.4730806499933925,0.651417630850136,1.8523965750907052,0.6003567014871306,1.753876881326759,225933,77ziqFxp5gaInVrF2lj4ht,95,2397904,https://i.scdn.co/image/f99f48ccef2f7b3b247ba07e267c17da84978b0b,True,False,False,False,False,False,False,False,False,False,False,False,False,True,False
global,42.0,2qxmye6gAegTMjLKEBoR3d,375966129,Let Me Down Slowly,Alec Benjamin,https://open.spotify.com/track/2qxmye6gAegTMjLKEBoR3d,1.8775683510182606,-0.174677824311084,-0.3910329555964164,-0.16957677944084176,-0.37010376324311006,0.2750367392577231,-0.8616843659379282,-0.021415453989324266,0.908873727236583,169354,5IH6FPUwQTxPSXurCrcIov,84,1106781,https://i.scdn.co/image/94a3fa344317cdd3e44d985a4ef64eab41b4a28b,False,True,False,False,False,False,False,False,False,False,False,False,False,True,False
global,43.0,4R8BJggjosTswLxtkw8V7P,373850485,No Me Conoce - Remix,Jhay Cortez,https://open.spotify.com/track/4R8BJggjosTswLxtkw8V7P,-0.4385032643589516,0.11143093526633341,0.9384503528177008,-0.16957677944084176,-0.594446266520511,0.9532426903280707,-0.4903854532422258,0.41881738601955243,-0.982074285421401,309120,0EFisYRi20PTADoJrifHrz,84,508260,https://i.scdn.co/image/98ffe4a8339829e550701e4b18e5856cb7b50e7d,False,False,False,False,False,False,False,False,False,False,True,False,False,True,False
global,44.0,2b8fOow8UzyDFAE27YhOZM,370084251,Memories,Maroon 5,https://open.spotify.com/track/2b8fOow8UzyDFAE27YhOZM,2.2551464126847978,0.5705356890068416,-1.7669610957455248,-0.16957677944084176,-0.6775633251118105,-0.26342204823572823,-0.6615516186693225,0.39612497158610516,-1.0131235866963701,189486,04gDigrS5kc9YWfZHwBETP,94,21668307,https://i.scdn.co/image/608c7b23420c9556a7eabd9097f7e171a91d3871,True,False,False,False,False,False,False,False,False,False,False,True,False,True,False
global,45.0,3HVWdVOQ0ZA45FuZGSfvns,364821796,I Don't Care (with Justin Bieber),Ed Sheeran,https://open.spotify.com/track/3HVWdVOQ0ZA45FuZGSfvns,-0.6479228490770927,0.7967612198354979,0.2940283124947008,-0.16957677944084176,-0.6246037833545224,0.517433236905277,-0.7528402402304409,1.6078999023321887,-0.6571632009056582,219947,6eUKZXaKkcviH0Ku9w2n3V,98,57463755,https://i.scdn.co/image/f55cab0739390cf3b2c2f773b9c779b2f0ae8a99,True,False,False,False,False,False,True,False,False,False,False,False,False,True,False
global,46.0,2qG5sZ7Si6sdK74qLxedYM,363263081,Con Altura,ROSALÍA,https://open.spotify.com/track/2qG5sZ7Si6sdK74qLxedYM,0.5151732831493124,1.3556713548239419,0.3753067680309345,-0.13176983532555311,-0.9136746154463865,0.8826487623356181,-0.05237562479032156,1.1722055452100015,-0.7871211254244764,161627,7ltDVBr6mKbRvohxheJ9h1,87,2299313,https://i.scdn.co/image/e2152c9a03746ee862b41359038278e9da167d27,True,False,False,False,False,False,True,False,False,False,False,False,False,True,False
global,47.0,4SSnFejRGlZikf02HLewEF,361738496,bury a friend,Billie Eilish,https://open.spotify.com/track/4SSnFejRGlZikf02HLewEF,1.8775683510182606,1.5087062727374445,-1.3663744220312275,1.7149539733827772,-0.5025026176363303,-2.891245000444573,1.773396806432045,-1.3239600424691969,-0.06839814842746654,193143,6qqNVTkY8uBg9cP3Jd7DAH,98,18867904,https://i.scdn.co/image/2622edec99d68d1d141886be593c88cbe509f6d8,True,False,False,False,False,False,False,False,True,False,False,False,False,True,False
global,48.0,5ry2OE6R2zPQFDO85XkgRb,361263328,Money In The Grave (Drake ft. Rick Ross),Drake,https://open.spotify.com/track/5ry2OE6R2zPQFDO85XkgRb,-0.6097757871767622,1.0163330585809576,-0.7103411737744798,-0.16957677944084176,-0.384814747064579,0.8761656464995766,-0.737040286498709,-1.7551159167046948,-0.70321640981979,205427,3TVXtAsR1Inumwj472S9r4,99,43763483,https://i.scdn.co/image/012ecd119617ac24ab56620ace4b81735b172686,False,False,False,False,False,False,False,False,False,False,True,False,False,True,False
global,49.0,3ee8Jmje8o58CHK66QrVC2,360048630,SAD!,XXXTENTACION,https://open.spotify.com/track/3ee8Jmje8o58CHK66QrVC2,0.0013557146958803952,0.4108470790101431,-0.06591913345147975,-0.1263023695611883,-0.37745925515384454,0.5754211063276488,0.1319571687465519,-0.06680028285621882,-1.533736399269126,166606,15UsOTVnJzReFVN1VCnxy4,95,17294420,https://i.scdn.co/image/942afa81f0a2298ead0c154fb7b4b606de48d9e6,True,False,False,False,False,False,False,False,True,False,False,False,False,True,False
global,50.0,7COXchtUOMd6uIT6HvmRaI,359061581,i'm so tired...,Lauv,https://open.spotify.com/track/7COXchtUOMd6uIT6HvmRaI,-0.31783398691913045,-0.5273235047204599,0.6307533425733852,-0.16957677944084176,0.497844282223556,-0.20903590983337966,0.6410667889912505,0.21004717323183797,-0.648863859369896,162583,5JZ7CnR6gTvEMKX4g70Amv,91,2139634,https://i.scdn.co/image/d763de4ee1f230d55719b5fcccd76984fcc2d290,True,False,False,False,False,False,False,False,False,False,False,True,False,True,False
global,51.0,5W83ErFkO3aKAIS1WMi6u0,358927858,Secreto,Anuel AA,https://open.spotify.com/track/5W83ErFkO3aKAIS1WMi6u0,1.340395438544218,0.8566444485842598,1.0371456202545568,-0.0703480922705611,-0.2818378603142965,0.8361864321773205,-0.03482012064395264,0.9906662297424234,-0.9816186352978691,258800,2R21vXR83lH98kGeO99Y66,96,9911627,https://i.scdn.co/image/8eebdbd3738acd6a69228ed3240a06e4e53ca651,True,False,False,False,False,False,False,False,False,False,False,True,False,True,False
global,52.0,4w8niZpiMy6qz1mntFA5uM,353713290,"Taki Taki (with Selena Gomez, Ozuna & Cardi B)",DJ Snake,https://open.spotify.com/track/4w8niZpiMy6qz1mntFA5uM,-0.39179257631773046,1.089523671496111,1.025534412320809,-0.1695207088344923,-0.8099621795050308,0.832224528055295,0.8605105908208617,0.5867412528270622,-0.8548828080811702,212500,540vIaP2JwjQb9dm3aArA4,88,6393532,https://i.scdn.co/image/4c684a7c0a70d1f506595739c14f8a76ebef6687,False,False,False,False,False,False,False,False,True,False,False,False,False,True,False
global,53.0,7qiZfU4dY1lWllzX7mPBI3,353578651,Shape of You,Ed Sheeran,https://open.spotify.com/track/7qiZfU4dY1lWllzX7mPBI3,1.2586517344720811,0.9764109060817829,0.16049942125660158,-0.16957677944084176,-0.5973884632848049,1.1866348604255668,-0.43684116559580066,2.01182487924755,-0.8517583500912361,233713,6eUKZXaKkcviH0Ku9w2n3V,98,57463755,https://i.scdn.co/image/f55cab0739390cf3b2c2f773b9c779b2f0ae8a99,False,True,False,False,False,False,False,False,False,False,False,False,False,True,False
global,54.0,6zeeWid2sgw4lap2jV61PZ,353040764,Better,Khalid,https://open.spotify.com/track/6zeeWid2sgw4lap2jV61PZ,-0.7051434419275885,-0.5472845809700472,-0.4200609754307858,3.7158137850226693,-0.5172136014577993,-1.3687932982808142,-0.2893749307663018,-1.7051926049511108,-0.7875767755480084,229320,6LuN9FCkKOj5PcnpouEgny,96,10092177,https://i.scdn.co/image/e52c824585bfeef4d674b509437120805300f557,False,False,False,False,False,False,False,False,False,False,False,False,False,True,False
global,55.0,0fea68AdmYNygeTGI4RC18,350601983,LA CANCIÓN,J Balvin,https://open.spotify.com/track/0fea68AdmYNygeTGI4RC18,-0.41125536300157256,0.5039987681748839,0.12566579745535827,-0.16936157068203167,-0.4877916338148614,0.24586271799553627,1.641730525334278,-0.26649352987055464,1.7556018425087014,242573,1vyhD5VmyZ7KMfW5gqLgo5,99,17106207,https://i.scdn.co/image/84a8ce44cf41f5991178c3d7d8060d2e65624d1f,True,False,False,False,False,False,False,True,False,False,False,False,False,True,False
global,56.0,53CJANUxooaqGOtdsBTh7O,350047280,Old Town Road,Lil Nas X,https://open.spotify.com/track/53CJANUxooaqGOtdsBTh7O,-0.8624027583330329,1.528667348987032,-0.6232571142713715,-0.16955665451366655,-0.5841485778454828,0.1493363266589176,-0.008486864424399252,-0.07587724862959773,0.4514660960852008,113013,7jVv8c5Fj3E9VhNjxT4snq,87,2218983,https://i.scdn.co/image/12d5ab979779aa41e697ce823328d527e643e4cf,True,True,False,False,False,False,False,False,False,False,False,False,False,True,False
global,57.0,1wJRveJZLSb1rjhnUHQiv6,346465962,Swervin (feat. 6ix9ine),A Boogie Wit da Hoodie,https://open.spotify.com/track/1wJRveJZLSb1rjhnUHQiv6,-0.9433679509378161,-0.6470899622179838,0.21855546092534037,-0.16957677944084176,-0.465725158082658,0.44611896270881995,1.5188419963096955,-0.24380111543710734,-0.9479005261564978,189487,31W5EY0aAly4Qieq6OFu6I,91,3899600,https://i.scdn.co/image/b7d26110180d7fb07097570d96991be33436a56a,True,False,False,False,False,False,False,False,False,True,False,False,False,True,False
global,58.0,0pqnGHJpmpxLKifKRmU6WP,343080186,Believer,Imagine Dragons,https://open.spotify.com/track/0pqnGHJpmpxLKifKRmU6WP,-0.7608070118433771,0.6503799940051909,0.9036167290164575,-0.16957677944084176,-0.6863899154046917,0.7576686959408171,-0.017264616497583714,0.8091269142748456,0.09117703412093411,204347,53XhwfbYqKCa1cC15pYq2q,92,24617484,https://i.scdn.co/image/01b36ca0f45f2f15117022a2754287a6ca1acdcc,False,False,False,False,False,False,False,False,False,False,True,False,False,True,False
global,59.0,2iUXsYOEPhVqEBwsqP70rE,334669623,Youngblood,5 Seconds of Summer,https://open.spotify.com/track/2iUXsYOEPhVqEBwsqP70rE,-0.9371398591989867,0.11143093526633341,1.333231422565124,-0.16957677944084176,-0.37010376324311006,0.49114060045910857,2.9232823280192086,-1.5236532894835326,-0.060977560701373425,203418,5Rl15oVamLq7FbSb0NNBNy,87,5627772,https://i.scdn.co/image/81f45e1c43d961f38e0885e79db547b86d25d101,False,False,False,False,False,False,False,True,False,False,False,False,False,True,False
global,60.0,4y3OI86AEP6PQoDE6olYhO,315164968,Sucker,Jonas Brothers,https://open.spotify.com/track/4y3OI86AEP6PQoDE6olYhO,-0.8367118799103612,1.089523671496111,0.636558946540259,-0.16957677944084176,-0.5025026176363303,0.5087890824572215,-0.624685059961948,2.1071330198680283,0.5145736381943887,181040,7gOdHgIoIKoe4i9Tta6qdD,87,3492262,https://i.scdn.co/image/a6607686d8bb0913324c84360ee921e94c5aadf3,False,True,False,False,False,False,False,False,False,False,False,False,False,True,False
global,61.0,0JP9xo3adEtGSdUEISiszL,314664397,Moonlight,XXXTENTACION,https://open.spotify.com/track/0JP9xo3adEtGSdUEISiszL,1.161337801052871,1.6151653460685769,-0.507145034933894,-0.12257983967906756,-0.5319245852792682,0.27179518133970254,-0.43508561518116373,1.0133586441758706,0.19076913255008054,135090,15UsOTVnJzReFVN1VCnxy4,95,17294420,https://i.scdn.co/image/942afa81f0a2298ead0c154fb7b4b606de48d9e6,False,False,False,False,False,False,False,False,False,True,False,False,False,True,False
global,62.0,0tgVpDi06FyKpA1z0VMD4v,310304897,Perfect,Ed Sheeran,https://open.spotify.com/track/0tgVpDi06FyKpA1z0VMD4v,-0.3684372322971199,-0.5273235047204599,-1.023843787985669,-0.16957677944084176,-0.5025026176363303,0.059653224260342516,-0.9371730337673145,-1.4510375632965014,-0.8819288975565367,263400,6eUKZXaKkcviH0Ku9w2n3V,98,57463755,https://i.scdn.co/image/f55cab0739390cf3b2c2f773b9c779b2f0ae8a99,True,False,False,False,False,False,False,False,True,False,False,False,True,False,False
global,63.0,3eekarcy7kvN4yt5ZFzltW,309682412,HIGHEST IN THE ROOM,Travis Scott,https://open.spotify.com/track/3eekarcy7kvN4yt5ZFzltW,-0.7903904476028171,-0.5339771968036556,-1.1457614712900204,-0.16950895959955187,0.2624685410800533,-0.8234912218493182,-0.8625621411452465,-1.9389244736156175,-1.486674250795745,175721,0Y5tJX1MQlPlqiwlOH1tJY,98,7626718,https://i.scdn.co/image/fec51156ed94b7ee30fbd4c7fd29b4a840e7daec,False,False,False,False,False,False,False,True,False,False,False,False,False,True,False
global,64.0,2YpeDb67231RjR0MgVLzsG,307243369,Old Town Road - Remix,Lil Nas X,https://open.spotify.com/track/2YpeDb67231RjR0MgVLzsG,-0.795450772140616,1.3290565864911588,-0.031085509650236473,-0.16957677944084176,-0.4510141742611891,0.33050339696607894,-0.2454861704003796,0.6865878763342304,0.45218211770789374,157067,7jVv8c5Fj3E9VhNjxT4snq,87,2218983,https://i.scdn.co/image/12d5ab979779aa41e697ce823328d527e643e4cf,True,False,False,False,False,False,True,False,False,False,False,False,False,True,False
global,65.0,0TK2YIli7K1leLovkQiNik,307203347,Señorita,Shawn Mendes,https://open.spotify.com/track/0TK2YIli7K1leLovkQiNik,-0.8588994567299413,0.5372672285908627,-0.48972822303327235,-0.16957677944084176,-0.5870907746097767,0.15798048110697302,-0.8888953973647999,1.1903594767567593,-0.16925955791502417,190960,7n2wHs1TKAczGzO7Dd2rGr,94,23152263,https://i.scdn.co/image/6bd59cfbd3e1e6394af710bddcd62999aae31c6f,False,False,False,False,False,False,False,False,False,True,False,False,False,True,False
global,66.0,4u7EnebtmKWzUH433cf5Qv,305423901,Bohemian Rhapsody - 2011 Mix,Queen,https://open.spotify.com/track/4u7EnebtmKWzUH433cf5Qv,0.05195896007386995,-1.7582565401116763,-1.2792903625281193,-0.16957677944084176,0.9244628130461546,-1.2427327125800063,-0.7028070534132895,-1.1968825216418923,-1.661253340983308,354320,1dfeR4HaWDbWqFHLkxsg1d,93,22898929,https://i.scdn.co/image/b040846ceba13c3e9c125d68389491094e7f2982,False,False,False,False,False,False,False,False,False,False,False,False,False,True,False
global,67.0,7uH27oIt4a6cIFCA8ZPcyG,301330276,Baila Baila Baila,Ozuna,https://open.spotify.com/track/7uH27oIt4a6cIFCA8ZPcyG,-0.8624027583330329,0.916527677333021,0.7526710258777367,-0.16957677944084176,0.3139569844551946,1.3425898135925665,-0.16648640174171944,0.20550869034514851,-0.721930611321999,158400,1i8SpTcr7yvPOmcqrbnVXY,98,21123358,https://i.scdn.co/image/f9ede0c1b199df8dfc4a29b784342e9af2e15a2c,False,False,False,False,False,False,False,False,False,False,False,True,False,True,False
global,68.0,6osaMSJh9NguagEDQcZaKx,296598553,Loco Contigo (feat. J. Balvin & Tyga),DJ Snake,https://open.spotify.com/track/6osaMSJh9NguagEDQcZaKx,0.07920686143124894,0.10477724318313764,0.7758934417452322,-0.16956119134696038,-0.5319245852792682,1.2575889615200215,0.7727330700890171,-0.5297255372985428,2.2764099337058283,185195,540vIaP2JwjQb9dm3aArA4,88,6393532,https://i.scdn.co/image/4c684a7c0a70d1f506595739c14f8a76ebef6687,True,False,False,False,False,False,False,False,False,False,False,True,False,True,False
global,69.0,1c0hsvHLELX6y8qymnpLKL,290429693,Soltera - Remix,Lunay,https://open.spotify.com/track/1c0hsvHLELX6y8qymnpLKL,0.402289120383028,0.7768001435859105,0.9210335409170792,-0.16957677944084176,1.9321652048167757,0.7947665254470548,-0.7616179923036254,1.417283621091232,-0.9806747886134095,266087,47MpMsUfWtgyIIBEFOr4FE,88,1349511,https://i.scdn.co/image/d54ff5abb7307dfc1f113ad2c4d65098bf7e74a6,True,False,False,False,False,True,False,False,False,False,False,False,False,True,False
global,70.0,2BgEsaKNfHUdlh97KmvFyo,290392031,2002,Anne-Marie,https://open.spotify.com/track/2BgEsaKNfHUdlh97KmvFyo,-0.8581209452625876,0.12473831943272495,0.3404731442296918,-0.16957677944084176,-0.27448236840356205,1.295407137230264,-0.11381988930261266,0.5232024924134099,-0.8466811058575936,186987,1zNqDE7qDGCsyzJwohVaoX,86,5194708,https://i.scdn.co/image/0668ad650a90a91a6784f46e6f17c5d77b97c48b,False,True,False,False,False,False,False,False,False,False,False,False,False,True,False
global,71.0,2P91MQbaiQOfbiz9VqhqKQ,288231385,I Like Me Better,Lauv,https://open.spotify.com/track/2P91MQbaiQOfbiz9VqhqKQ,1.0795940969807338,0.4906913840084924,-0.6929243618738581,-0.16954711553084362,-0.5172136014577993,-0.4118133662606797,1.079954392650473,-0.3118783587374492,-0.9821719247335864,197437,5JZ7CnR6gTvEMKX4g70Amv,91,2139634,https://i.scdn.co/image/d763de4ee1f230d55719b5fcccd76984fcc2d290,True,False,False,False,False,False,False,False,False,True,False,False,False,True,False
global,72.0,5T8EDUDqKcs6OSOwEsfqG7,287730019,Don't Stop Me Now - 2011 Mix,Queen,https://open.spotify.com/track/5T8EDUDqKcs6OSOwEsfqG7,-0.8180276046938729,-0.79347118804829,1.4145098781013583,-0.16752938800567535,4.425676962555757,0.4327925579347346,0.35140097057616343,0.5504333897335466,1.1113776607091808,209413,1dfeR4HaWDbWqFHLkxsg1d,93,22898929,https://i.scdn.co/image/b040846ceba13c3e9c125d68389491094e7f2982,True,False,False,False,False,True,False,False,False,False,False,False,False,True,False
global,73.0,6v0lAdFF4haL8xjBIUjtOw,286923182,Te Robaré,Nicky Jam,https://open.spotify.com/track/6v0lAdFF4haL8xjBIUjtOw,-0.06481776002918287,0.11143093526633341,0.7410598179439889,-0.1690521353855804,-0.6841832678314714,1.0465275237466687,-0.648384990559546,1.4036681724311637,1.7526075702683486,201818,1SupJlEpv7RS2tPNRaHViT,94,10569805,https://i.scdn.co/image/e2cc83fdb16667b0cc6c011da4747adedc759185,False,False,True,False,False,False,False,False,False,False,False,False,False,True,False
global,74.0,22vgEDb5hykfaTwLuskFGD,283806127,Sucker,Jonas Brothers,https://open.spotify.com/track/22vgEDb5hykfaTwLuskFGD,-0.8367118799103612,1.089523671496111,0.636558946540259,-0.16957677944084176,-0.5025026176363303,0.5087890824572215,-0.624685059961948,2.1071330198680283,0.5145736381943887,181027,7gOdHgIoIKoe4i9Tta6qdD,87,3492262,https://i.scdn.co/image/a6607686d8bb0913324c84360ee921e94c5aadf3,False,True,False,False,False,False,False,False,False,False,False,False,False,True,False
global,75.0,7KbF6AdprOXEEHlsq11Z6d,282065182,11 PM,Maluma,https://open.spotify.com/track/7KbF6AdprOXEEHlsq11Z6d,-0.15823913611162502,0.6570336860883866,0.5088356592690337,-0.16957677944084176,-0.6128349962973473,0.5898280304077411,1.2906204424069,0.872665674688498,-0.8610340847488531,175733,1r4hJ1h58CWwUQe3MxPuau,92,18201306,https://i.scdn.co/image/d12586e8e67dffd2ea281d6eeefbe4b06b06b69a,True,False,False,False,False,False,False,False,False,False,True,False,False,True,False
global,76.0,5uCax9HTNlzGybIStD3vDh,281985613,Say You Won't Let Go,James Arthur,https://open.spotify.com/track/5uCax9HTNlzGybIStD3vDh,1.7024032708636814,-2.1308632967706393,-0.3910329555964164,-0.16957677944084176,-0.6187193898259348,-0.3314947645141646,-0.6229295095473111,0.028507857764259747,-1.2076210965697627,211467,4IWBUUAFIplrNtaOHcJPRM,87,5297706,https://i.scdn.co/image/dd8ceb41c23ec3352cfc19df178e7f243d6182e4,True,False,False,False,False,False,False,False,False,False,True,False,False,True,False
global,77.0,6XHVuErjQ4XNm6nDPVCxVX,281633683,No Guidance (feat. Drake),Chris Brown,https://open.spotify.com/track/6XHVuErjQ4XNm6nDPVCxVX,-0.5241395257678568,0.13139201151592073,-0.9890101641844257,-0.16957677944084176,-0.14208351401034186,-0.10026363302868256,0.18462368118565867,-1.5917305327838744,-0.9508622519594558,260640,7bXgB6jMjp9ATFy66eO08Z,93,10352577,https://i.scdn.co/image/e153d6448b17ce97b2a79da70d64b89230c67053,False,True,False,False,False,False,False,False,False,False,False,False,False,True,False
global,78.0,7aiClxsDWFRQ0Kzk5KI5ku,280915497,hot girl bummer,blackbear,https://open.spotify.com/track/7aiClxsDWFRQ0Kzk5KI5ku,-0.5046767390840148,0.6636873781715824,-0.3794217476626686,-0.16957677944084176,1.6526565122088663,-0.22740473803549746,-0.4596633209860802,0.8635887089151191,0.2552110785924703,185093,2cFrymmkijnjDg9SS92EPM,90,2708485,https://i.scdn.co/image/e4ee29a9e1194732e093fc0859f51e281db1eaae,True,False,False,False,False,False,True,False,False,False,False,False,False,False,False
global,79.0,5itOtNx0WxtJmi1TQ3RuRd,278801574,Giant (with Rag'n'Bone Man),Calvin Harris,https://open.spotify.com/track/5itOtNx0WxtJmi1TQ3RuRd,-0.9406431608020782,0.8566444485842598,1.524816353471962,-0.16372542778238325,-0.6856543662136183,0.7803596013669625,-0.8239400320232351,0.5368179410734782,-0.0043142131964242205,229184,7CajNmpbOovFoOoasH2HaY,90,19331795,https://i.scdn.co/image/1fd90cd274102d458ec3a9243ced32e659738133,False,True,False,False,False,False,False,False,False,False,False,False,False,True,False
global,80.0,5vdp5UmvTsnMEMESIF2Ym7,276114065,Another One Bites The Dust - Remastered 2011,Queen,https://open.spotify.com/track/5vdp5UmvTsnMEMESIF2Ym7,-0.5669576564723096,1.6950096510669261,-0.5593954706357589,3.459889855626869,-0.08323957872446613,0.002025527939973062,0.2724012019175033,1.2085134083035172,-0.3964336909331435,214653,1dfeR4HaWDbWqFHLkxsg1d,93,22898929,https://i.scdn.co/image/b040846ceba13c3e9c125d68389491094e7f2982,False,False,False,False,False,True,False,False,False,False,False,False,False,True,False
global,81.0,5icOoE6VgqFKohjWWNp0Ac,272374472,Here With Me,Marshmello,https://open.spotify.com/track/5icOoE6VgqFKohjWWNp0Ac,-0.7604177561097002,0.7501853752531275,-0.344588123861426,-0.16957677944084176,-0.1347280220996074,0.9165050339238352,-0.7554735658523963,-1.3920372857695387,-0.7220933435089746,156347,64KEffDW9EtZ1y2vBYgq8T,90,20341696,https://i.scdn.co/image/eb88f6dde0844337248826abb86c6e0b0ef05973,False,False,False,False,False,True,False,False,False,False,False,False,False,True,False
global,82.0,0u2P5u6lvoDfwTYjAADbn4,270623566,lovely (with Khalid),Billie Eilish,https://open.spotify.com/track/0u2P5u6lvoDfwTYjAADbn4,2.632724474351335,-2.1774391413530094,-1.9062955909504982,-0.16957677944084176,-0.5834130286544094,-1.3079240440424238,-0.8485177378281515,-1.6688847418575952,-0.22338428330315188,200186,6qqNVTkY8uBg9cP3Jd7DAH,98,18867904,https://i.scdn.co/image/2622edec99d68d1d141886be593c88cbe509f6d8,False,False,False,False,True,False,False,False,False,False,False,False,False,True,False
global,83.0,78QR3Wp35dqAhFEc2qAGjE,268726609,Drip Too Hard (Lil Baby & Gunna),Lil Baby,https://open.spotify.com/track/78QR3Wp35dqAhFEc2qAGjE,-0.6712781930977033,1.4554767360718783,0.21855546092534037,-0.16957677944084176,2.645647920158018,-0.15320907902302172,1.4222867235046666,-0.4480328453381326,-0.31363555419989214,145543,5f7VJjfbwm532GiveGC0ZK,93,3258508,https://i.scdn.co/image/063f9f09ac26d99e3294686c105d4d9e2dfec6b2,True,True,False,False,False,False,False,False,False,False,False,False,False,True,False
global,84.0,2gwkD6igEhQbDQegRCcdoB,268148985,Suge,DaBaby,https://open.spotify.com/track/2gwkD6igEhQbDQegRCcdoB,-0.7662565921148529,1.3157492023247672,0.21855546092534037,-0.16957677944084176,-0.3480372875109067,-0.001576203080049949,2.5985055013113834,1.6169768681055676,-1.5200018026883746,163320,4r63FhuTkUYltbVAg5TQnk,95,1799463,https://i.scdn.co/image/f68192e6516d89a77a2b16904725a77b75b42056,False,False,True,False,False,False,False,False,False,False,False,False,False,True,False
global,85.0,0E9ZjEAyAwOXZ7wJC0PD33,267397652,In My Mind,Dynoro,https://open.spotify.com/track/0E9ZjEAyAwOXZ7wJC0PD33,-0.31783398691913045,0.10477724318313764,0.8455606893477188,-0.16944881747614385,-0.4142367147075169,0.4115423449165983,0.16706817703928975,-1.4737299777299486,0.12229142827069381,184560,3v6Ji4uoWtKRkhuDUaxi9n,78,167708,https://i.scdn.co/image/e1531070f5bdbd58e7ce5cb892f5de701387b636,True,False,False,False,False,False,True,False,False,False,False,False,False,True,False
global,86.0,4lzxJ4jCuFDXXGkE1LmpKR,266393254,Verte Ir,DJ Luian,https://open.spotify.com/track/4lzxJ4jCuFDXXGkE1LmpKR,0.5190658404860808,1.1893290527440477,0.13147140142223215,-0.1695628199537838,-0.6628523412903415,0.8376271245853295,-0.27708607786384354,0.29627834807893766,-0.8515956179042605,267500,64aJYyrXljOodnUG6jvhRD,82,522058,https://i.scdn.co/image/3cb0732ff03231a2782a68408b86058f40644180,False,False,False,False,False,False,False,False,False,False,False,True,False,True,False
global,87.0,5KawlOMHjWeUjQtnuRs22c,261504425,Boy With Luv (feat. Halsey),BTS,https://open.spotify.com/track/5KawlOMHjWeUjQtnuRs22c,-0.6436410360066475,-0.2212536688934544,1.379676254300115,-0.16957677944084176,0.13006968668683314,0.6197223978739329,-0.293763806802894,1.4082066553178532,-0.0701882024841998,229773,3Nrfpe0tUJi4K4DXYWgMUX,93,15652748,https://i.scdn.co/image/0c9057cb30520f9f883a220051260fc66a2f3ffa,False,False,False,False,False,False,False,False,False,False,False,True,False,True,False
global,88.0,7m9OqQk4RVRkw9JJdeAw96,260460676,Jocelyn Flores,XXXTENTACION,https://open.spotify.com/track/7m9OqQk4RVRkw9JJdeAw96,0.8226853127540177,1.2891344339919841,-1.3547632140974797,-0.16952873553955064,0.9023963373139512,-0.9603570006101959,0.9833991198454439,-0.23018566677703897,0.3864383141696984,119133,15UsOTVnJzReFVN1VCnxy4,95,17294420,https://i.scdn.co/image/942afa81f0a2298ead0c154fb7b4b606de48d9e6,False,False,False,False,False,False,False,False,False,False,False,False,False,True,False
global,89.0,1zB4vmk8tFRmM9UULNzbLB,258870697,Thunder,Imagine Dragons,https://open.spotify.com/track/1zB4vmk8tFRmM9UULNzbLB,-0.9768050184606569,-0.4874013522212852,1.14745209562516,1.3892326086972133,-0.2009274492962176,0.5923492421217572,-0.7563513410597147,-0.9064196168937674,1.4922360711071805,187147,53XhwfbYqKCa1cC15pYq2q,92,24617484,https://i.scdn.co/image/01b36ca0f45f2f15117022a2754287a6ca1acdcc,True,False,False,False,False,False,False,False,False,False,False,False,False,True,False
global,90.0,7eBqSVxrzQZtK2mmgRG6lC,256405301,Murder On My Mind,YNW Melly,https://open.spotify.com/track/7eBqSVxrzQZtK2mmgRG6lC,-0.4385032643589516,0.5372672285908627,0.6133365306727635,-0.169541182748844,-0.4730806499933925,-0.5429163753895201,-0.687884874888876,1.1449746478898648,-0.23239964646160738,268434,1cNDP5yjU5vjeR8qMf4grg,90,2433412,https://i.scdn.co/image/030819be90d9cd2438d122215868eb46ed880ebf,False,False,False,False,False,False,False,False,False,False,False,False,False,True,False
global,91.0,5PYQUBXc7NYeI1obMKSJK0,253198861,Never Really Over,Katy Perry,https://open.spotify.com/track/5PYQUBXc7NYeI1obMKSJK0,-0.24776795485729874,0.6104578415060162,1.4957883336375926,-0.16957677944084176,1.042150683617906,0.607116339303852,-0.6123962070594897,-0.4661867768848904,-0.7211169503871202,223523,6jJ0s89eD6GaHleKKya26X,89,14486730,https://i.scdn.co/image/779d7efd29be52c3f39384674f804cc13f99392d,True,False,False,False,False,False,False,False,True,False,False,False,False,True,False
global,92.0,4vUmTMuQqjdnvlZmAH61Qk,250126582,South of the Border (feat. Camila Cabello & Cardi B),Ed Sheeran,https://open.spotify.com/track/4vUmTMuQqjdnvlZmAH61Qk,-0.4268255923486463,1.1893290527440477,-0.01947430171648871,-0.16957677944084176,-0.6459347098956523,0.03660214573219473,-0.4175301110347948,0.8182038800482245,-0.7863725573643878,204467,6eUKZXaKkcviH0Ku9w2n3V,98,57463755,https://i.scdn.co/image/f55cab0739390cf3b2c2f773b9c779b2f0ae8a99,False,False,False,False,False,False,False,False,False,True,False,False,False,True,False
global,93.0,6DCZcSspjsKoFjzjrWoCdn,249679896,God's Plan,Drake,https://open.spotify.com/track/6DCZcSspjsKoFjzjrWoCdn,-0.8736911746096613,0.5039987681748839,-1.018038184018795,-0.16861241154325485,2.7780467745512385,-0.9844885984443507,-0.18404190588808836,-0.5932642977121951,-1.4638917446191426,198973,3TVXtAsR1Inumwj472S9r4,99,43763483,https://i.scdn.co/image/012ecd119617ac24ab56620ace4b81735b172686,True,False,False,False,False,False,False,True,False,False,False,False,False,True,False
global,94.0,6FyRXC8tJUh863JCkyWqtk,248946391,Adan y Eva,Paulo Londra,https://open.spotify.com/track/6FyRXC8tJUh863JCkyWqtk,0.254371941585828,0.5904967652564289,0.49141884736841207,-0.16957677944084176,-0.7849535070085336,0.7230920781485954,1.8085078147247828,1.0542049901560757,1.6222916349381833,258639,3vQ0GE3mI0dAaxIMYe5g7z,86,9006523,https://i.scdn.co/image/cff7f6bb72fd3d318a98557b3891cae1b438c695,True,True,False,False,False,False,False,False,False,False,False,False,False,True,False
global,95.0,3Fj47GNK2kUF0uaEDgXLaD,248318646,wish you were gay,Billie Eilish,https://open.spotify.com/track/3Fj47GNK2kUF0uaEDgXLaD,0.5151732831493124,1.1627142844112646,-1.586987372772435,-0.1694676627836721,4.2491451566981295,-1.3399794501206295,0.9746213677722595,-0.9336505142139041,-0.13407685909087122,221543,6qqNVTkY8uBg9cP3Jd7DAH,98,18867904,https://i.scdn.co/image/2622edec99d68d1d141886be593c88cbe509f6d8,True,False,False,False,False,False,False,True,False,False,False,False,False,True,False
global,96.0,1HfMVBKM75vxSfsQ5VefZ5,247670122,Lose You To Love Me,Selena Gomez,https://open.spotify.com/track/1HfMVBKM75vxSfsQ5VefZ5,1.239188947788239,-1.1527705605408616,-1.6508490164080474,-0.16957677944084176,0.2624685410800533,-0.9102929394318752,-0.7563513410597147,-1.7977776558395755,-0.655958982722038,206459,0C8ZW7ezQVs4URX5aX7Kqx,93,18882676,https://i.scdn.co/image/dc6dd5ccdccee8c947b41af13e3b60ce0a235708,True,False,False,False,True,False,False,False,False,False,False,False,False,True,False
global,97.0,3Ol2xnObFdKV9pmRD2t9x8,245999607,Look Back at It,A Boogie Wit da Hoodie,https://open.spotify.com/track/3Ol2xnObFdKV9pmRD2t9x8,0.5813467578743754,0.7501853752531275,-0.21686483659020062,-0.16957677944084176,-0.1935719573854831,0.5051873514371985,-0.7782957212426759,0.21912413900521688,-0.8491546350996245,179449,31W5EY0aAly4Qieq6OFu6I,91,3899600,https://i.scdn.co/image/b7d26110180d7fb07097570d96991be33436a56a,True,False,False,True,False,False,False,False,False,False,False,False,False,True,False
global,98.0,6oJ6le65B3SEqPwMRNXWjY,244663742,Higher Love,Kygo,https://open.spotify.com/track/6oJ6le65B3SEqPwMRNXWjY,-0.9429786952041393,0.09812355109994188,0.31144512439532246,-0.1695064003602579,-0.5392800771900026,-0.24541339313561283,-0.8564177146940175,-0.3799556020377908,-0.5922005118649468,228267,23fqKkggKUBHNkbKtXEls4,89,5922832,https://i.scdn.co/image/1caaca2be637b0c56bb0ede637e36a8bcca149d1,True,False,False,False,False,False,False,False,True,False,False,False,False,True,False
global,99.0,6LsAAHotRLMOHfCsSfYCsz,243846086,If I Can't Have You,Shawn Mendes,https://open.spotify.com/track/6LsAAHotRLMOHfCsSfYCsz,1.0367759662762812,0.11143093526633341,1.0719792440558,-0.16957677944084176,-0.2009274492962176,0.8210591618932233,-0.6123962070594897,1.707746525839357,0.057393832104772655,190800,7n2wHs1TKAczGzO7Dd2rGr,94,23152263,https://i.scdn.co/image/6bd59cfbd3e1e6394af710bddcd62999aae31c6f,True,False,True,False,False,False,False,False,False,False,False,False,False,True,False
global,100.0,25ZAibhr3bdlMCLmubZDVt,243022680,QUE PRETENDES,J Balvin,https://open.spotify.com/track/25ZAibhr3bdlMCLmubZDVt,-0.8958787514292413,-0.261175821392629,0.9674783726520703,-0.16957677944084176,1.380503311511691,0.7328167519026578,1.079954392650473,2.0481327423410653,-0.9615700298624591,222347,1vyhD5VmyZ7KMfW5gqLgo5,99,17106207,https://i.scdn.co/image/84a8ce44cf41f5991178c3d7d8060d2e65624d1f,False,False,False,False,False,False,False,False,False,False,True,False,False,True,False
global,101.0,1tNJrcVe6gwLEiZCtprs1u,241871669,3 Nights,Dominic Fike,https://open.spotify.com/track/1tNJrcVe6gwLEiZCtprs1u,-0.13488379209101445,0.11143093526633341,-0.6174515103044977,-0.16957677944084176,-0.5172136014577993,-0.04191559050430857,-0.3534525209005483,1.7667468033663198,0.9680431504209579,177667,6USv9qhCn6zfxlBQIYJ9qs,78,227111,https://i.scdn.co/image/2303aa760ec7107cdbf70c5221fd0f50d625d69a,False,False,False,False,False,False,False,True,False,False,False,False,False,True,False
global,102.0,5JEx7HbmvHQQswJCsoo9rA,241771587,Close To Me (with Diplo) (feat. Swae Lee),Ellie Goulding,https://open.spotify.com/track/5JEx7HbmvHQQswJCsoo9rA,-0.6257352722575128,-0.6936658068003542,0.7758934417452322,-0.16957677944084176,1.6232345445659284,0.5217553141293048,-0.5957184781204392,0.019430891990880834,0.7148318674867219,182623,0X2BH1fck6amBIoJhDVmmJ,87,7390843,https://i.scdn.co/image/6d2f58ed590582ac66df4a48708019f9d28f2cd9,False,True,False,False,False,False,False,False,False,False,False,False,False,True,False
global,103.0,0FZ4Dmg8jJJAPJnvBIzD9z,234743093,ZEZE,Kodak Black,https://open.spotify.com/track/0FZ4Dmg8jJJAPJnvBIzD9z,-0.8001218409447381,1.2159438210768307,-0.12397517312021855,-0.16957677944084176,-0.602537307622319,0.2483839297095523,0.40406748301526996,0.07389268663115431,-0.7845174104328644,228760,46SHBwWsqBkxI7EeeBEQG7,87,5428094,https://i.scdn.co/image/7e3b329829c210144d51035a91b92ce3f55d79fb,False,False,False,False,False,False,False,False,True,False,False,False,False,True,False
global,104.0,58q2HKrzhC3ozto2nDdN4z,232540653,I Like It,Cardi B,https://open.spotify.com/track/58q2HKrzhC3ozto2nDdN4z,-0.617560901850299,0.916527677333021,0.590114114805268,-0.16957677944084176,1.4540582306190357,0.8930937822936851,-0.008486864424399252,0.7365111880878144,0.4524099427696599,253390,4kYSro6naA4h99UJvo89HB,92,10412486,https://i.scdn.co/image/85145039b32b56e911bd2ad39f28f96277aea9f3,False,False,False,False,False,True,False,False,False,False,False,False,False,True,False
global,105.0,6moU77g9RQyMzHNuKEaQKq,231359951,It's You,Ali Gatie,https://open.spotify.com/track/6moU77g9RQyMzHNuKEaQKq,0.45289236576101755,0.35761754234457693,-0.9367597284825607,-0.16957677944084176,0.14478067050830207,-0.17806102306118132,-0.8888953973647999,-0.41172498224461695,-0.851953628715607,212607,4rTv3Ejc7hKMtmoBOK1B4T,82,464535,https://i.scdn.co/image/a76ec564a0bc767d9c151524c92e2cf321dbaef9,False,False,False,False,False,False,False,False,False,False,False,True,False,True,False
global,106.0,1mXVgsBdtIVeCLJnSnmtdV,231333261,Too Good At Goodbyes,Sam Smith,https://open.spotify.com/track/1mXVgsBdtIVeCLJnSnmtdV,1.4883126173414183,0.018279246101593358,-1.4650696894680835,-0.16957677944084176,-0.03910662726005935,-0.6336799970941018,-0.7616179923036254,-0.05318483419615046,-0.9853289291609154,201000,2wY79sveU1sp5g7SokKOiI,92,11220622,https://i.scdn.co/image/871eeb6c9b0f60dfe982380d1357a7beb85fb3fd,True,False,False,False,False,True,False,False,False,False,False,False,False,True,False
global,107.0,4bTZeO72FwMa6wKOiqoynL,225763114,Otro Trago - Remix,Sech,https://open.spotify.com/track/4bTZeO72FwMa6wKOiqoynL,-0.726163251546138,0.3110416977622065,0.9616727686851964,-0.1695635179281367,-0.8393841471479685,1.4935023433315338,0.5884002765521437,1.2493597542837223,1.7523146523317918,287773,77ziqFxp5gaInVrF2lj4ht,95,2397904,https://i.scdn.co/image/f99f48ccef2f7b3b247ba07e267c17da84978b0b,True,False,False,False,False,False,False,False,False,False,False,False,False,True,False
global,108.0,2tnVG71enUj33Ic2nFN6kZ,224475222,Ride It,Regard,https://open.spotify.com/track/2tnVG71enUj33Ic2nFN6kZ,-0.313941429582362,1.3423639706575503,0.735254213977115,-0.16882878359265313,-0.5025026176363303,0.7994487757730848,-0.3736413506688725,1.798516183573146,-0.13668057408248332,157606,4ofCBoyEiGSePFAG500xev,83,34267,https://i.scdn.co/image/1bebc8be13032082fed628c8d71ae97f365fc135,False,False,False,False,False,False,False,True,False,False,False,False,False,True,False
global,109.0,0Ryd8975WihbObpp5cPW1t,220843950,boyfriend (with Social House),Ariana Grande,https://open.spotify.com/track/0Ryd8975WihbObpp5cPW1t,-0.5397097551149306,-1.851408229276417,0.9907007885195658,-0.16957677944084176,-0.112661546367404,0.9892600005283015,2.9057268238728398,0.9725122981956655,2.211512337539907,186107,66CXWjxzNUsdJxJ2JdwvnR,97,40958727,https://i.scdn.co/image/b1dfbe843b0b9f54ab2e588f33e7637d2dab065a,False,False,False,False,False,False,False,False,False,False,True,False,False,True,False
global,110.0,6WrI0LAC5M1Rw2MnX2ZvEg,214189803,Don't Start Now,Dua Lipa,https://open.spotify.com/track/6WrI0LAC5M1Rw2MnX2ZvEg,-0.9542671114807677,0.7701464515027148,0.979089580585818,-0.16957677944084176,-0.5819419302722625,0.7047232499464776,-0.40173015730306283,0.8590502260284296,0.058370225226627076,183290,6M2wZ9GZgrQXHCFfjv46we,93,14982761,https://i.scdn.co/image/a1f0ad6fe9f1913da2bd883555f3aee9d91024a9,True,False,False,False,False,False,False,False,False,False,False,True,False,True,False
global,111.0,6cy3ki60hLwimwIje7tALf,212689345,RITMO (Bad Boys For Life),The Black Eyed Peas,https://open.spotify.com/track/6cy3ki60hLwimwIje7tALf,-0.8729126631423078,0.28442692942942344,0.5320580751365293,-0.15980513850027483,0.4610668226698837,-0.20147227469133122,-0.5641185706569752,0.8136653971615351,-0.5582871240992047,221714,1yxSLGMDHlW21z4YXirZDS,88,3959999,https://i.scdn.co/image/310a6ff93e35a6c86e5eccdd1fbab32753288476,False,False,False,False,False,False,False,False,False,False,True,False,False,True,False
global,112.0,059bcIhyc2SBwm6sw2AZzd,209597510,Te Vi,Piso 21,https://open.spotify.com/track/059bcIhyc2SBwm6sw2AZzd,-0.8293160209705013,1.322402894407963,0.8861999171158359,-0.16917428089733746,-0.6474058082777991,0.8037708529971124,-0.11381988930261266,0.9906662297424234,-0.6550802289123691,231848,4bw2Am3p9ji3mYsXNXtQcd,84,4845869,https://i.scdn.co/image/b9ad111f39b296a60ac317d1ff7405bdb9ad630f,True,True,False,False,False,False,False,False,False,False,False,False,False,True,False
global,113.0,0RiRZpuVRbi7oqRdSMwhQY,209280692,Sunflower - Spider-Man: Into the Spider-Verse,Post Malone,https://open.spotify.com/track/0RiRZpuVRbi7oqRdSMwhQY,1.071808982307197,0.5106524602580796,-0.5942290944370022,-0.16957677944084176,-0.7783335642888725,0.7598297345528308,-0.6360961376570877,1.9845939819274137,-1.04759026389783,157560,246dkjvS1zLTtiykXe5h60,100,21335421,https://i.scdn.co/image/93fec27f9aac86526b9010e882037afbda4e3d5f,True,False,True,False,False,False,False,False,False,False,False,False,False,True,False
global,114.0,3jbT1Y5MoPwEIpZndDDwVq,208735836,Adicto (with Anuel AA & Ozuna),Tainy,https://open.spotify.com/track/3jbT1Y5MoPwEIpZndDDwVq,-0.9367506034653097,0.3709249265109685,1.2287305511613942,-0.16938599978438307,0.0344482918472851,0.6031544351818265,-0.4956521044861365,0.613972150147199,-1.371687687478694,270741,0GM7qgcRCORpGnfcN2tCiB,86,46061,https://i.scdn.co/image/cf4ff6ee4d1f58abea141119de08bbd03c3ad3b3,False,False,False,False,False,False,False,False,False,False,True,False,False,True,False
global,115.0,2t8yVaLvJ0RenpXUIAC52d,208239865,a lot,21 Savage,https://open.spotify.com/track/2t8yVaLvJ0RenpXUIAC52d,-0.8491680633880202,1.0562552110801322,0.06760975778661948,-0.15503564708880768,1.2333934732970022,-0.4197371745047303,-0.38593020357133084,-0.9699583773074195,0.7754007874790892,288624,1URnnhqYAYcrqrcwql10ft,90,7271390,https://i.scdn.co/image/cfd6e47fbe4446750ec209dfa37bc919cb55c86f,True,True,False,False,False,False,False,False,False,False,False,False,False,True,False
global,116.0,5kfNriitmkNE8mUbZ7gbq8,207066874,Saturday Nights,Khalid,https://open.spotify.com/track/5kfNriitmkNE8mUbZ7gbq8,1.355965667891292,-0.8467007247138562,-1.07028861972066,-0.16922546568321664,-0.4730806499933925,-0.7496557359388449,-0.2762083026565251,-0.6658800238992262,1.4898276347399393,210667,6LuN9FCkKOj5PcnpouEgny,96,10092177,https://i.scdn.co/image/e52c824585bfeef4d674b509437120805300f557,True,False,False,False,False,False,False,False,False,False,True,False,False,True,False
global,117.0,5N5k9nd479b1xpDZ4usjrg,206233231,Promises (with Sam Smith),Calvin Harris,https://open.spotify.com/track/5N5k9nd479b1xpDZ4usjrg,-0.9566026458828288,0.6836484544211697,0.833949481413971,-0.16951966187296297,1.1083501108145162,0.17526879000308385,-0.7949734501817264,-0.007800005329255898,0.030022278255454588,213309,7CajNmpbOovFoOoasH2HaY,90,19331795,https://i.scdn.co/image/1fd90cd274102d458ec3a9243ced32e659738133,True,False,False,False,False,False,False,False,False,False,False,True,False,True,False
global,118.0,696DnlkuDOXcMAnKlTgXXK,205286838,ROXANNE,Arizona Zervas,https://open.spotify.com/track/696DnlkuDOXcMAnKlTgXXK,-0.7997325852110613,-0.3809422788901529,-0.1355863810539663,-0.16957677944084176,2.1013415187636686,0.31033370325394966,0.15829042496610526,-0.13941600904324986,-0.17615940264279523,163636,0vRvGUQVUjytro0xpb26bs,89,188185,https://i.scdn.co/image/d549aadbb8b3a254fdc8e5ac93535a706463dce6,False,False,False,False,False,False,True,False,False,False,False,False,False,False,True
global,119.0,0mjAU3yKR1QnXnHtjGJqTM,204469447,Rescue Me,OneRepublic,https://open.spotify.com/track/0mjAU3yKR1QnXnHtjGJqTM,-0.39568513365449887,0.5372672285908627,-0.1123639651864708,-0.16957677944084176,3.822526625875531,-0.45359344609294744,-0.7607402170963069,0.6911263592209198,-0.035754071720135075,158900,5Pwc4xIPtQLFEnJriah9YJ,86,9208531,https://i.scdn.co/image/7995187182d03b7fdcf236939dd8659db5bbd818,True,False,False,False,False,False,False,True,False,False,False,False,False,True,False
global,120.0,7BlBVFwvbWvcwNcUarQmjk,203856399,"Yo x Ti, Tu x Mi",ROSALÍA,https://open.spotify.com/track/7BlBVFwvbWvcwNcUarQmjk,0.7954374113966389,0.676994762337974,0.781699045712106,-0.15947941713558927,-0.23034941693915545,1.1473759923073152,0.8341773346013084,0.414278903132863,-0.9827577606066991,201040,7ltDVBr6mKbRvohxheJ9h1,87,2299313,https://i.scdn.co/image/e2152c9a03746ee862b41359038278e9da167d27,True,True,False,False,False,False,False,False,False,False,False,False,False,True,False
global,121.0,1rfofaqEpACxVEHIZBJe6W,202327212,Havana (feat. Young Thug),Camila Cabello,https://open.spotify.com/track/1rfofaqEpACxVEHIZBJe6W,-0.286693528224983,0.5771893810900374,-0.5884234904701283,-0.16916264799145583,-0.31125982795723434,0.7724357931229116,-0.8774843196696602,-0.4253404309046853,-0.5584824027235755,217307,4nDoRrQiYLoBzwC5BhVJzF,96,14245838,https://i.scdn.co/image/667daebca4856db3f4cbe8f51a4881091e62c401,True,False,True,False,False,False,False,False,False,False,False,False,False,True,False
global,122.0,1LiN0Z98FkR1t0m8KmLcAH,201259287,Amanece,Anuel AA,https://open.spotify.com/track/1LiN0Z98FkR1t0m8KmLcAH,0.6981234779774282,0.7435316831699317,0.03858173795225009,-0.16957677944084176,-0.12001703827813846,0.33446530108810407,-0.7677624187548544,1.8212085980065933,-0.9148333457630292,190005,2R21vXR83lH98kGeO99Y66,96,9911627,https://i.scdn.co/image/8eebdbd3738acd6a69228ed3240a06e4e53ca651,False,False,False,False,False,False,False,False,True,False,False,False,False,True,False
global,123.0,7g8YaUQABMal0zWe7a2ijz,200055329,Pa Mí - Remix,Dalex,https://open.spotify.com/track/7g8YaUQABMal0zWe7a2ijz,1.9281715963962502,0.06485509068396302,-0.025279905683362594,-0.16951547402684558,-0.12001703827813846,-0.5587639918776215,0.790288574235386,1.085974370362902,1.5580124210827702,360960,0KPX4Ucy9dk82uj4GpKesn,93,875341,https://i.scdn.co/image/096994a1c9aa8c44114858ee68cdbd5f69fec1ec,False,False,False,False,False,False,False,False,False,False,False,True,False,True,False
global,124.0,1nocRtwyNPVtGcIJqfgdzZ,199941831,Tutu,Camilo,https://open.spotify.com/track/1nocRtwyNPVtGcIJqfgdzZ,0.059744074747406804,0.35096385026138116,1.2055081352938986,-0.16957677944084176,-0.7930445481103414,1.3994971637089313,-0.6992959525840158,2.052671225227755,0.7767351914122901,178613,28gNT5KBp7IjEOQoevXf9N,86,536863,https://i.scdn.co/image/a5a78352da0ae015c6f05f14f8e0e77890a16c72,True,False,False,False,False,False,False,False,False,True,False,False,False,True,False
global,125.0,7K7MUBCnzgBAvMVW2RTWNs,199561494,Body (feat. brando),Loud Luxury,https://open.spotify.com/track/7K7MUBCnzgBAvMVW2RTWNs,-0.817638348960196,0.4906913840084924,0.8107270655464754,-0.16847863312561615,-0.8827815494213018,0.7486643683907593,-0.8072623030841846,0.42789435179293134,-0.006169360127947614,163216,6t1gpxYbY8OlLA7D2RiikQ,78,240504,https://i.scdn.co/image/4d1d2afe512161668de71c737b080d6c4e7cd5d2,True,True,False,False,False,False,False,False,False,False,False,False,False,True,False
global,126.0,3swc6WTsr7rl9DqQKQA55C,195603663,Psycho (feat. Ty Dolla $ign),Post Malone,https://open.spotify.com/track/3swc6WTsr7rl9DqQKQA55C,1.1224122276851867,0.47738399984210084,-0.37361614369579477,-0.16957677944084176,-0.465725158082658,-0.5821752435077714,-0.21915291418082622,-0.13033904326987095,0.5829862495989857,221440,246dkjvS1zLTtiykXe5h60,100,21335421,https://i.scdn.co/image/93fec27f9aac86526b9010e882037afbda4e3d5f,True,False,False,False,False,False,False,False,True,False,False,False,False,True,False
global,127.0,6fxVffaTuwjgEk5h9QyRjy,195029499,Photograph,Ed Sheeran,https://open.spotify.com/track/6fxVffaTuwjgEk5h9QyRjy,1.3598582252280602,-0.4275181234725233,-1.4244304616999663,-0.16417911111176672,-0.5569332577757654,-1.4415482648852804,-0.7229958831816138,-1.3012676280357496,-0.4608105441007421,258987,6eUKZXaKkcviH0Ku9w2n3V,98,57463755,https://i.scdn.co/image/f55cab0739390cf3b2c2f773b9c779b2f0ae8a99,True,False,False,False,True,False,False,False,False,False,False,False,False,True,False
global,128.0,2RSHsoi04658QL5xgQVov3,193969417,Bad Liar,Imagine Dragons,https://open.spotify.com/track/2RSHsoi04658QL5xgQVov3,-0.7218814384756929,-1.964520994690745,0.07341536175349336,-0.16957677944084176,1.4246362629760978,-0.18562465820322976,-0.5237409111203267,-1.8381701535311117,1.8149665443174483,260773,53XhwfbYqKCa1cC15pYq2q,92,24617484,https://i.scdn.co/image/01b36ca0f45f2f15117022a2754287a6ca1acdcc,True,False,False,True,False,False,False,False,False,False,False,False,False,True,False
global,129.0,2wrJq5XKLnmhRXHIAf9xBa,193331911,"10,000 Hours (with Justin Bieber)",Dan + Shay,https://open.spotify.com/track/2wrJq5XKLnmhRXHIAf9xBa,-0.40736280566480415,0.11143093526633341,0.0327761339853762,-0.16957677944084176,-0.465725158082658,0.6604219584001936,-0.9134731031697164,-0.2619550469838652,-1.0465813243385804,167693,7z5WFjZAIYejWy0NI5lv4T,85,1377921,https://i.scdn.co/image/ff4a12b96c4cd11472c7058a2468c5b609999ccf,True,False,False,False,False,False,False,False,False,False,True,False,False,True,False
global,130.0,7BKLCZ1jbUBVqRi2FVlTVw,193248040,Closer,The Chainsmokers,https://open.spotify.com/track/7BKLCZ1jbUBVqRi2FVlTVw,0.6085946592317544,0.4640766156757093,-0.5826178865032544,-0.16957677944084176,-0.465725158082658,0.31645664598798867,-0.8441288617915593,0.7864344998413983,-0.8832307550523423,244960,69GGBxA162lTqCwzJG5jLp,91,15139114,https://i.scdn.co/image/960547a625bc2eb742bb3dd170cbc049d2e94cf9,True,False,False,False,False,False,False,False,True,False,False,False,False,True,False
global,131.0,2fuCquhmrzHpu5xcA1ci9x,193127265,Under Pressure - Remastered,Queen,https://open.spotify.com/track/2fuCquhmrzHpu5xcA1ci9x,0.6669830192832809,-0.04825767473036435,0.5088356592690337,-0.16957677944084176,-0.5245690933685337,-0.4816869480491276,-0.7229958831816138,-0.11672359460980258,-0.27152046421057285,248440,1dfeR4HaWDbWqFHLkxsg1d,93,22898929,https://i.scdn.co/image/b040846ceba13c3e9c125d68389491094e7f2982,True,False,True,False,False,False,False,False,False,False,False,False,False,True,False
global,132.0,63cd4JkwGgYJrbOizbfmsp,193090742,Pure Water (with Migos),Mustard,https://open.spotify.com/track/63cd4JkwGgYJrbOizbfmsp,-0.33340421626620415,0.011625554018397587,-0.3794217476626686,-0.16957677944084176,1.056861667439375,0.33590599349611344,-0.008486864424399252,-1.5917305327838744,2.599107860478701,194520,0YinUQ50QDB7ZxSCLyQ40k,86,540694,https://i.scdn.co/image/4dcf713a3bc309590381ecf718be7d5b1b8f0f61,True,False,False,False,False,False,False,False,False,False,False,False,False,True,False
global,133.0,1NJcg626wLln4pGHpiV7mf,190034741,lovely,Billie Eilish,https://open.spotify.com/track/1NJcg626wLln4pGHpiV7mf,2.632724474351335,-2.1774391413530094,-1.9062955909504982,-0.16957677944084176,-0.5834130286544094,-1.3079240440424238,-0.8485177378281515,-1.6688847418575952,-0.22338428330315188,200186,6qqNVTkY8uBg9cP3Jd7DAH,98,18867904,https://i.scdn.co/image/2622edec99d68d1d141886be593c88cbe509f6d8,False,False,False,False,True,False,False,False,False,False,False,False,False,True,False
global,134.0,40T5GIqQ1CegGm2PTEl8Bu,185239405,idontwannabeyouanymore,Billie Eilish,https://open.spotify.com/track/40T5GIqQ1CegGm2PTEl8Bu,1.8658906790079555,-1.2991517863711686,-1.2328455307931285,-0.16957677944084176,-0.4289476985289857,-0.714358771942619,-0.7879512485231788,-1.092497415248035,1.5627316545050667,203569,6qqNVTkY8uBg9cP3Jd7DAH,98,18867904,https://i.scdn.co/image/2622edec99d68d1d141886be593c88cbe509f6d8,True,False,False,False,False,False,False,True,False,False,False,False,True,False,False
global,135.0,5qrSlOut2rNAWv3ubArkNy,185142138,Be Alright,Dean Lewis,https://open.spotify.com/track/5qrSlOut2rNAWv3ubArkNy,1.7413288442313657,-0.8467007247138562,-0.507145034933894,-0.16957677944084176,-0.6922743089332795,-0.4024488656086194,-0.8423733113769224,0.023969374877570292,0.13908538996658934,196493,3QSQFmccmX81fWCUSPTS7y,83,926350,https://i.scdn.co/image/666aa7bc7c5386cceb3a484bffdc07ab89e6634e,True,False,False,False,False,False,False,False,False,False,False,True,False,True,False
global,136.0,6fTt0CH2t0mdeB2N9XFG5r,184771732,Panini,Lil Nas X,https://open.spotify.com/track/6fTt0CH2t0mdeB2N9XFG5r,0.3283305309844281,0.1646604719318996,-0.17622560882208346,-0.16957677944084176,-0.37745925515384454,0.1194419591927259,-0.48072992596172287,-0.05772331708283991,1.0317365284032594,114893,7jVv8c5Fj3E9VhNjxT4snq,87,2218983,https://i.scdn.co/image/12d5ab979779aa41e697ce823328d527e643e4cf,False,False,False,False,False,True,False,False,False,False,False,False,False,True,False
global,137.0,1xzBco0xcoJEDXktl7Jxrr,183562149,Mo Bamba,Sheck Wes,https://open.spotify.com/track/1xzBco0xcoJEDXktl7Jxrr,-0.24776795485729874,0.3376564660949896,0.0037481141510068063,-0.0548763274479968,0.5419772336879628,0.43639428895475757,-0.8643176915598835,-1.0289586548343823,0.7774186665975877,183907,2RDOrhPqAM4jzTRCEb19qX,78,748033,https://i.scdn.co/image/c0f2b79210f155ffbc25a5a3900d3918566cec6b,True,False,False,False,True,False,False,False,False,False,False,False,False,True,False
global,138.0,0DiDStADDVh3SvAsoJAFMk,182748769,Only Human,Jonas Brothers,https://open.spotify.com/track/0DiDStADDVh3SvAsoJAFMk,-0.5825278858193833,0.7768001435859105,-0.745174797575723,-0.16957677944084176,-0.8077555319318104,0.21416748501933308,-0.5070631821812762,1.7531313547062515,-0.9157771924474883,183000,7gOdHgIoIKoe4i9Tta6qdD,87,3492262,https://i.scdn.co/image/a6607686d8bb0913324c84360ee921e94c5aadf3,True,False,False,False,False,False,False,False,False,False,False,False,False,True,False
global,139.0,4hPpVbbakQNv8YTHYaOJP4,181600204,One Thing Right,Marshmello,https://open.spotify.com/track/4hPpVbbakQNv8YTHYaOJP4,-0.7432905038279192,-0.1281019797287136,-0.007863093782740953,-0.16957677944084176,2.9987115318732713,1.5215958452877139,-0.744940263364575,-0.22110870100366006,-1.1100143308217199,181824,64KEffDW9EtZ1y2vBYgq8T,90,20341696,https://i.scdn.co/image/eb88f6dde0844337248826abb86c6e0b0ef05973,True,False,False,False,True,False,False,False,False,False,False,False,False,True,False
global,140.0,7ef4DlsgrMEH11cDZd32M6,179844243,One Kiss (with Dua Lipa),Calvin Harris,https://open.spotify.com/track/7ef4DlsgrMEH11cDZd32M6,-0.8588994567299413,0.7501853752531275,1.379676254300115,-0.16932201880203412,-0.683447718640398,1.1661049936114352,-0.1752641538149039,0.4732791806598259,0.06009518640856972,214847,7CajNmpbOovFoOoasH2HaY,90,19331795,https://i.scdn.co/image/1fd90cd274102d458ec3a9243ced32e659738133,False,False,False,False,False,False,False,False,False,True,False,False,False,True,False
global,141.0,4NzMOnvSJVNKF7nw5NkXIP,179652252,bury a friend,Billie Eilish,https://open.spotify.com/track/4NzMOnvSJVNKF7nw5NkXIP,1.8775683510182606,1.5087062727374445,-1.3663744220312275,1.7149539733827772,-0.5025026176363303,-2.891245000444573,1.773396806432045,-1.3239600424691969,-0.06839814842746654,193143,6qqNVTkY8uBg9cP3Jd7DAH,98,18867904,https://i.scdn.co/image/2622edec99d68d1d141886be593c88cbe509f6d8,True,False,False,False,False,False,False,False,True,False,False,False,False,True,False
global,142.0,1kBbgxAUc4HQv7cgIayIDH,178836034,Ransom,Lil Tecca,https://open.spotify.com/track/1kBbgxAUc4HQv7cgIayIDH,-0.9235159085202972,0.444115539426122,0.10244338158786276,-0.16957677944084176,-0.7981933924478556,0.07946274487046971,1.3783979631387442,-1.1878055558685134,1.8820447517888435,131280,4Ga1P7PMIsmqEZqhYZQgDo,88,1508291,https://i.scdn.co/image/87b4d40e2c756869e2264ce9b5899956f8011405,False,False,False,False,False,False,False,True,False,False,False,False,False,True,False
global,143.0,3ZCTVFBt2Brf31RLEnCkWJ,177946722,everything i wanted,Billie Eilish,https://open.spotify.com/track/3ZCTVFBt2Brf31RLEnCkWJ,2.5081626395747456,0.17131416401509536,-2.318493472598543,7.473242384788279,-0.5025026176363303,-2.8728761722424556,-0.2683083257906591,-1.1106513467947927,-0.06970000592327258,245426,6qqNVTkY8uBg9cP3Jd7DAH,98,18867904,https://i.scdn.co/image/2622edec99d68d1d141886be593c88cbe509f6d8,False,False,False,False,False,False,True,False,False,False,False,False,False,True,False
global,144.0,0s5DNDV6LAKn2u2Ufa3VjQ,177745215,Desconocidos,Mau y Ricky,https://open.spotify.com/track/0s5DNDV6LAKn2u2Ufa3VjQ,-0.43461070702218313,0.2045826244310742,0.8513662933145926,-0.1695385071804912,0.5493327255986973,0.6769899210922999,0.3162899622834256,1.0042816784024917,1.6878076134146125,204453,2wkoKEfS6dXwThbyTnZWFU,83,1531985,https://i.scdn.co/image/5c2cf545129d57e90bfecf7f4e9a8fd61f5ff93e,True,False,False,False,False,False,False,True,False,False,False,False,False,True,False
global,145.0,5hVghJ4KaYES3BFUATCYn0,177312035,EARFQUAKE,"Tyler, The Creator",https://open.spotify.com/track/5hVghJ4KaYES3BFUATCYn0,-0.10763589073363547,-0.8267396484642688,-0.7335635896419753,-0.16950721466366964,4.565431308859711,-0.8602288782535539,-0.5395408648520587,-0.3391092560575859,-1.3836322300027124,190067,4V8LLVI7PbaPR0K2TGSxFF,87,3689916,https://i.scdn.co/image/fe839f5bd121774e64f377b5eead237c69a01711,True,False,False,False,False,False,False,False,False,True,False,False,False,True,False
global,146.0,6Gg1gjgKi2AK4e0qzsR7sd,177166322,Bandit (with YoungBoy Never Broke Again),Juice WRLD,https://open.spotify.com/track/6Gg1gjgKi2AK4e0qzsR7sd,-0.7355053891543823,0.11143093526633341,0.03858173795225009,-0.16957677944084176,-0.31125982795723434,0.21380731191733066,1.869952079237074,-0.28464746141731245,1.8845508274682696,189323,4MCBfE4596Uoi2O4DtmEMz,98,7403812,https://i.scdn.co/image/d8e62447a338a882b490460da20e90aac6d60ae7,False,False,False,False,False,True,False,False,False,False,False,False,False,True,False
global,147.0,09IStsImFySgyp0pIQdqAc,175754033,The Middle,Zedd,https://open.spotify.com/track/09IStsImFySgyp0pIQdqAc,-0.33729677360297244,0.49734507609168815,0.18952744109097097,-0.16957677944084176,-0.45836966617192354,1.2305759788698485,-0.7466958137792119,-0.23018566677703897,-0.4926735063105901,184732,2qxJFvFYMEDqd7ui6kSAcq,86,4997291,https://i.scdn.co/image/a9c923d081963c77dec430fb842b493724187dcc,True,False,False,False,False,False,False,True,False,False,False,False,False,True,False
global,148.0,2x0RZdkZcD8QRI53XT4GI5,175735987,SOS (feat. Aloe Blacc),Avicii,https://open.spotify.com/track/2x0RZdkZcD8QRI53XT4GI5,0.05585151741063838,0.823375988168281,0.11986019348848441,-0.16957677944084176,-0.4068812227967824,0.10683590062264504,-0.5132076086325055,-0.5070331228650955,-0.7207914860131686,157202,1vCWHaC5f2uS3yhpwWbIA6,89,16559762,https://i.scdn.co/image/81b19a403109c4fe528ee3972137127b85be9519,False,False,False,False,False,True,False,False,False,False,False,False,False,True,False
global,149.0,2uIX8YMNjGMD7441kqyyNU,174000961,ocean eyes,Billie Eilish,https://open.spotify.com/track/2uIX8YMNjGMD7441kqyyNU,2.185080380622966,-1.3523813230367348,-1.4766808974018313,0.5016418899290521,-0.663587890481415,-0.44927136886891955,-0.8239400320232351,-1.5009608750500854,0.738167663099042,200560,6qqNVTkY8uBg9cP3Jd7DAH,98,18867904,https://i.scdn.co/image/2622edec99d68d1d141886be593c88cbe509f6d8,False,False,False,False,True,False,False,False,False,False,False,False,False,True,False
global,150.0,2bT1PH7Cw3J9p3t7nlXCdh,173624643,If I Can't Have You,Shawn Mendes,https://open.spotify.com/track/2bT1PH7Cw3J9p3t7nlXCdh,0.8927513448158494,0.08481616693355033,1.1532576995920338,-0.16957677944084176,-0.29654884413576543,0.8214193349952257,-0.5939629277058024,1.7349774231594937,0.05817494660225619,191467,7n2wHs1TKAczGzO7Dd2rGr,94,23152263,https://i.scdn.co/image/6bd59cfbd3e1e6394af710bddcd62999aae31c6f,True,False,True,False,False,False,False,False,False,False,False,False,False,True,False
global,151.0,5jW3rF4URMdK7tO2xjS5EI,172766601,Tal Vez,Paulo Londra,https://open.spotify.com/track/5jW3rF4URMdK7tO2xjS5EI,-0.029784743998267024,1.176021668577656,0.1430826093559799,-0.16957677944084176,-0.6930098581243528,1.453162955907275,0.18462368118565867,1.1495131307765543,1.2965994359249569,263899,3vQ0GE3mI0dAaxIMYe5g7z,86,9006523,https://i.scdn.co/image/cff7f6bb72fd3d318a98557b3891cae1b438c695,True,False,False,False,False,False,False,False,True,False,False,False,False,True,False
global,152.0,14msK75pk3pA33pzPVNtBF,172267436,7 rings,Ariana Grande,https://open.spotify.com/track/14msK75pk3pA33pzPVNtBF,1.2469740624617758,0.3110416977622065,-1.7611554917786512,-0.16957677944084176,-0.6319592752652567,-1.5366339638138897,1.6943970377733848,-0.7657266474063943,-1.6925955601948337,178640,66CXWjxzNUsdJxJ2JdwvnR,97,40958727,https://i.scdn.co/image/b1dfbe843b0b9f54ab2e588f33e7637d2dab065a,False,True,False,False,False,False,False,False,False,False,False,False,False,True,False
global,153.0,2rbDhOo9Fh61Bbu23T2qCk,172146721,Always Remember Us This Way,Lady Gaga,https://open.spotify.com/track/2rbDhOo9Fh61Bbu23T2qCk,0.1609505655033857,-0.8333933405474646,-0.7103411737744798,-0.16957677944084176,4.337411059626944,0.18211207894112744,-0.7818068220719497,-0.8701117538002517,0.2547879749063332,210200,1HY2Jd0NmPuamShAr6KMms,89,10181517,https://i.scdn.co/image/ea76c82c05174105751f850c8a1db426dd03aa78,True,False,False,False,False,False,False,False,False,False,False,False,False,True,False
global,154.0,4pUCKHjJ4Ijewc37rRrvHn,170650554,Kill This Love,BLACKPINK,https://open.spotify.com/track/4pUCKHjJ4Ijewc37rRrvHn,0.24269426957552268,0.39753969484375157,1.3738706503332412,-0.14921919414799403,1.1083501108145162,0.841589028707355,0.9395103594795217,0.41881738601955243,0.3198157568218346,189052,41MozSoPIsD1dJM0CLPjZF,83,10276873,https://i.scdn.co/image/254b0e0fc1d4cf39de56960ed983c1ff7e3dff00,True,False,True,False,False,False,False,False,False,False,False,False,False,True,False
global,155.0,6Hj9jySrnFppAI0sEMCZpJ,168363558,Robbery,Juice WRLD,https://open.spotify.com/track/6Hj9jySrnFppAI0sEMCZpJ,0.2738347282696701,0.04489401443437644,0.3927235799315561,-0.16957677944084176,-0.1567944978318108,0.4882592156430901,-0.7396736121206644,0.4097404202461735,1.2308556323867625,240051,4MCBfE4596Uoi2O4DtmEMz,98,7403812,https://i.scdn.co/image/d8e62447a338a882b490460da20e90aac6d60ae7,True,False,True,False,False,False,False,False,False,False,False,False,False,False,True
global,156.0,27rdGxbavYJeBphck5MZAF,167869894,Nothing Breaks Like a Heart (feat. Miley Cyrus),Mark Ronson,https://open.spotify.com/track/27rdGxbavYJeBphck5MZAF,-0.9645045372764687,-0.5140161205540683,0.9848951845526919,-0.16956095868884274,1.5717461011907872,0.22821423599742302,-0.551829717754517,-1.1061128639081033,-0.2630258440504399,217467,3hv9jJF3adDNsBSIQDqcjp,83,749288,https://i.scdn.co/image/d91845f215e0a90b0d4b03bf930221fdf2316b97,False,False,False,False,False,False,False,True,False,False,False,False,False,True,False
global,157.0,7LzouaWGFCy4tkXDOOnEyM,166831567,Liar,Camila Cabello,https://open.spotify.com/track/7LzouaWGFCy4tkXDOOnEyM,-0.9371398591989867,0.4108470790101431,-0.7335635896419753,-0.13677198485465283,1.0642171593501095,-0.07433116968451631,-0.7405513873279828,0.7455881538611933,-0.7853961642425333,207039,4nDoRrQiYLoBzwC5BhVJzF,96,14245838,https://i.scdn.co/image/667daebca4856db3f4cbe8f51a4881091e62c401,False,False,False,False,False,False,False,False,False,False,False,True,False,True,False
global,158.0,5qqabIl2vWzo9ApSC317sa,165134319,Wonderwall - Remastered,Oasis,https://open.spotify.com/track/5qqabIl2vWzo9ApSC317sa,-1.0011646422741536,-1.997789455106724,1.577066789173827,-0.16957677944084176,0.14478067050830207,0.8686020113575281,-0.7835623724865866,-0.08495421440297664,1.6974413588835753,258773,2DaxqgrOhkeH0fpeiQq2f4,82,4804624,https://i.scdn.co/image/2a4e00f806df130d22e4bfc19243bbe743c304b3,True,False,True,False,False,False,False,False,False,False,False,False,False,True,False
global,159.0,7DcvwMAiqKJQD1rrdfxSDx,164727863,The London (feat. J. Cole & Travis Scott),Young Thug,https://open.spotify.com/track/7DcvwMAiqKJQD1rrdfxSDx,-0.9067779119721929,0.7834538356691063,-0.2226704405570745,-0.16957677944084176,-0.31125982795723434,-0.16869652240912106,0.1495126728929208,-1.4011142515429176,-0.7865352895513639,200107,50co4Is1HCEo8bhOyUWKpn,94,4744074,https://i.scdn.co/image/10ea494021e8341a2b5a8fcc8cd3b9a000cbc878,False,False,False,False,True,False,False,False,False,False,False,False,False,True,False
global,160.0,6wo37KVqFJhtuxPTpLCcfe,164486107,Takeaway (feat. Lennon Stella),The Chainsmokers,https://open.spotify.com/track/6wo37KVqFJhtuxPTpLCcfe,-0.5358171977781622,-2.5566995900951683,-0.6929243618738581,-0.16957677944084176,-0.5635532004954263,-0.5864973207317993,-0.7721512947914467,-0.5932642977121951,-1.198215176162566,209893,69GGBxA162lTqCwzJG5jLp,91,15139114,https://i.scdn.co/image/960547a625bc2eb742bb3dd170cbc049d2e94cf9,True,False,False,True,False,False,False,False,False,False,False,False,False,False,False
global,161.0,2TIlqbIneP0ZY1O0EzYLlc,161849904,Someone You Loved,Lewis Capaldi,https://open.spotify.com/track/2TIlqbIneP0ZY1O0EzYLlc,1.9203864817227134,-1.1793853288736447,-1.2734847585612454,-0.16957677944084176,-0.5098581095470648,0.28764279782780394,-0.8608065907306097,-0.18933932079683388,-0.3989072201751744,182161,4GNC7GD6oZMSxPGyXy4MNB,92,2143489,https://i.scdn.co/image/5ed13d249e562fea4e296aaeb745ce06d27ec88f,True,True,False,False,False,False,False,False,False,False,False,False,False,True,False
global,162.0,6nDKrPlXdpomGBgAlO7UdP,160799615,SOS,Avicii,https://open.spotify.com/track/6nDKrPlXdpomGBgAlO7UdP,0.05585151741063838,0.823375988168281,0.11986019348848441,-0.16957677944084176,-0.4068812227967824,0.10683590062264504,-0.5132076086325055,-0.5070331228650955,-0.7207914860131686,157202,1vCWHaC5f2uS3yhpwWbIA6,89,16559762,https://i.scdn.co/image/81b19a403109c4fe528ee3972137127b85be9519,False,False,False,False,False,True,False,False,False,False,False,False,False,True,False
global,163.0,6IRdLKIyS4p7XNiP8r6rsx,159097280,all the good girls go to hell,Billie Eilish,https://open.spotify.com/track/6IRdLKIyS4p7XNiP8r6rsx,0.09866964811509087,0.3176953898454023,-1.0470662038531644,1.4939287616318588,0.019737308025816167,-0.8803985719656835,2.124506889359423,0.36889407426596843,2.0470551893822346,168840,6qqNVTkY8uBg9cP3Jd7DAH,98,18867904,https://i.scdn.co/image/2622edec99d68d1d141886be593c88cbe509f6d8,False,False,False,False,False,False,False,False,True,False,False,False,False,True,False
global,164.0,4n7jnSxVLd8QioibtTDBDq,158069872,On My Way,Alan Walker,https://open.spotify.com/track/4n7jnSxVLd8QioibtTDBDq,-0.9215696298519129,-1.1261557922080785,0.3753067680309345,-0.16957677944084176,0.931818304956889,0.5577726243295356,-0.2454861704003796,-0.8655732709135623,1.5602581252630348,193798,7vk5e3vY1uw9plTHJAMwjN,89,17470399,https://i.scdn.co/image/c5c098af718b187525fb2f78527ebf89ea1b0466,False,True,False,False,False,False,False,False,False,False,False,False,False,True,False
global,165.0,6CcJMwBtXByIz4zQLzFkKc,157184058,i love you,Billie Eilish,https://open.spotify.com/track/6CcJMwBtXByIz4zQLzFkKc,2.7027905064131663,-1.711680695529306,-2.8642202454846872,-0.11687971579707021,-0.480436141904127,-4.306725291313646,-0.8055067526695477,-1.6688847418575952,0.4979098622480739,291796,6qqNVTkY8uBg9cP3Jd7DAH,98,18867904,https://i.scdn.co/image/2622edec99d68d1d141886be593c88cbe509f6d8,True,False,False,False,False,False,False,False,False,False,False,False,False,True,False
global,166.0,1000nHvUdawXuUHgBod4Wv,156980146,Panini,Lil Nas X,https://open.spotify.com/track/1000nHvUdawXuUHgBod4Wv,0.3283305309844281,0.1646604719318996,-0.17622560882208346,-0.16957677944084176,-0.37745925515384454,0.1194419591927259,-0.48072992596172287,-0.05772331708283991,1.0317365284032594,114893,7jVv8c5Fj3E9VhNjxT4snq,87,2218983,https://i.scdn.co/image/12d5ab979779aa41e697ce823328d527e643e4cf,False,False,False,False,False,True,False,False,False,False,False,False,False,True,False
global,167.0,5IaHrVsrferBYDm0bDyABy,156513581,Taste (feat. Offset),Tyga,https://open.spotify.com/track/5IaHrVsrferBYDm0bDyABy,-0.9110597250426382,1.3689787389903334,-0.3794217476626686,-0.16957677944084176,-0.5392800771900026,-0.34734238100226633,-0.0874866330830594,-0.6613415410125367,-0.7861121858652268,232959,5LHRHt1k9lMyONurDHEdrp,92,5328383,https://i.scdn.co/image/67c4bd718cbf584ba2d297ccbb1e6e62a9772d0a,True,False,False,False,False,False,False,False,False,False,False,False,False,True,False
global,168.0,2G1tXoGBaEMJ7FKGnkf6ud,156117240,Wake Up in the Sky,Gucci Mane,https://open.spotify.com/track/2G1tXoGBaEMJ7FKGnkf6ud,-0.9880934347372854,0.8100686040018894,-0.26911527229206555,-0.16957677944084176,1.4172807710653634,0.48033540739903924,-0.7150959063157478,-0.5478794688453006,0.6789982399146661,203161,13y7CgLHjMVRMDqxdx0Xdo,87,3031961,https://i.scdn.co/image/666097bb14996636cf7e106ca712a36fb39f8774,False,False,False,False,True,False,False,False,False,False,False,False,False,True,False
global,169.0,29fRTIKsJhLUJoldM89GZS,155478693,You Need To Calm Down,Taylor Swift,https://open.spotify.com/track/29fRTIKsJhLUJoldM89GZS,-0.9703044477082536,0.11143093526633341,0.31144512439532246,-0.16957677944084176,-0.8437974422944092,0.3146557804779772,-0.695784851754742,0.9906662297424234,-1.2082069324428752,171387,06HL4z0CvFAxyc27GXpf02,95,25846444,https://i.scdn.co/image/62b33d12e2b9a033cf77585f6e3d4b2c6b3a63a1,True,False,True,False,False,False,False,False,False,False,False,False,False,True,False
global,170.0,6uFn47ACjqYkc0jADwEdj1,154971084,Pop Out (feat. Lil Tjay),Polo G,https://open.spotify.com/track/6uFn47ACjqYkc0jADwEdj1,-0.41904047767510944,0.6237652256724078,0.08502656968724112,-0.16957677944084176,-0.7687714248049178,-0.23100646905552047,2.9583933363119463,-1.0289586548343823,1.4959789114076216,166560,6AgTAQt8XS6jRWi4sX7w49,82,726169,https://i.scdn.co/image/abaf714e5787cf8ba48f0528a1964b8abe2d19f9,True,True,False,False,False,False,False,False,False,False,False,False,False,True,False
global,171.0,0bYg9bo50gSsH3LtXe2SQn,154471340,All I Want for Christmas Is You,Mariah Carey,https://open.spotify.com/track/0bYg9bo50gSsH3LtXe2SQn,-0.3645446749603515,-2.283898214684142,0.0037481141510068063,-0.16957677944084176,-0.7614159328941833,-0.3545458430423124,-0.801995651840274,-0.6431876094657792,0.9155132004651921,241107,4iHNK0tOyZPYnBU7nGAgpQ,89,5197826,https://i.scdn.co/image/f20958ba510269df7c67951f0e6ae228ee1ce992,True,False,False,False,False,False,False,True,False,False,False,False,False,True,False
global,172.0,2qT1uLXPVPzGgFOx4jtEuo,154319901,no tears left to cry,Ariana Grande,https://open.spotify.com/track/2qT1uLXPVPzGgFOx4jtEuo,-0.847221784719636,0.11143093526633341,0.5146412632359076,-0.1695406011035499,0.8803298615817478,0.3495925713722013,-0.6194184087180372,-0.6068797463722635,-0.005030234819117614,205920,66CXWjxzNUsdJxJ2JdwvnR,97,40958727,https://i.scdn.co/image/b1dfbe843b0b9f54ab2e588f33e7637d2dab065a,False,False,False,False,False,False,False,False,False,True,False,False,False,True,False
global,173.0,1dGr1c8CrMLDpV6mPbImSI,153857907,Lover,Taylor Swift,https://open.spotify.com/track/1dGr1c8CrMLDpV6mPbImSI,0.9122141314996915,-2.1242096046874432,-0.4723114111326507,-0.16939297952791205,-0.4142367147075169,-0.39776661528258944,-0.33414146633954256,-0.15756994059000767,-1.7449302315262283,221307,06HL4z0CvFAxyc27GXpf02,95,25846444,https://i.scdn.co/image/62b33d12e2b9a033cf77585f6e3d4b2c6b3a63a1,True,False,False,False,False,False,False,True,False,False,False,False,False,True,False
global,174.0,7CZyCXKG6d5ALeq41sLzbw,153232549,Take What You Want (feat. Ozzy Osbourne & Travis Scott),Post Malone,https://open.spotify.com/track/7CZyCXKG6d5ALeq41sLzbw,-0.6502583834791538,-1.1926927130400362,1.019728808353935,-0.16957677944084176,-0.2009274492962176,1.3732045272627627,-0.7001737277913342,-0.9790353430807984,0.5783972019262704,229573,246dkjvS1zLTtiykXe5h60,100,21335421,https://i.scdn.co/image/93fec27f9aac86526b9010e882037afbda4e3d5f,False,True,False,False,False,False,False,False,False,False,False,False,False,True,False
global,175.0,7fODjB7BrQTGqh0hogW6XD,152569208,Que Mas Pues - Remix,Justin Quiles,https://open.spotify.com/track/7fODjB7BrQTGqh0hogW6XD,-0.5319246404413938,-0.2012925926438671,0.2127498569584665,-0.16954967477013758,-0.3995257308860479,0.5224756603333094,0.5708447724057747,1.4762838986181945,-0.2859059895392276,305962,77ziqFxp5gaInVrF2lj4ht,95,2397904,https://i.scdn.co/image/f99f48ccef2f7b3b247ba07e267c17da84978b0b,True,False,False,False,False,False,False,False,False,False,False,True,False,False,True
global,176.0,3s4mrPrEFFPF0LmAfutW0n,152519092,The London (feat. J. Cole & Travis Scott),Young Thug,https://open.spotify.com/track/3s4mrPrEFFPF0LmAfutW0n,-0.9059994005048392,0.703609530670757,-0.6232571142713715,-0.16956002805637221,-0.14208351401034186,-0.9016487849838194,0.6937333014303569,-1.2785752136023025,-0.7862098251774122,200187,50co4Is1HCEo8bhOyUWKpn,94,4744074,https://i.scdn.co/image/10ea494021e8341a2b5a8fcc8cd3b9a000cbc878,False,False,False,False,True,False,False,False,False,False,False,False,False,True,False
global,177.0,6RUKPb4LETWmmr3iAEQktW,152252829,Something Just Like This,The Chainsmokers,https://open.spotify.com/track/6RUKPb4LETWmmr3iAEQktW,-0.8090747228193055,-0.407557047222936,0.061804153819745605,-0.16940926559614633,-0.07588408681373167,-0.10494588335471254,-0.8625621411452465,-0.18933932079683388,-0.6225663379546178,247160,69GGBxA162lTqCwzJG5jLp,91,15139114,https://i.scdn.co/image/960547a625bc2eb742bb3dd170cbc049d2e94cf9,False,False,False,False,False,False,False,False,False,False,False,True,False,True,False
global,178.0,1LIqNVhaIgxXUt2eVoIQJ3,152023549,HP,Maluma,https://open.spotify.com/track/1LIqNVhaIgxXUt2eVoIQJ3,-0.02199962932473017,1.0562552110801322,0.9674783726520703,-0.1695635179281367,0.10064771904389529,1.1959993610776267,-0.4622966466080356,0.5912797357137517,-0.9818464603596347,184436,1r4hJ1h58CWwUQe3MxPuau,92,18201306,https://i.scdn.co/image/d12586e8e67dffd2ea281d6eeefbe4b06b06b69a,False,False,False,False,True,False,False,False,False,False,False,False,False,True,False
global,179.0,3XF5xLJHOQQRbWya6hBp7d,148910211,you should see me in a crown,Billie Eilish,https://open.spotify.com/track/3XF5xLJHOQQRbWya6hBp7d,0.7954374113966389,-0.0016818301479939555,-0.5303674508013895,2.378029608635532,-0.2597713845820931,-1.4433491303952917,0.4918450037471146,-0.7475727158596365,0.9213064663215289,180953,6qqNVTkY8uBg9cP3Jd7DAH,98,18867904,https://i.scdn.co/image/2622edec99d68d1d141886be593c88cbe509f6d8,True,False,False,False,True,False,False,False,False,False,False,False,False,True,False
global,180.0,322tcqPhma7F6hfCeLisx0,146033660,"fuck, i'm lonely (with Anne-Marie) - from “13 Reasons Why: Season 3”",Lauv,https://open.spotify.com/track/322tcqPhma7F6hfCeLisx0,0.8732885581320072,0.849990756501064,-0.3852273516295425,-0.16957677944084176,-0.8276153600907934,0.006347605164000931,-0.5412964152666956,0.8635887089151191,-0.8830354764279714,198973,5JZ7CnR6gTvEMKX4g70Amv,91,2139634,https://i.scdn.co/image/d763de4ee1f230d55719b5fcccd76984fcc2d290,True,False,False,False,False,False,False,False,False,True,False,False,False,True,False
global,181.0,6kls8cSlUyHW2BUOkDJIZE,145347250,Hate Me (with Juice WRLD),Ellie Goulding,https://open.spotify.com/track/6kls8cSlUyHW2BUOkDJIZE,-0.5825278858193833,-0.14140936389510514,0.833949481413971,-0.16957677944084176,-0.22299392502842097,0.6661847280322305,-0.695784851754742,1.2312058227369644,-1.5336713063943355,186223,0X2BH1fck6amBIoJhDVmmJ,87,7390843,https://i.scdn.co/image/6d2f58ed590582ac66df4a48708019f9d28f2cd9,True,False,False,False,False,False,False,False,True,False,False,False,False,True,False
global,182.0,6V9fHiv84WlVTg7CSnIVY2,145167518,Graveyard,Halsey,https://open.spotify.com/track/6V9fHiv84WlVTg7CSnIVY2,-0.10374333339686703,-0.07487244306314744,-0.24008725245769616,-0.16905562525734488,0.04915927566875403,0.4864583501330786,-0.4851188019983151,-1.364806388449402,-0.9797960348037404,181806,26VFTg2z8YR0cCuwLzESi2,92,9063023,https://i.scdn.co/image/1ccc88afcd13131dc35a1bd028922dbc748a55fb,False,False,False,False,False,False,False,False,False,False,False,True,False,True,False
global,183.0,7k4t7uLgtOxPwTpFmtJNTY,145149036,Tusa,KAROL G,https://open.spotify.com/track/7k4t7uLgtOxPwTpFmtJNTY,0.145380336156312,0.8300296802514767,0.5262524711696553,-0.1680179700527037,-0.859979524498025,1.1516980695313428,1.4749532359437734,0.3915864886994157,-0.6855111478768307,200960,790FomKkXshlbRYZFtlgla,92,7947851,https://i.scdn.co/image/f67a7967874f13a1af7f3e90df067eea5199c1d9,True,False,True,False,False,False,False,False,False,False,False,False,False,True,False
global,184.0,3oh6SCCeLuXhFpEyepla6G,144487661,Thotiana,Blueface,https://open.spotify.com/track/3oh6SCCeLuXhFpEyepla6G,-0.3022637575720567,1.5153599648206404,-1.4070136497993446,-0.16957677944084176,-0.4510141742611891,-2.309565440710845,1.2203984258214244,-0.4389558795647537,-0.5898246219351009,129264,3Fl1V19tmjt57oBdxXKAjJ,81,1765266,https://i.scdn.co/image/6924d354dc0667e20868cc9d10c3117249fa6373,False,False,False,False,False,False,False,False,False,False,True,False,False,True,False
global,185.0,6MJUCumnQsQEKbCy28tbCP,144255522,Adictiva,Daddy Yankee,https://open.spotify.com/track/6MJUCumnQsQEKbCy28tbCP,0.1298101068092383,0.7302242990035401,0.8513662933145926,-0.16892301013029432,-0.017040151527856158,1.1783508790795136,-0.6466294401449091,0.9679738153089761,-0.7521337052246944,207853,4VMYDCV2IEDYJArk749S6m,95,15857952,https://i.scdn.co/image/01dae15758ba1a3d18e6e35c27681dcf9da6ce21,True,False,False,False,True,False,False,False,False,False,False,False,False,True,False
global,186.0,76cy1WJvNGJTj78UqeA5zr,143425447,IDGAF,Dua Lipa,https://open.spotify.com/track/76cy1WJvNGJTj78UqeA5zr,-0.8460540175186055,1.0496015189969363,-0.46650580716577683,-0.16957677944084176,-0.6760922267296635,0.1810315596351208,-0.3130748613638999,0.10112358395129104,-0.8175520443889376,217947,6M2wZ9GZgrQXHCFfjv46we,93,14982761,https://i.scdn.co/image/a1f0ad6fe9f1913da2bd883555f3aee9d91024a9,True,False,False,False,False,False,False,True,False,False,False,False,False,True,False
global,187.0,79esEXlqqmq0GPz0xQSZTV,143302577,Lost In Japan,Shawn Mendes,https://open.spotify.com/track/79esEXlqqmq0GPz0xQSZTV,-0.010321957314424887,0.23119739276385728,0.6597813624077545,-0.16957677944084176,-0.5025026176363303,-0.11034847988474705,2.142062393505792,-0.28464746141731245,-0.5572130916651648,201200,7n2wHs1TKAczGzO7Dd2rGr,94,23152263,https://i.scdn.co/image/6bd59cfbd3e1e6394af710bddcd62999aae31c6f,True,False,False,False,False,False,False,False,False,False,True,False,False,True,False
global,188.0,2rPE9A1vEgShuZxxzR2tZH,142941148,"thank u, next",Ariana Grande,https://open.spotify.com/track/2rPE9A1vEgShuZxxzR2tZH,0.0869919761047858,0.30438800567901075,0.13147140142223215,-0.16957677944084176,-0.5319245852792682,0.30096920260188936,-0.5632407954496568,-0.23926263255041788,-0.49430082818034776,207333,66CXWjxzNUsdJxJ2JdwvnR,97,40958727,https://i.scdn.co/image/b1dfbe843b0b9f54ab2e588f33e7637d2dab065a,True,True,False,False,False,False,False,False,False,False,False,False,False,True,False
global,189.0,1lOe9qE0vR9zwWQAOk6CoO,142421652,Ransom,Lil Tecca,https://open.spotify.com/track/1lOe9qE0vR9zwWQAOk6CoO,-0.9235159085202972,0.444115539426122,0.10244338158786276,-0.16957677944084176,-0.7981933924478556,0.07946274487046971,1.3783979631387442,-1.1878055558685134,1.8820447517888435,131240,4Ga1P7PMIsmqEZqhYZQgDo,88,1508291,https://i.scdn.co/image/87b4d40e2c756869e2264ce9b5899956f8011405,False,False,False,False,False,False,False,True,False,False,False,False,False,True,False
global,190.0,6mAN61JH0dzyZpWslS11jy,142361657,Fantasias,Rauw Alejandro,https://open.spotify.com/track/6mAN61JH0dzyZpWslS11jy,-0.4462883790324884,1.3357102785743546,0.4565852235671688,-0.16957677944084176,-0.8636572704533922,0.8134955267511748,-0.5254964615349637,1.3628218264509586,-0.9159724710718592,199711,1mcTU81TzQhprhouKaTkpq,89,472527,https://i.scdn.co/image/a7d7f547bd026af653b776c7f2a730acfe9bc261,True,True,False,False,False,False,False,False,False,False,False,False,False,True,False
global,191.0,31UjYv5vLsDkzchJOtUMtW,142147199,HP,Maluma,https://open.spotify.com/track/31UjYv5vLsDkzchJOtUMtW,-0.02199962932473017,1.0562552110801322,0.9674783726520703,-0.1695635179281367,0.10064771904389529,1.1959993610776267,-0.4622966466080356,0.5912797357137517,-0.9818464603596347,184436,1r4hJ1h58CWwUQe3MxPuau,92,18201306,https://i.scdn.co/image/d12586e8e67dffd2ea281d6eeefbe4b06b06b69a,False,False,False,False,True,False,False,False,False,False,False,False,False,True,False
global,192.0,3a1lNhkSLSkpJE4MSHpDu9,142006864,Congratulations,Post Malone,https://open.spotify.com/track/3a1lNhkSLSkpJE4MSHpDu9,-0.16602425078516186,-0.32105905014139097,1.0429512242214307,-0.16957677944084176,0.5787546932416351,0.8264617584232581,-0.8221844816085981,0.019430891990880834,0.032495807497485936,220293,246dkjvS1zLTtiykXe5h60,100,21335421,https://i.scdn.co/image/93fec27f9aac86526b9010e882037afbda4e3d5f,True,False,False,False,False,False,True,False,False,False,False,False,False,True,False
global,193.0,2G7V7zsVDxg1yRsu7Ew9RJ,140455238,In My Feelings,Drake,https://open.spotify.com/track/2G7V7zsVDxg1yRsu7Ew9RJ,-0.7736524510547128,1.0429478269137407,0.009553718117880687,-0.16887880508794414,1.6305900364766628,0.23217614011944845,-0.043597872717137096,-0.6250336779190213,-1.0127655758850236,217925,3TVXtAsR1Inumwj472S9r4,99,43763483,https://i.scdn.co/image/012ecd119617ac24ab56620ace4b81735b172686,True,True,False,False,False,False,False,False,False,False,False,False,False,True,False
global,194.0,0PG9fbaaHFHfre2gUVo7AN,140443870,Please Me,Cardi B,https://open.spotify.com/track/0PG9fbaaHFHfre2gUVo7AN,-0.7530218971698402,0.4574229235925135,-0.3155601040270566,-0.16957677944084176,-0.670207833201076,-0.08405584343857869,-0.42981896393725305,0.7365111880878144,0.3854944674852393,200890,4kYSro6naA4h99UJvo89HB,92,10412486,https://i.scdn.co/image/85145039b32b56e911bd2ad39f28f96277aea9f3,True,True,False,False,False,False,False,False,False,False,False,False,False,True,False
global,195.0,7tFiyTwD0nx5a1eklYtX2J,140396723,Bohemian Rhapsody - 2011 Mix,Queen,https://open.spotify.com/track/7tFiyTwD0nx5a1eklYtX2J,0.118132434798933,-1.904637765941983,-1.2909015704618672,-0.16957677944084176,0.5051997741342905,-1.2546184249460821,-0.670329370742507,-1.1787285900951345,0.7074112797606292,354320,1dfeR4HaWDbWqFHLkxsg1d,93,22898929,https://i.scdn.co/image/b040846ceba13c3e9c125d68389491094e7f2982,False,False,False,False,False,False,False,False,False,False,False,False,False,True,False
global,196.0,1kK6DwzyXJSp58u5HYWwuD,140127272,"Go Loko (feat. Tyga, Jon Z)",YG,https://open.spotify.com/track/1kK6DwzyXJSp58u5HYWwuD,0.2621570562593648,1.3423639706575503,0.2650002926603314,-0.16952827022331537,-0.7952511956835618,0.4684496950329632,-0.7300180848401613,-1.6189614301040112,-0.6880172235562568,299227,0A0FS04o6zMoto8OKPsDwY,86,2020926,https://i.scdn.co/image/d1e573d166fe6f42bba50cb9754ed38c9ecf8105,True,False,True,False,False,False,False,False,False,False,False,False,False,True,False
global,197.0,14JzyD6FlBD5z0wV5P07YI,138462086,when the party's over,Billie Eilish,https://open.spotify.com/track/14JzyD6FlBD5z0wV5P07YI,2.807889554505914,-1.199346405123232,-3.020971552590282,-0.16866243303854586,-0.6238682341634489,-2.738171432093592,-0.5957184781204392,-1.283113696488992,0.06032301147033591,199931,6qqNVTkY8uBg9cP3Jd7DAH,98,18867904,https://i.scdn.co/image/2622edec99d68d1d141886be593c88cbe509f6d8,False,True,False,False,False,False,False,False,False,False,False,False,True,False,False
global,198.0,4MsUsFfWseB9M2plGJyuIw,137764356,ME! (feat. Brendon Urie of Panic! At The Disco),Taylor Swift,https://open.spotify.com/track/4MsUsFfWseB9M2plGJyuIw,-0.8896506596904118,-0.4275181234725233,1.246147363062016,-0.16957677944084176,-0.45836966617192354,0.8408686825033505,-0.5246186863276452,0.7682805682946405,1.9519870457510122,193040,06HL4z0CvFAxyc27GXpf02,95,25846444,https://i.scdn.co/image/62b33d12e2b9a033cf77585f6e3d4b2c6b3a63a1,True,False,False,False,False,False,False,False,False,False,False,False,False,True,False
global,199.0,7njKgVl3AnLflRad38o7AG,137375321,Paradise,Bazzi,https://open.spotify.com/track/7njKgVl3AnLflRad38o7AG,-0.6806203307059475,1.1028310556625025,0.11405458952161053,-0.16957677944084176,-0.4510141742611891,0.07369997523843277,-0.7203625575596585,0.4687406977731364,-0.0028170770762472926,169038,4GvEc3ANtPPjt1ZJllr5Zl,86,2722028,https://i.scdn.co/image/45509320e642ccb504b927598857768df0468dc6,False,False,False,False,False,False,False,False,False,False,False,True,False,True,False
global,200.0,6gBFPUFcJLzWGx4lenP6h2,137088727,goosebumps,Travis Scott,https://open.spotify.com/track/6gBFPUFcJLzWGx4lenP6h2,-0.6732244717660875,1.0828699794129153,0.6017253227390158,-0.16957677944084176,-0.18621646547474865,1.119282490351135,-0.7159736815230663,-0.2619550469838652,0.2571638648361791,243837,0Y5tJX1MQlPlqiwlOH1tJY,98,7626718,https://i.scdn.co/image/fec51156ed94b7ee30fbd4c7fd29b4a840e7daec,True,False,False,False,False,False,False,True,False,False,False,False,False,True,False
global,201.0,05CwHjIk71RXVU40boRMnR,134937512,Call You Mine,The Chainsmokers,https://open.spotify.com/track/05CwHjIk71RXVU40boRMnR,-0.1270986774174776,-0.580553041386026,0.4507796196002949,-0.16957677944084176,1.7629888908698828,0.3196982039060096,-0.8871398469501631,0.06027723797108594,-0.5905406435577943,217653,69GGBxA162lTqCwzJG5jLp,91,15139114,https://i.scdn.co/image/960547a625bc2eb742bb3dd170cbc049d2e94cf9,True,False,False,False,False,False,False,True,False,False,False,False,False,True,False
global,202.0,3U4isOIWM3VvDubwSI3y7a,134813252,All of Me,John Legend,https://open.spotify.com/track/3U4isOIWM3VvDubwSI3y7a,2.5860137863101142,-1.7050270034461101,-2.092074917890462,-0.16957677944084176,-0.31125982795723434,-0.2111969484453936,-0.8581732651086543,-0.7112648527661207,-0.07217353516530346,269560,5y2Xq6xcjJb2jVM54GHK3t,85,4804945,https://i.scdn.co/image/2bcc50240e556e832fde021700fdca5629d31440,True,False,False,False,False,False,False,False,True,False,False,False,False,True,False
global,203.0,3yNZ5r3LKfdmjoS3gkhUCT,134561463,bad guy (with Justin Bieber),Billie Eilish,https://open.spotify.com/track/3yNZ5r3LKfdmjoS3gkhUCT,-0.02199962932473017,-0.054911366813560125,-0.9948157681512996,3.66928216149616,-0.42159220661825125,-1.724284149957093,1.4486199797242199,0.872665674688498,0.42009133043628005,194840,6qqNVTkY8uBg9cP3Jd7DAH,98,18867904,https://i.scdn.co/image/2622edec99d68d1d141886be593c88cbe509f6d8,True,False,False,False,False,False,False,False,False,False,False,False,False,True,False
global,204.0,2FY7b99s15jUprqC0M5NCT,133932624,Natural,Imagine Dragons,https://open.spotify.com/track/2FY7b99s15jUprqC0M5NCT,-0.15823913611162502,0.17131416401509536,-0.0775303413852275,-0.16957677944084176,-0.684918817022545,0.13168784466080433,-0.7818068220719497,-1.2150364531886502,-0.7208240324505638,189467,53XhwfbYqKCa1cC15pYq2q,92,24617484,https://i.scdn.co/image/01b36ca0f45f2f15117022a2754287a6ca1acdcc,True,False,True,False,False,False,False,False,False,False,False,False,False,True,False
global,205.0,7anSoGdgtmJTAPZBzcPhO6,133360949,Cuaderno,Dalex,https://open.spotify.com/track/7anSoGdgtmJTAPZBzcPhO6,1.0367759662762812,0.018279246101593358,0.13727700538910603,-0.16957677944084176,-0.5172136014577993,0.5246366989453233,2.1947289059448987,0.9044350548953242,1.6231378423104574,286507,0KPX4Ucy9dk82uj4GpKesn,93,875341,https://i.scdn.co/image/096994a1c9aa8c44114858ee68cdbd5f69fec1ec,True,True,False,False,False,False,False,False,False,False,False,False,False,True,False
global,206.0,7Feaw9WAEREY0DUOSXJLOM,133075503,Summer Days (feat. Macklemore & Patrick Stump of Fall Out Boy),Martin Garrix,https://open.spotify.com/track/7Feaw9WAEREY0DUOSXJLOM,-0.30615631490882517,0.11143093526633341,0.5726973029046464,-0.16943369469849776,-0.2524158926713586,-0.1795017154691904,-0.6439961145229538,-0.7793420960664627,-0.2723992180202418,163805,60d24wfXkVzDSfLS6hyCjZ,88,12498138,https://i.scdn.co/image/990f17c31b1cb4b4b2bc7b3d4780e2c9fd3a846a,False,False,False,False,False,True,False,False,False,False,False,False,False,True,False
global,207.0,4a6q8CR2hzLk2plDkSxkfD,130923031,I.F.L.Y.,Bazzi,https://open.spotify.com/track/4a6q8CR2hzLk2plDkSxkfD,0.4723551524448597,0.8899129090002387,-0.6116459063376238,-0.16957677944084176,-0.3259708117787033,0.5959509731417802,-0.8028734270475923,0.3008168309656271,-0.5595889815950107,165714,4GvEc3ANtPPjt1ZJllr5Zl,86,2722028,https://i.scdn.co/image/45509320e642ccb504b927598857768df0468dc6,True,False,True,False,False,False,False,False,False,False,False,False,False,True,False
global,208.0,1WSGTYKLEpKfNQYYW5Oymt,129020612,"I Can’t Get Enough (benny blanco, Selena Gomez, J Balvin, Tainy)",benny blanco,https://open.spotify.com/track/1WSGTYKLEpKfNQYYW5Oymt,0.5696690858640704,-0.9132376455458139,-0.9077317086481914,-0.16953431933437382,1.3510813438687532,0.8783266851115905,2.0367293686275785,0.9180505035553921,-0.874898867079185,158027,5CiGnKThu5ctn9pBxv7DGa,83,458671,https://i.scdn.co/image/6397158bae9bf66c29bb425edba14961dbf14a20,False,False,False,False,False,False,False,False,False,False,True,False,False,True,False
global,209.0,3id2EVGKc3eFAMn9nFnB0r,128371806,Love Someone,Lukas Graham,https://open.spotify.com/track/3id2EVGKc3eFAMn9nFnB0r,-0.33340421626620415,0.11143093526633341,-1.2502623426937503,-0.16957677944084176,-0.4730806499933925,-0.03723334017827859,-0.6975404021693788,-1.0108047232876245,1.6172469371419356,205440,25u4wHJWxCA9vO0CzxAbK7,79,1599559,https://i.scdn.co/image/5bd7d837e985d43ca5197a72db3feb3ffa1a2821,False,False,False,False,False,False,False,False,False,True,False,False,False,True,False
global,210.0,5KbBGUpIZd6gVFUU8tqYiQ,127896512,Si Se Da,Myke Towers,https://open.spotify.com/track/5KbBGUpIZd6gVFUU8tqYiQ,0.45289236576101755,1.0096793664977617,0.497224451335286,-0.16957677944084176,-0.6371081196027709,0.34382980174016436,1.7207302939929383,0.977050781082355,-0.9168512248815281,237013,7iK8PXO48WeuP03g8YR51W,91,888971,https://i.scdn.co/image/b46fe7d8ddb47ae233bfab6e7ce76b3558dd1336,False,False,False,False,False,False,False,False,False,False,False,True,False,True,False
global,211.0,6RRNNciQGZEXnqk8SQ9yv5,127638856,You Need To Calm Down,Taylor Swift,https://open.spotify.com/track/6RRNNciQGZEXnqk8SQ9yv5,-0.9667622205317944,0.617111533589212,0.2708058966272053,-0.16957677944084176,-0.8136399254603979,0.30997353015194723,-0.6554071922180935,1.026974092835939,-1.2081743860054803,171360,06HL4z0CvFAxyc27GXpf02,95,25846444,https://i.scdn.co/image/62b33d12e2b9a033cf77585f6e3d4b2c6b3a63a1,True,False,True,False,False,False,False,False,False,False,False,False,False,True,False
global,212.0,3XiNC94b4Tq1xwv70sQJGN,127569510,Sanguine Paradise,Lil Uzi Vert,https://open.spotify.com/track/3XiNC94b4Tq1xwv70sQJGN,-0.6339096426647265,0.3376564660949896,-0.12397517312021855,-0.16957677944084176,-0.4510141742611891,-0.09306017098863621,-0.5562185937911092,-1.274036730715613,0.417389976132483,243976,4O15NlyKLIASxsJ0PrXPfz,92,7585654,https://i.scdn.co/image/a6dd2fabeba127e6eea02bd234545de91c44e604,False,False,False,False,False,False,True,False,False,False,False,False,False,True,False
global,213.0,4TnjEaWOeW0eKTKIEvJyCa,127484851,Falling,Trevor Daniel,https://open.spotify.com/track/4TnjEaWOeW0eKTKIEvJyCa,-0.5241395257678568,0.703609530670757,-1.1283446593893989,-0.16957677944084176,-0.6297526276920364,-0.8206098370333001,-0.8213067064012797,-1.142420727001619,0.16076131727175647,159382,7uaIm6Pw7xplS8Dy06V6pT,87,134258,https://i.scdn.co/image/bd0c90c5ba1e8c3cb438478929b896bee2a920ec,False,False,False,False,False,False,False,False,False,False,True,False,False,True,False
global,214.0,51NFxnQvaosfDDutk0tams,125588211,bellyache,Billie Eilish,https://open.spotify.com/track/51NFxnQvaosfDDutk0tams,0.7876522967231021,0.11143093526633341,-0.2981432921264349,0.6842785122706004,2.263162340799826,-0.7633423138149328,-0.21037516210764173,-0.3618016704910332,-0.7228093651316679,179172,6qqNVTkY8uBg9cP3Jd7DAH,98,18867904,https://i.scdn.co/image/2622edec99d68d1d141886be593c88cbe509f6d8,False,False,False,False,True,False,False,False,False,False,False,False,False,True,False
global,215.0,0YammaEkYSeo9vQYZ1OwS6,124602073,Say My Name,David Guetta,https://open.spotify.com/track/0YammaEkYSeo9vQYZ1OwS6,-0.46964372305309887,0.1646604719318996,0.2069442529915926,-0.16957677944084176,0.13006968668683314,0.48933973494909705,-0.06115337686350602,1.3718987922243375,-0.8825472798670442,198947,1Cs0zKBU1kc0i8ypK3B9ai,90,20802505,https://i.scdn.co/image/3a8476a71714e7718a41a1157c40f93abb8cc750,False,False,False,False,False,False,False,False,False,False,True,False,False,True,False
global,216.0,2xJCMIJfcNYDc5iR0sAm2O,124455526,New Rules,Dua Lipa,https://open.spotify.com/track/2xJCMIJfcNYDc5iR0sAm2O,-0.9927645035414074,0.55722830484045,0.43916841166654713,-0.16939530610908837,-0.1567944978318108,0.1644635969430145,-0.5316408879861927,0.5458949068468572,-0.1977051441983821,209320,6M2wZ9GZgrQXHCFfjv46we,93,14982761,https://i.scdn.co/image/a1f0ad6fe9f1913da2bd883555f3aee9d91024a9,False,False,False,False,False,False,False,False,False,True,False,False,False,True,False
global,217.0,6Ozh9Ok6h4Oi1wUSLtBseN,124252527,BOP,DaBaby,https://open.spotify.com/track/6Ozh9Ok6h4Oi1wUSLtBseN,-0.2672307415411409,0.6038041494228205,0.9442559567845747,-0.16957677944084176,-0.3333263036894378,0.9251491883718906,2.0806181289935006,1.580669005012052,0.15044409661749494,159715,4r63FhuTkUYltbVAg5TQnk,95,1799463,https://i.scdn.co/image/f68192e6516d89a77a2b16904725a77b75b42056,True,False,False,False,False,False,False,False,False,False,False,True,False,True,False
global,218.0,224EVTFiLsdQignUFLvDeH,123812842,Pa Mí - Remix,Dalex,https://open.spotify.com/track/224EVTFiLsdQignUFLvDeH,1.9281715963962502,0.06485509068396302,-0.025279905683362594,-0.16951547402684558,-0.12001703827813846,-0.5587639918776215,0.790288574235386,1.085974370362902,1.5580124210827702,360960,0KPX4Ucy9dk82uj4GpKesn,93,875341,https://i.scdn.co/image/096994a1c9aa8c44114858ee68cdbd5f69fec1ec,False,False,False,False,False,False,False,False,False,False,False,True,False,True,False
global,219.0,0rTV5WefWd1J3OwIheTzxM,123286296,Talk,Khalid,https://open.spotify.com/track/0rTV5WefWd1J3OwIheTzxM,-0.807906955618275,1.4754378123214658,-1.302512778395615,-0.16957677944084176,-0.6378436687938444,-0.7078756561065772,-0.05237562479032156,-0.6794954725592945,0.4508802602120881,197487,6LuN9FCkKOj5PcnpouEgny,96,10092177,https://i.scdn.co/image/e52c824585bfeef4d674b509437120805300f557,True,False,False,False,False,False,False,False,False,False,False,False,False,True,False
global,220.0,1iQDltZqI7BXnHrFy4Qo1k,123245059,Trampoline (with ZAYN),SHAED,https://open.spotify.com/track/1iQDltZqI7BXnHrFy4Qo1k,1.1769080303999446,-0.39424966305654446,-0.9599821443500562,-0.16957677944084176,-0.27448236840356205,0.25054496832156625,-0.8476399626208331,0.04666178931101757,0.1515181290515348,184280,3KwmxIhSe9UTSEF37kwngR,81,84410,https://i.scdn.co/image/d4a8d208a0334c183ffa012724df7d85a1878c20,False,False,False,False,False,False,False,True,False,False,False,False,False,True,False
global,221.0,4ZLzoOkj0MPWrTLvooIuaa,123134143,Get You The Moon (feat. Snøw),Kina,https://open.spotify.com/track/4ZLzoOkj0MPWrTLvooIuaa,1.7997172042828922,-1.199346405123232,-2.2604374329298045,-0.16957677944084176,-0.22299392502842097,-3.6245574361212745,0.5094005078934835,-1.8073084699016233,-0.10514307624658656,179080,4qIVPF0s71ZYW3qzhu5GkF,81,256939,https://i.scdn.co/image/b94b31a2fa825319d0f9ef1812b6ec2163add35e,False,True,False,False,False,False,False,False,False,False,False,False,False,True,False
global,222.0,2LskIZrCeLxRvCiGP8gxlh,122376635,Arms Around You (feat. Maluma & Swae Lee),XXXTENTACION,https://open.spotify.com/track/2LskIZrCeLxRvCiGP8gxlh,-0.8853688466199666,0.1646604719318996,0.5726973029046464,-0.1695528156547256,-0.35539277942164116,0.3701224381863327,-0.7791734964499943,-0.9064196168937674,-0.5591007850340834,198903,15UsOTVnJzReFVN1VCnxy4,95,17294420,https://i.scdn.co/image/942afa81f0a2298ead0c154fb7b4b606de48d9e6,False,False,False,False,False,False,False,False,False,True,False,False,False,True,False
global,223.0,4Of7rzpRpV1mWRbhp5rAqG,122014940,Bruises,Lewis Capaldi,https://open.spotify.com/track/4Of7rzpRpV1mWRbhp5rAqG,2.679435162392556,0.38423231067736,-1.8366283433480115,-0.16957677944084176,0.08593673522242636,-0.48708954457916215,-0.5465630665106064,-0.5751103661654373,-0.3562388407501382,220492,4GNC7GD6oZMSxPGyXy4MNB,92,2143489,https://i.scdn.co/image/5ed13d249e562fea4e296aaeb745ce06d27ec88f,True,False,False,False,True,False,False,False,False,False,False,False,False,True,False
global,224.0,3EPXxR3ImUwfayaurPi3cm,121519143,Be Alright,Dean Lewis,https://open.spotify.com/track/3EPXxR3ImUwfayaurPi3cm,1.7101883855372182,-0.8333933405474646,-0.2226704405570745,-0.16957677944084176,-0.6841832678314714,0.05713201254632647,-0.8230622568159165,-0.20295476945690225,0.14764510300151243,196373,3QSQFmccmX81fWCUSPTS7y,83,926350,https://i.scdn.co/image/666aa7bc7c5386cceb3a484bffdc07ab89e6634e,True,False,False,False,False,False,False,False,False,False,False,True,False,True,False
global,225.0,3f5lA8nnc4YYF1qf78WpHw,121089966,Ella Quiere Beber - Remix,Anuel AA,https://open.spotify.com/track/3f5lA8nnc4YYF1qf78WpHw,0.02860361605325939,0.47738399984210084,0.235972272825962,-0.16957677944084176,-0.9033769267713584,1.2226521706257976,-0.05237562479032156,0.9498198837622183,-0.8757776208888539,219357,2R21vXR83lH98kGeO99Y66,96,9911627,https://i.scdn.co/image/8eebdbd3738acd6a69228ed3240a06e4e53ca651,True,False,False,False,False,False,False,False,True,False,False,False,False,True,False
global,226.0,14mHfNsSHN0FbLftyjrV9g,119910695,Leave Me Alone,Flipp Dinero,https://open.spotify.com/track/14mHfNsSHN0FbLftyjrV9g,-0.5864204431561517,0.7568390673363232,0.688809382242124,-0.16957677944084176,0.06387025949022296,1.322420119880437,-0.39383018043719686,1.1540516136632437,0.9072789518042206,195637,2HUwZ0kumzCSlhFcjFZfpp,76,491934,https://i.scdn.co/image/00c6da6b5821d9fe0e7e525fdeb75cbde822800c,True,False,False,False,False,False,False,True,False,False,False,False,False,True,False
global,227.0,37eGbhE1xVFSvcKkqGb6i1,119375901,Contra La Pared,Sean Paul,https://open.spotify.com/track/37eGbhE1xVFSvcKkqGb6i1,-0.9422001837367856,0.9963719823313703,-0.21105923262332674,-0.16957677944084176,-0.37010376324311006,-0.23857010419756894,-0.10504213722942833,0.5005100779799626,-0.9144102420768921,224681,3Isy6kedDrgPYoTS1dazA9,85,2856914,https://i.scdn.co/image/e15025ccdfab6e62b9c2b391e4e5f44bac36a3db,True,False,True,False,False,False,False,False,False,False,False,False,False,True,False
global,228.0,05mDaV9Vb3wrzjF6OPZnhq,118147209,Saint-Tropez,Post Malone,https://open.spotify.com/track/05mDaV9Vb3wrzjF6OPZnhq,-0.7907797033364939,-0.407557047222936,0.34627874819656573,-0.16957677944084176,-0.5172136014577993,1.0299595610545624,-0.7554735658523963,-0.8746502366869412,0.3243397116197602,150867,246dkjvS1zLTtiykXe5h60,100,21335421,https://i.scdn.co/image/93fec27f9aac86526b9010e882037afbda4e3d5f,True,False,False,False,False,False,False,False,False,False,False,False,False,True,False
global,229.0,3NkJNL3WqO1Lqc3uNDxvCN,117448202,Don’t Call Me Angel (Charlie’s Angels) (with Miley Cyrus & Lana Del Rey),Ariana Grande,https://open.spotify.com/track/3NkJNL3WqO1Lqc3uNDxvCN,-0.9924920245278336,-0.23456105305984595,0.5610860949708987,-0.16950104922355239,-0.6216615865902285,0.44287740479079907,-0.7466958137792119,-0.7748036131797732,-0.6259837138811083,190107,66CXWjxzNUsdJxJ2JdwvnR,97,40958727,https://i.scdn.co/image/b1dfbe843b0b9f54ab2e588f33e7637d2dab065a,True,True,False,False,False,False,False,False,False,False,False,False,False,True,False
global,230.0,75ZvA4QfFiZvzhj2xkaWAh,116832184,I Fall Apart,Post Malone,https://open.spotify.com/track/75ZvA4QfFiZvzhj2xkaWAh,-0.7347268776870285,-0.8134322642978773,-0.50133943096702,-0.16957677944084176,0.159491654329771,0.3852497084704296,-0.8055067526695477,-0.892804168233699,0.7095918910661033,223347,246dkjvS1zLTtiykXe5h60,100,21335421,https://i.scdn.co/image/93fec27f9aac86526b9010e882037afbda4e3d5f,False,False,False,False,False,False,False,False,True,False,False,False,False,True,False
global,231.0,2FRnf9qhLbvw8fu4IBXx78,116577820,Last Christmas,Wham!,https://open.spotify.com/track/2FRnf9qhLbvw8fu4IBXx78,-0.2672307415411409,0.37757861859416425,-0.8496756689794529,-0.16954792983425535,1.3290148681365497,-2.1590130840738793,-0.8836287461208894,2.084440605434581,-0.47080230038105203,262960,5lpH0xAS4fVfLkACg9DAuM,82,1063999,https://i.scdn.co/image/028bf41acbd7858a4a8acf688a392d4ee9e369ef,True,False,True,False,False,False,False,False,False,False,False,False,False,True,False
global,232.0,59s0s39NFWScuHDbHytI14,115515486,Indeciso,Reik,https://open.spotify.com/track/59s0s39NFWScuHDbHytI14,-0.2944786428985199,0.39753969484375157,0.7178374020764934,-0.16957677944084176,-0.4730806499933925,0.567497298083598,-0.743184712949938,1.8529779782134195,-0.8852160877334464,217253,0vR2qb8m9WHeZ5ByCbimq2,87,3457296,https://i.scdn.co/image/674f858129ef3c3d1f38ca2de254e0e871d1084d,True,False,False,False,False,False,False,False,False,False,False,False,False,True,False
global,233.0,0rIAC4PXANcKmitJfoqmVm,115416782,Motivation,Normani,https://open.spotify.com/track/0rIAC4PXANcKmitJfoqmVm,-0.9281869773244193,-0.5273235047204599,1.524816353471962,-0.169562703624725,0.9244628130461546,0.9042591484557566,-0.27708607786384354,1.7849007349130777,1.5873042147384018,193837,2cWZOOzeOm4WmBJRnD5R7I,83,687630,https://i.scdn.co/image/eaef9743235fa95f1cb777fb690747c2fbd7e01d,True,False,False,False,True,False,False,False,False,False,False,False,False,True,False
global,234.0,6EOKwHETwSkZ9gW2b6ASE0,114243212,Ransom,Lil Tecca,https://open.spotify.com/track/6EOKwHETwSkZ9gW2b6ASE0,-0.9235159085202972,0.444115539426122,0.10244338158786276,-0.16957677944084176,-0.7981933924478556,0.07946274487046971,1.3783979631387442,-1.1878055558685134,1.8820447517888435,131240,4Ga1P7PMIsmqEZqhYZQgDo,88,1508291,https://i.scdn.co/image/87b4d40e2c756869e2264ce9b5899956f8011405,False,False,False,False,False,False,False,True,False,False,False,False,False,True,False
global,235.0,7xQAfvXzm3AkraOtGPWIZg,114072916,Wow.,Post Malone,https://open.spotify.com/track/7xQAfvXzm3AkraOtGPWIZg,-0.47353628038986734,1.003025674414566,-0.4955338270001462,-0.16955607286837246,-0.5245690933685337,-0.31744801353607466,0.6849555493571725,-0.45257132822482204,-0.7221258899463698,149547,246dkjvS1zLTtiykXe5h60,100,21335421,https://i.scdn.co/image/93fec27f9aac86526b9010e882037afbda4e3d5f,False,False,False,False,False,False,False,False,False,False,False,True,False,True,False
global,236.0,3y3brCCecHC3Db18aIOnny,111828515,"Carry On (from the Original Motion Picture ""POKÉMON Detective Pikachu"")",Kygo,https://open.spotify.com/track/3y3brCCecHC3Db18aIOnny,0.4801402671183965,-0.580553041386026,0.46819643150091655,-0.168227362358573,-0.3186153198679688,-0.014902607854135346,-0.44737446808362197,-0.9881123088541773,-0.011344243673775564,215316,23fqKkggKUBHNkbKtXEls4,89,5922832,https://i.scdn.co/image/1caaca2be637b0c56bb0ede637e36a8bcca149d1,False,False,False,False,False,False,False,False,False,True,False,False,False,True,False
global,237.0,6vWEAOUSxohKxhp0K1BsxL,111679619,Mixed Personalities (feat. Kanye West),YNW Melly,https://open.spotify.com/track/6vWEAOUSxohKxhp0K1BsxL,0.7759746247127968,-0.11479459556232206,-1.07028861972066,-0.16957677944084176,-0.3406817956001722,-0.9459500765301032,-0.4359633903884822,-0.6159567121456424,0.9044474117508433,230400,1cNDP5yjU5vjeR8qMf4grg,90,2433412,https://i.scdn.co/image/030819be90d9cd2438d122215868eb46ed880ebf,True,False,True,False,False,False,False,False,False,False,False,False,False,True,False
global,238.0,2plLJpUcYPFrl1sW2pMG63,111306252,Lights Up,Harry Styles,https://open.spotify.com/track/2plLJpUcYPFrl1sW2pMG63,-0.8371011356440382,0.11143093526633341,-0.025279905683362594,-0.14351907026599667,-0.17886097356401418,-0.5807345510997624,-0.8537843890720621,-0.9381889971005933,-0.6577164903413759,172227,6KImCVD70vtIoJWnq6nGn3,95,5911371,https://i.scdn.co/image/b2163e7456f3d618a0e2a4e32bc892d6b11ce673,False,False,False,True,False,False,False,False,False,False,False,False,False,True,False
global,239.0,2374M0fQpWi3dLnB54qaLX,110915843,Africa,TOTO,https://open.spotify.com/track/2374M0fQpWi3dLnB54qaLX,-0.0025368426408880324,-0.04825767473036435,-1.4592640855012096,-0.1686519634232524,-0.9283855992678555,-4.17310107047079,-0.857295489901336,1.1086667847963492,-0.9578597359994123,295893,0PFtn5NtBbbUNbU9EAmIWF,78,1316258,https://i.scdn.co/image/a47fe4b4087afd805a6e40730023b5d182423990,True,False,False,False,False,False,False,False,False,True,False,False,False,True,False
global,240.0,36orMWv2PgvnzXsd5CJ0yL,110744630,Post Malone (feat. RANI),Sam Feldt,https://open.spotify.com/track/36orMWv2PgvnzXsd5CJ0yL,-0.7028079075255275,-0.5872067334692218,0.10244338158786276,-0.16957677944084176,-0.5098581095470648,0.9391959393499806,-0.06993112893669048,0.7410496709745038,-0.4814124389718699,174444,20gsENnposVs2I4rQ5kvrf,82,457804,https://i.scdn.co/image/62e52a4d9e1c9cdb7dc906d3b72eb2866f7f3f8a,True,False,False,False,False,False,False,True,False,False,False,False,False,True,False
global,241.0,4sjiIpEv617LDXaidKioOI,110678230,223's (feat. 9lokknine),YNW Melly,https://open.spotify.com/track/4sjiIpEv617LDXaidKioOI,-0.8518928535237582,1.6883559589837305,-0.44908899526515517,-0.16957677944084176,-0.602537307622319,-0.4716021011930628,1.7821745585052295,0.9407429179888394,-0.8836213123010841,176640,1cNDP5yjU5vjeR8qMf4grg,90,2433412,https://i.scdn.co/image/030819be90d9cd2438d122215868eb46ed880ebf,False,False,False,False,False,False,False,False,False,False,False,False,False,True,False
global,242.0,7AFASza1mXqntmGtbxXprO,110624983,changes,XXXTENTACION,https://open.spotify.com/track/7AFASza1mXqntmGtbxXprO,2.4342040501761453,-0.0615650588967559,-1.8366283433480115,-0.16957677944084176,-0.5584043561579122,-1.293156946860329,-0.8862620717428447,0.1465084128181856,-1.8620974061487543,121887,15UsOTVnJzReFVN1VCnxy4,95,17294420,https://i.scdn.co/image/942afa81f0a2298ead0c154fb7b4b606de48d9e6,True,False,False,False,False,False,False,False,False,False,False,True,False,True,False
global,243.0,4VUwkH455At9kENOfzTqmF,110323177,Beautiful (feat. Camila Cabello),Bazzi,https://open.spotify.com/track/4VUwkH455At9kENOfzTqmF,0.3439007603315016,-0.2678295134758248,0.5378636791034032,-0.16957677944084176,-0.5098581095470648,0.6323284564440134,-0.8450066369988777,-1.083420449474656,-0.7199452786408949,180000,4GvEc3ANtPPjt1ZJllr5Zl,86,2722028,https://i.scdn.co/image/45509320e642ccb504b927598857768df0468dc6,True,False,True,False,False,False,False,False,False,False,False,False,False,True,False
global,244.0,2D3z17LBMJ2HEHeBFFjTLi,110316702,Reggaeton,J Balvin,https://open.spotify.com/track/2D3z17LBMJ2HEHeBFFjTLi,-0.938696882133694,0.4574229235925135,0.6713925703415023,-0.16842046859620802,-0.5392800771900026,0.7753171779389301,0.5357337641130369,0.29173986519224815,1.7546254493868472,158800,1vyhD5VmyZ7KMfW5gqLgo5,99,17106207,https://i.scdn.co/image/84a8ce44cf41f5991178c3d7d8060d2e65624d1f,False,False,False,False,True,False,False,False,False,False,False,False,False,True,False
global,245.0,40OMBMYRk5IQL6xCzGM0JA,110149257,Summer Days (feat. Macklemore & Patrick Stump of Fall Out Boy),Martin Garrix,https://open.spotify.com/track/40OMBMYRk5IQL6xCzGM0JA,-0.30615631490882517,0.11143093526633341,0.5726973029046464,-0.16943369469849776,-0.2524158926713586,-0.1795017154691904,-0.6439961145229538,-0.7793420960664627,-0.2723992180202418,163805,60d24wfXkVzDSfLS6hyCjZ,88,12498138,https://i.scdn.co/image/990f17c31b1cb4b4b2bc7b3d4780e2c9fd3a846a,False,False,False,False,False,True,False,False,False,False,False,False,False,True,False
global,246.0,6Y4PDQv4XjYjHLeLmvyOt0,107854024,Si Te Vas,Sech,https://open.spotify.com/track/6Y4PDQv4XjYjHLeLmvyOt0,-0.6393592229362023,0.35761754234457693,0.11405458952161053,-0.16952396604813916,-0.23034941693915545,0.8477119714413943,0.017846391795154133,0.3008168309656271,1.6908669785297559,204907,77ziqFxp5gaInVrF2lj4ht,95,2397904,https://i.scdn.co/image/f99f48ccef2f7b3b247ba07e267c17da84978b0b,True,False,False,False,False,False,False,False,False,False,False,False,False,True,False
global,247.0,08bNPGLD8AhKpnnERrAc6G,107230844,FRIENDS,Marshmello,https://open.spotify.com/track/08bNPGLD8AhKpnnERrAc6G,-0.20494982415284616,-0.34767381847417406,1.484177125703845,-0.16957677944084176,-0.3406817956001722,1.4744131689254116,-0.6984181773766973,0.21004717323183797,-0.8809850508720776,202621,64KEffDW9EtZ1y2vBYgq8T,90,20341696,https://i.scdn.co/image/eb88f6dde0844337248826abb86c6e0b0ef05973,False,False,False,False,False,False,False,False,False,True,False,False,False,True,False
global,248.0,4tNXntkAzQ5A2dfYRYGIIQ,106865905,Easier,5 Seconds of Summer,https://open.spotify.com/track/4tNXntkAzQ5A2dfYRYGIIQ,0.9005364594893862,-1.1527705605408616,-1.1399558673231465,-0.16957677944084176,-0.5635532004954263,0.3146557804779772,0.7990663263085704,0.5912797357137517,1.7466190257876408,157493,5Rl15oVamLq7FbSb0NNBNy,87,5627772,https://i.scdn.co/image/81f45e1c43d961f38e0885e79db547b86d25d101,True,False,False,False,False,True,False,False,False,False,False,False,False,True,False
global,249.0,18uwL0vNUanqZH0ro2QcOP,106742343,comethru,Jeremy Zucker,https://open.spotify.com/track/18uwL0vNUanqZH0ro2QcOP,1.3598582252280602,0.7768001435859105,-2.5913568590416154,-0.16957677944084176,3.3002867002133844,-1.9857698220107687,-0.6369739128644061,0.5458949068468572,-0.9166884926945525,181613,3gIRvgZssIb9aiirIg0nI3,83,603958,https://i.scdn.co/image/adf07b39b33a244d036cd8e92f2bef4f3dbca7ab,True,False,False,False,False,False,False,False,False,False,False,False,False,True,False
global,250.0,26wLOs3ZuHJa2Ihhx6QIE6,105595545,Teeth,5 Seconds of Summer,https://open.spotify.com/track/26wLOs3ZuHJa2Ihhx6QIE6,-0.8020681196131223,0.47073030775890506,-0.9483709364163085,-0.1695041901081404,-0.7393494571619799,1.2665932890700793,-0.7756623956207206,-0.3073398758507597,0.5491379547080342,204887,5Rl15oVamLq7FbSb0NNBNy,87,5627772,https://i.scdn.co/image/81f45e1c43d961f38e0885e79db547b86d25d101,False,False,False,False,False,False,False,False,False,False,True,False,False,True,False
global,251.0,02itaCXOdC54J0ISjqqFAp,105576121,All Around The World (La La La),R3HAB,https://open.spotify.com/track/02itaCXOdC54J0ISjqqFAp,0.861610886121702,0.3642712344277727,1.3622594423994934,0.5807456499241176,-0.5098581095470648,0.5213951410273023,-0.8511510634501068,0.1465084128181856,0.09114448768353882,147840,6cEuCEZu7PAE9ZSzLLc2oQ,85,1938755,https://i.scdn.co/image/a157c6e13ffffd135f1465d18103c774d20d053b,False,False,False,False,False,False,False,False,False,True,False,False,False,True,False
global,252.0,3g4UyIcQwutiG0TfW32GnX,105148236,Esclavo de Tus Besos,Manuel Turizo,https://open.spotify.com/track/3g4UyIcQwutiG0TfW32GnX,-0.5630650991355411,0.8433370644178683,0.2708058966272053,-0.16957677944084176,0.7626419910099967,0.4183856338546422,-0.16648640174171944,0.15558537859156452,-1.014425444192176,219302,0tmwSHipWxN12fsoLcFU3B,88,4961323,https://i.scdn.co/image/9e1ae0a54dfd7962c9996ee4ea69c39fb2ecb271,True,False,False,False,False,True,False,False,False,False,False,False,False,True,False
global,253.0,0sf12qNH5qcw8qpgymFOqD,104635897,Blinding Lights,The Weeknd,https://open.spotify.com/track/0sf12qNH5qcw8qpgymFOqD,-0.9972020189053233,-1.0995410238752954,0.9965063924864396,-0.16714550211158166,-0.5922396189472907,0.8653604534395073,-0.5886962764618917,-0.6477260923524687,1.5905263120405209,201573,1Xyo4u8uXC1ZmMpatF05PJ,96,18323290,https://i.scdn.co/image/22c98f5bc7713315e8d3e48aa3ce8a98ce4ec873,True,True,False,False,False,False,False,False,False,False,False,False,False,True,False
global,254.0,7BuHdm4lQqcyG3qTwdkxus,104407936,Aullando,Wisin & Yandel,https://open.spotify.com/track/7BuHdm4lQqcyG3qTwdkxus,-0.286693528224983,0.8100686040018894,0.6713925703415023,-0.16957677944084176,-0.8717483115552002,0.70508342304848,-0.7203625575596585,1.3038215489239957,-1.045149281093194,226200,1wZtkThiXbVNtj6hee6dz9,85,3244983,https://i.scdn.co/image/58f9d7a3987afb50f6acefd3cf575a999e6c4796,True,False,False,False,False,False,False,False,False,False,True,False,False,True,False
global,255.0,7CHi4DtfK4heMlQaudCuHK,103945719,Lose Control,MEDUZA,https://open.spotify.com/track/7CHi4DtfK4heMlQaudCuHK,-0.5007841817472463,-0.5339771968036556,-0.5710066785695067,-0.16957677944084176,-0.2524158926713586,-0.7856730461390763,-0.776540170828039,0.1873547587983907,0.05817494660225619,168387,0xRXCcSX89eobfrshSVdyu,85,152909,https://i.scdn.co/image/f1dc8347ce1fd49e13f3e799175290a36e02b52d,False,False,False,False,False,False,False,False,False,False,True,False,False,True,False
global,256.0,7BuSE9uTIw931wtZYzvZcQ,103747537,Runaway,Sebastian Yatra,https://open.spotify.com/track/7BuSE9uTIw931wtZYzvZcQ,-0.872134151674954,0.5173061523412754,1.3158146106645023,-0.16957677944084176,-0.35539277942164116,1.1336894144312273,-0.5491963921325617,2.0254403279076185,-1.5340293172056825,200693,07YUOmWljBTXwIseAUd9TW,89,10046817,https://i.scdn.co/image/212a1f446c0940ee9ce636f2e2496849a0240df4,True,False,True,False,False,False,False,False,False,False,False,False,False,True,False
global,257.0,4yI3HpbSFSgFZtJP2kDe5m,103587011,Look At Her Now,Selena Gomez,https://open.spotify.com/track/4yI3HpbSFSgFZtJP2kDe5m,-0.5591725417987727,-0.7668564197155077,-0.35039372782829986,0.12589902995249105,0.9538847806890924,-0.5144627003313375,1.2379539299677933,0.28266289941886924,1.0482375721625976,162596,0C8ZW7ezQVs4URX5aX7Kqx,93,18882676,https://i.scdn.co/image/dc6dd5ccdccee8c947b41af13e3b60ce0a235708,False,False,False,False,False,False,False,False,False,False,True,False,False,False,True
global,258.0,3Tc57t9l2O8FwQZtQOvPXK,102431765,my strange addiction,Billie Eilish,https://open.spotify.com/track/3Tc57t9l2O8FwQZtQOvPXK,0.35947098967857527,1.7349318035661,-1.8540451552486332,-0.16761081834684674,-0.5098581095470648,-1.61154996903037,1.9665073520421026,0.3416631769458317,-0.7198801857661047,179889,6qqNVTkY8uBg9cP3Jd7DAH,98,18867904,https://i.scdn.co/image/2622edec99d68d1d141886be593c88cbe509f6d8,False,False,False,False,False,False,False,False,True,False,False,False,False,True,False
global,259.0,4NBTZtAt1F13VvlSKe6KTl,102014288,This Feeling,The Chainsmokers,https://open.spotify.com/track/4NBTZtAt1F13VvlSKe6KTl,-0.7857193787986949,-0.6870121147171584,-0.3097545000601827,-0.16957677944084176,-0.6113638979152003,-0.5144627003313375,-0.7554735658523963,-0.17572387213676552,-0.5564970700424714,197947,69GGBxA162lTqCwzJG5jLp,91,15139114,https://i.scdn.co/image/960547a625bc2eb742bb3dd170cbc049d2e94cf9,True,True,False,False,False,False,False,False,False,False,False,False,False,True,False
global,260.0,3M9Apu4OZfylLTFKvgEtKa,101321426,Ritual,Tiësto,https://open.spotify.com/track/3M9Apu4OZfylLTFKvgEtKa,-0.39179257631773046,-0.20794628472706286,0.590114114805268,-0.16957677944084176,-0.6613812429081947,0.7522660994107823,-0.656284967425412,1.26751368583048,-0.2327576572729543,198996,2o5jDhtHVPhrJdv3cEQ99Z,85,4824537,https://i.scdn.co/image/75b06fb7f4eef88d06067ad277840ccfec3eb1b1,False,False,False,True,False,False,False,False,False,False,False,False,False,True,False
global,261.0,0TlLq3lA83rQOYtrqBqSct,101244428,Nonstop,Drake,https://open.spotify.com/track/0TlLq3lA83rQOYtrqBqSct,-0.9390861378673708,1.555282117319815,-1.2328455307931285,-0.018349002979687168,-0.5172136014577993,-0.5749717814677254,-0.05237562479032156,-0.2982629100773808,1.0686767348467499,238614,3TVXtAsR1Inumwj472S9r4,99,43763483,https://i.scdn.co/image/012ecd119617ac24ab56620ace4b81735b172686,True,False,False,False,False,False,False,True,False,False,False,False,False,True,False
global,262.0,543bCW2ruMPmxUBWirQ3MR,100909750,Cross Me (feat. Chance the Rapper & PnB Rock),Ed Sheeran,https://open.spotify.com/track/543bCW2ruMPmxUBWirQ3MR,-0.1699168081219303,0.45076923150931775,0.9442559567845747,-0.16957677944084176,-0.7901023513460477,0.0376826650382017,-0.0874866330830594,0.5413564239601677,-0.8833934872393183,206187,6eUKZXaKkcviH0Ku9w2n3V,98,57463755,https://i.scdn.co/image/f55cab0739390cf3b2c2f773b9c779b2f0ae8a99,True,False,False,False,True,False,False,False,False,False,False,False,False,True,False
global,263.0,6RyaV7owmVU6fzEPE17sF1,100464346,Que Tire Pa Lante,Daddy Yankee,https://open.spotify.com/track/6RyaV7owmVU6fzEPE17sF1,-0.8168598374928423,-0.13475567181190937,1.6060948090081963,-0.16957677944084176,-0.3995257308860479,1.3195387350644188,-0.8274511328525087,0.9997431955158023,-0.9167861320067381,210520,4VMYDCV2IEDYJArk749S6m,95,15857952,https://i.scdn.co/image/01dae15758ba1a3d18e6e35c27681dcf9da6ce21,True,False,False,False,False,False,False,True,False,False,False,False,False,True,False
global,264.0,6WkJ2OK163XXS2oARUC9JM,100432584,Dancin (feat. Luvli) - Krono Remix,Aaron Smith,https://open.spotify.com/track/6WkJ2OK163XXS2oARUC9JM,-0.6097757871767622,0.27777323734622766,0.6771981743083763,-0.16941275546791082,0.8435524020280755,-0.018504338874158355,-0.8888953973647999,-0.5932642977121951,-0.07328011403673862,198053,77qukKzmdI5BeMBR7WGUrN,74,181543,https://i.scdn.co/image/ead4661fcddfe229e2e07d76b74e04e6de06cdcb,False,False,False,False,False,False,False,False,False,False,True,False,False,True,False
global,265.0,1Slwb6dOYkBlWal1PGtnNg,100347749,Thinking out Loud,Ed Sheeran,https://open.spotify.com/track/1Slwb6dOYkBlWal1PGtnNg,0.8421480994378598,0.6836484544211697,-1.0412605998862905,-0.16957677944084176,0.07122575140095742,0.15005667286292212,-0.8818731957062524,0.4687406977731364,-1.4043643106234203,281560,6eUKZXaKkcviH0Ku9w2n3V,98,57463755,https://i.scdn.co/image/f55cab0739390cf3b2c2f773b9c779b2f0ae8a99,True,False,True,False,False,False,False,False,False,False,False,False,False,True,False
global,266.0,3Yh9lZcWyKrK9GjbhuS0hR,100158110,Good as Hell,Lizzo,https://open.spotify.com/track/3Yh9lZcWyKrK9GjbhuS0hR,-0.00642939997765646,0.02493293818478913,1.7105956804119262,-0.16957677944084176,1.968942664370448,1.1877153797315736,-0.37276357546155414,0.21458565611852742,-0.8515956179042605,159736,56oDRnqbIiwx4mymNEv7dS,88,1838446,https://i.scdn.co/image/e33e4245fe5901ed940ba95070bb8d56679b6fe0,False,False,False,False,False,False,False,False,False,False,False,False,False,True,False
global,267.0,3S0OXQeoh0w6AY8WQVckRW,98928861,I'm Yours,Jason Mraz,https://open.spotify.com/track/3S0OXQeoh0w6AY8WQVckRW,1.313147537186839,0.05154770651757221,-0.9715933522838041,-0.16957677944084176,-0.5098581095470648,-0.6642947107642977,-0.7300180848401613,1.0451280243826968,0.9375145921443113,242187,4phGZZrJZRo4ElhRtViYdl,81,4989594,https://i.scdn.co/image/0139b01c55d497621fa5e31621ef51e004c7e168,True,False,False,False,False,False,False,False,False,False,False,True,False,True,False
global,268.0,5dW1VZPcFqB4n0P08rGDgm,98876935,The Git Up,Blanco Brown,https://open.spotify.com/track/5dW1VZPcFqB4n0P08rGDgm,-0.7425119923605654,1.12279213191209,0.31144512439532246,-0.16957677944084176,0.7332200233670589,-0.7770288916910206,-0.18404190588808836,1.4672069328448163,-0.7864376502391783,200594,3yzRiNMZdTsSUgplcyYZ4i,71,74640,https://i.scdn.co/image/5fcf96459eb4ddc85e97de5565876e2549599d20,True,False,False,False,False,False,False,False,False,True,False,False,False,True,False
global,269.0,5DxXgozhkPLgrbKFY91w0c,97873904,Vete,Bad Bunny,https://open.spotify.com/track/5DxXgozhkPLgrbKFY91w0c,-0.8616242468656792,1.382286123156725,0.2766115005940792,-0.16947464252720107,-0.5392800771900026,0.7504652339007708,0.5094005078934835,0.17373931013832233,-0.9819766461092155,192024,4q3ewBCX7sLwd24euuV69X,98,17863391,https://i.scdn.co/image/22590f4021a00d1cad0821cc46a54395960342ee,True,True,False,False,False,False,False,False,False,False,False,False,False,True,False
global,270.0,2GGMabyHXnJmjY6CXhhB2e,97576044,Money,Cardi B,https://open.spotify.com/track/2GGMabyHXnJmjY6CXhhB2e,-0.9821378220120296,1.8081224164812535,-0.19944802468957898,-0.16957677944084176,-0.4730806499933925,-0.010940703732109905,1.4047312193582977,-1.2195749360753396,0.2556667287160017,183527,4kYSro6naA4h99UJvo89HB,92,10412486,https://i.scdn.co/image/85145039b32b56e911bd2ad39f28f96277aea9f3,False,False,False,False,False,False,False,False,True,False,False,False,False,True,False
global,271.0,0F7FA14euOIX8KcbEturGH,97567036,Old Town Road,Lil Nas X,https://open.spotify.com/track/0F7FA14euOIX8KcbEturGH,-0.7779342641251581,1.522013656903836,-0.5477842627020111,-0.16955083806072574,-0.5392800771900026,0.13168784466080433,-0.026042368570768176,0.08750813529122267,0.45078262089990223,113000,7jVv8c5Fj3E9VhNjxT4snq,87,2218983,https://i.scdn.co/image/12d5ab979779aa41e697ce823328d527e643e4cf,True,True,False,False,False,False,False,False,False,False,False,False,False,True,False
global,272.0,7mWFF4gPADjTQjC97CgFVt,97166469,Baila Baila Baila - Remix,Ozuna,https://open.spotify.com/track/7mWFF4gPADjTQjC97CgFVt,-0.7701491494516213,0.7102632227539528,-0.30394889609330883,-0.16957677944084176,0.321312476365929,-0.3696731133264093,-0.06115337686350602,0.010353926217501924,-0.7203032894522413,235284,1i8SpTcr7yvPOmcqrbnVXY,98,21123358,https://i.scdn.co/image/f9ede0c1b199df8dfc4a29b784342e9af2e15a2c,True,False,True,False,False,False,False,False,False,False,False,False,False,True,False
global,273.0,5Z8HZM6iQMhhqyPcCGY5g9,97026659,Hot (feat. Gunna),Young Thug,https://open.spotify.com/track/5Z8HZM6iQMhhqyPcCGY5g9,-0.7576929659739623,1.176021668577656,0.15469381728972767,-0.16957677944084176,-0.7143407846654827,-0.5641665884076563,0.9219548553331527,0.3235092453990744,-0.33036442302099706,193027,50co4Is1HCEo8bhOyUWKpn,94,4744074,https://i.scdn.co/image/10ea494021e8341a2b5a8fcc8cd3b9a000cbc878,False,False,False,False,False,False,False,False,False,False,False,False,False,True,False
global,274.0,0KoiMHhqKLoL4xM54rcWYY,94973273,"Taki Taki (feat. Selena Gomez, Ozuna & Cardi B)",DJ Snake,https://open.spotify.com/track/0KoiMHhqKLoL4xM54rcWYY,-0.39179257631773046,1.089523671496111,1.025534412320809,-0.1695207088344923,-0.8099621795050308,0.832224528055295,0.8605105908208617,0.5867412528270622,-0.8548828080811702,212500,540vIaP2JwjQb9dm3aArA4,88,6393532,https://i.scdn.co/image/4c684a7c0a70d1f506595739c14f8a76ebef6687,False,False,False,False,False,False,False,False,True,False,False,False,False,True,False
global,275.0,0vrmHPfoBadXVr2n0m1aqZ,94962901,Heaven,Avicii,https://open.spotify.com/track/0vrmHPfoBadXVr2n0m1aqZ,-0.7246062286114306,-0.5738993493028303,1.4435378979357276,-0.055341643683261894,-0.2377049088498899,0.2980878177858709,-0.8994286998526214,0.12835448127142776,-0.004444398946004964,277262,1vCWHaC5f2uS3yhpwWbIA6,89,16559762,https://i.scdn.co/image/81b19a403109c4fe528ee3972137127b85be9519,True,False,False,False,False,False,False,False,False,True,False,False,False,True,False
global,276.0,4sWuPniHClkInYAnzXAYUF,94846197,Camelot,NLE Choppa,https://open.spotify.com/track/4sWuPniHClkInYAnzXAYUF,-0.6724459602987338,0.7235706069203444,0.5146412632359076,-0.16957677944084176,3.9917029398224235,0.44143671238279,2.379061699481772,1.2448212713970328,1.7214931761185883,148759,0ErzCpIMyLcjPiwT4elrtZ,86,764672,https://i.scdn.co/image/b808fa4973753af178f8cf5b70aaa736514d3614,True,False,False,False,False,False,False,True,False,False,False,False,False,True,False
global,277.0,56f5qnyAlZdlz8wrUDA50h,94778737,Desconocidos,Mau y Ricky,https://open.spotify.com/track/56f5qnyAlZdlz8wrUDA50h,-0.543602312451699,0.2711195452630319,0.7468654219108628,-0.1695278049070801,0.27717952490152226,0.5714592022056234,0.43040073923482336,0.8499732602550507,1.691094803591522,204564,2wkoKEfS6dXwThbyTnZWFU,83,1531985,https://i.scdn.co/image/5c2cf545129d57e90bfecf7f4e9a8fd61f5ff93e,True,False,False,False,False,False,False,True,False,False,False,False,False,True,False
global,278.0,6K5BsR04ijf3FHNzjbaagD,94739913,Si Se Da - Remix,Myke Towers,https://open.spotify.com/track/6K5BsR04ijf3FHNzjbaagD,0.713693707324502,0.9231813694162168,0.2766115005940792,-0.16957677944084176,-0.3259708117787033,0.3117743956619587,1.4837309880169578,1.2992830660373063,-0.9161352032588352,332240,7iK8PXO48WeuP03g8YR51W,91,888971,https://i.scdn.co/image/b46fe7d8ddb47ae233bfab6e7ce76b3558dd1336,False,False,False,False,False,False,False,False,False,False,False,True,False,True,False
global,279.0,4QIo4oxwzzafcBWkKjDpXY,94619840,xanny,Billie Eilish,https://open.spotify.com/track/4QIo4oxwzzafcBWkKjDpXY,1.9203864817227134,-1.0463114872097292,-2.8990538692859307,-0.14549666426587332,0.6670205961704487,-4.089540910806255,0.9570658636258905,-1.9738707918431262,-0.34478249478704664,243725,6qqNVTkY8uBg9cP3Jd7DAH,98,18867904,https://i.scdn.co/image/2622edec99d68d1d141886be593c88cbe509f6d8,True,False,False,False,False,False,False,False,False,True,False,False,False,True,False
global,280.0,7taXf5odg9xCAZERYfyOkS,94471626,Feliz Navidad,José Feliciano,https://open.spotify.com/track/7taXf5odg9xCAZERYfyOkS,1.0757015396439655,-1.285844402204777,1.3506482344657456,-0.16957677944084176,1.270170932850674,-0.2093960829353821,-0.7528402402304409,2.1570563316216123,0.8657822441254093,182360,7K78lVZ8XzkjfRSI7570FF,77,162885,https://i.scdn.co/image/8b180c877595972c5e22cb41c480d5ca7df79760,True,False,True,False,False,False,False,False,False,False,False,False,False,True,False
global,281.0,1G2CAJeP7rCwOZjlSJ0Zw3,94429136,Que Calor (with J Balvin & El Alfa),Major Lazer,https://open.spotify.com/track/1G2CAJeP7rCwOZjlSJ0Zw3,-0.8581209452625876,0.7768001435859105,1.5132051455382143,-0.0818646690933721,0.8141304343851375,0.8459111059313829,-0.512329833425187,-0.1258005603831815,0.1266201044442481,169998,738wLrAtLtCtFOLvQBXOXp,86,5890848,https://i.scdn.co/image/093b23f613441e9b90070939795f3109386edbb4,True,False,False,False,False,False,False,False,True,False,False,False,False,True,False
global,282.0,1DhRbox3xkceP64k3JeYfW,94212394,Antisocial (with Travis Scott),Ed Sheeran,https://open.spotify.com/track/1DhRbox3xkceP64k3JeYfW,-0.4852139524001726,0.24450477693024883,1.1532576995920338,-0.16957677944084176,1.3731478196009566,0.41946615316064917,-0.7063181542425634,1.9165167386270718,0.9701586688516424,161747,6eUKZXaKkcviH0Ku9w2n3V,98,57463755,https://i.scdn.co/image/f55cab0739390cf3b2c2f773b9c779b2f0ae8a99,False,False,False,False,False,True,False,False,False,False,False,False,False,True,False
global,283.0,4e4fqjx0Izh4svvTef1z7e,93977282,Meant to Be (feat. Florida Georgia Line),Bebe Rexha,https://open.spotify.com/track/4e4fqjx0Izh4svvTef1z7e,-0.817638348960196,-0.24121474514304173,0.8571718972814665,-0.16957677944084176,-0.8070199827407369,-0.047678360136345514,-0.39646350605915215,0.4596637319997575,1.0365208547003455,164205,64M6ah0SkkRsnPGtGiRAbb,87,4604422,https://i.scdn.co/image/d7846ef6807a6a5e449997e9d11e5bd8b2d2576a,True,False,False,False,False,False,False,False,False,False,True,False,False,True,False
global,284.0,5QiNbIilmMiMBXvaAlf7lN,93843918,Who Do You Love,The Chainsmokers,https://open.spotify.com/track/5QiNbIilmMiMBXvaAlf7lN,-0.9721339496565348,-1.1195021001248828,1.2229249471945203,-0.16957677944084176,0.3286679682766635,0.6499769384421267,-0.7484513641938488,-0.23926263255041788,0.5818145778527605,226747,69GGBxA162lTqCwzJG5jLp,91,15139114,https://i.scdn.co/image/960547a625bc2eb742bb3dd170cbc049d2e94cf9,True,False,False,True,False,False,False,False,False,False,False,False,False,True,False
global,285.0,11cDEev79fPKi6uJCjUhu8,93776181,Who Do You Love,The Chainsmokers,https://open.spotify.com/track/11cDEev79fPKi6uJCjUhu8,-0.9721339496565348,-1.1195021001248828,1.2229249471945203,-0.16957677944084176,0.3286679682766635,0.6499769384421267,-0.7484513641938488,-0.23926263255041788,0.5818145778527605,226747,69GGBxA162lTqCwzJG5jLp,91,15139114,https://i.scdn.co/image/960547a625bc2eb742bb3dd170cbc049d2e94cf9,True,False,False,True,False,False,False,False,False,False,False,False,False,True,False
global,286.0,57vxBYXtHMk6H1aD29V7PU,93734471,Heartless,The Weeknd,https://open.spotify.com/track/57vxBYXtHMk6H1aD29V7PU,-0.9783231158219966,0.11143093526633341,0.7294486100102412,-0.1686926785938381,-0.42159220661825125,0.232896486323453,-0.16648640174171944,-1.314883076695818,1.555929449089481,200080,1Xyo4u8uXC1ZmMpatF05PJ,96,18323290,https://i.scdn.co/image/22c98f5bc7713315e8d3e48aa3ce8a98ce4ec873,False,False,False,False,False,False,False,False,False,False,True,False,False,True,False
global,287.0,4ofwffwvvnbSkrMSCKQDaC,93550720,Shotgun,George Ezra,https://open.spotify.com/track/4ofwffwvvnbSkrMSCKQDaC,0.11034732012539615,-0.04160398264716858,0.6423645505071329,-0.16957677944084176,0.497844282223556,0.6283665523219882,-0.7396736121206644,1.2085134083035172,-0.20851056141357036,201287,2ysnwxxNtSgbb9t1m2Ur4j,81,2876840,https://i.scdn.co/image/f145882e808633707759012c6417264f657304be,True,False,False,False,False,True,False,False,False,False,False,False,False,True,False
global,288.0,2cYnZNzFRFK0H7vSNxPsUq,93243617,Ella Quiere Beber - Remix,Anuel AA,https://open.spotify.com/track/2cYnZNzFRFK0H7vSNxPsUq,0.02860361605325939,0.4840376919252966,0.235972272825962,-0.16957677944084176,-0.9033769267713584,1.2226521706257976,-0.05237562479032156,0.9543583666489077,-0.8757776208888539,219357,2R21vXR83lH98kGeO99Y66,96,9911627,https://i.scdn.co/image/8eebdbd3738acd6a69228ed3240a06e4e53ca651,True,False,False,False,False,False,False,False,True,False,False,False,False,True,False
global,289.0,5Id5B3dxJZhPcV9GzgYZZe,93048667,Quizas,Rich Music LTD,https://open.spotify.com/track/5Id5B3dxJZhPcV9GzgYZZe,-0.9024960989017478,0.32434908192859807,1.1068128678570428,-0.16957677944084176,0.4169338712054771,1.44920105178525,0.20217918533202758,0.8590502260284296,1.7551461923851692,216067,2kqUKsTuEj1lPbm6BSn1AU,84,28778,https://i.scdn.co/image/7eff816abb6777c0d9efdd9b9aba473407bb28f5,True,False,False,True,False,False,False,False,False,False,False,False,False,True,False
global,290.0,278kSqsZIiYp8p3QjYAqa8,92964817,NI BIEN NI MAL,Bad Bunny,https://open.spotify.com/track/278kSqsZIiYp8p3QjYAqa8,1.161337801052871,0.9830645981649787,-1.018038184018795,-0.16936157068203167,0.7258645314563245,-0.6671760955803165,-0.5491963921325617,-0.684033955445984,0.1913875148605885,236216,4q3ewBCX7sLwd24euuV69X,98,17863391,https://i.scdn.co/image/22590f4021a00d1cad0821cc46a54395960342ee,False,False,False,False,False,True,False,False,False,False,False,False,False,True,False
global,291.0,0Xek5rqai2jcOWCYWJfVCF,92853630,Enemies (feat. DaBaby),Post Malone,https://open.spotify.com/track/0Xek5rqai2jcOWCYWJfVCF,-0.7740417067883897,0.11143093526633341,0.28822270852782694,-0.16957677944084176,-0.5797352826990422,0.8315041818512905,0.7025110535035414,0.8136653971615351,-1.4893105122247514,196760,246dkjvS1zLTtiykXe5h60,100,21335421,https://i.scdn.co/image/93fec27f9aac86526b9010e882037afbda4e3d5f,True,False,False,False,False,False,True,False,False,False,False,False,False,True,False
global,292.0,4Sib57MmYGJzSvkW84jTwh,92665016,ME! (feat. Brendon Urie of Panic! At The Disco),Taylor Swift,https://open.spotify.com/track/4Sib57MmYGJzSvkW84jTwh,-0.8896506596904118,0.11143093526633341,1.246147363062016,-0.16957677944084176,-0.45836966617192354,0.8408686825033505,-0.5246186863276452,0.7682805682946405,1.9519870457510122,193040,06HL4z0CvFAxyc27GXpf02,95,25846444,https://i.scdn.co/image/62b33d12e2b9a033cf77585f6e3d4b2c6b3a63a1,True,False,False,False,False,False,False,False,False,False,False,False,False,True,False
global,293.0,2WyRfGeHo97VC5mP1BBSzr,92062874,Mother's Daughter,Miley Cyrus,https://open.spotify.com/track/2WyRfGeHo97VC5mP1BBSzr,-0.9848626121477676,0.018279246101593358,1.3970930662007366,-0.14991716850089165,-0.18621646547474865,0.8448305866253758,-0.6194184087180372,0.18281627591170124,-1.0131886795711607,219080,5YGY8feqx7naU7z4HrwZM6,87,10744522,https://i.scdn.co/image/b5079187578650ea27fba00480ddf80182777fda,False,True,False,False,False,False,False,False,False,False,False,False,False,True,False
global,294.0,5BDP2tky8oMQJPS33frKVp,89754384,Un Año,Sebastian Yatra,https://open.spotify.com/track/5BDP2tky8oMQJPS33frKVp,-0.4268255923486463,0.617111533589212,-1.4070136497993446,-0.16957677944084176,-0.5172136014577993,-0.11899263433280247,-0.6896404253035129,0.21458565611852742,-0.8858019236065591,164440,07YUOmWljBTXwIseAUd9TW,89,10046817,https://i.scdn.co/image/212a1f446c0940ee9ce636f2e2496849a0240df4,True,True,False,False,False,False,False,False,False,False,False,False,False,True,False
global,295.0,5wujBwqG7INdStqGd4tRMX,89699062,Armed And Dangerous,Juice WRLD,https://open.spotify.com/track/5wujBwqG7INdStqGd4tRMX,-0.2789084135514462,0.38423231067736,0.2650002926603314,-0.16957677944084176,-0.44365868235045464,-0.08081428552055779,1.5890640128951714,1.621515350992257,0.2566105754004617,169999,4MCBfE4596Uoi2O4DtmEMz,98,7403812,https://i.scdn.co/image/d8e62447a338a882b490460da20e90aac6d60ae7,True,False,False,False,False,False,False,False,False,False,True,False,False,True,False
global,296.0,3NuK5xMlSlB6K2Qp16zf3h,89617971,Solo (feat. Demi Lovato),Clean Bandit,https://open.spotify.com/track/3NuK5xMlSlB6K2Qp16zf3h,-0.8639597812677402,0.4108470790101431,-0.013668697749614832,-0.16901258350558285,1.3363703600472843,0.6733881900722769,-0.7493291394011672,0.309893796739006,-0.5591984243462689,222707,6MDME20pz9RveH9rEXvrOM,82,3581961,https://i.scdn.co/image/08a4e4c0edda46a1ab4c9ee851f8fa567741d7e6,False,False,False,False,False,False,False,False,False,False,False,True,False,True,False
global,297.0,1ndyl3wJCFs872XZ3ztPk6,89347454,"DJ No Pare (feat. Zion, Dalex, Lenny Tavárez) - Remix",Justin Quiles,https://open.spotify.com/track/1ndyl3wJCFs872XZ3ztPk6,-0.8273697423021171,0.43080815525973043,0.49141884736841207,-0.16951652098837494,-0.6871254645957653,0.9204669380458605,-0.3692524746322803,1.5579765905786047,1.5574591316470527,258600,14zUHaJZo1mnYtn6IBRaRP,92,1443108,https://i.scdn.co/image/010f0c9f4e26d62f461f3385b02b0d086917da97,False,False,False,True,False,False,False,False,False,False,False,False,False,True,False
global,298.0,07Oz5StQ7GRoygNLaXs2pd,88906793,Good as Hell (feat. Ariana Grande) - Remix,Lizzo,https://open.spotify.com/track/07Oz5StQ7GRoygNLaXs2pd,0.15705800816661727,-0.06821875097995167,1.5538443733063314,-0.16957677944084176,4.124101794215644,1.252186364989987,-0.5746518731447965,-0.04410786842277154,-0.8533856719609934,159011,56oDRnqbIiwx4mymNEv7dS,88,1838446,https://i.scdn.co/image/e33e4245fe5901ed940ba95070bb8d56679b6fe0,False,False,False,False,False,True,False,False,False,False,False,False,False,True,False
global,299.0,7sWRlDoTDX8geTR8zzr2vt,88362930,Hollywood's Bleeding,Post Malone,https://open.spotify.com/track/7sWRlDoTDX8geTR8zzr2vt,0.2855124002799754,-1.818139768860438,0.12566579745535827,-0.16957677944084176,-0.5245690933685337,1.1783508790795136,-0.7229958831816138,-1.4419605975231224,0.2626642127559582,156267,246dkjvS1zLTtiykXe5h60,100,21335421,https://i.scdn.co/image/93fec27f9aac86526b9010e882037afbda4e3d5f,False,False,False,False,True,False,False,False,False,False,False,False,False,True,False
global,300.0,0lizgQ7Qw35od7CYaoMBZb,87886865,Santa Tell Me,Ariana Grande,https://open.spotify.com/track/0lizgQ7Qw35od7CYaoMBZb,-0.8125780244223971,-1.0196967188769461,-0.01947430171648871,-0.16957677944084176,0.8803298615817478,-0.3192488790460862,-0.12259764137579714,0.4687406977731364,2.2701935641633555,204093,66CXWjxzNUsdJxJ2JdwvnR,97,40958727,https://i.scdn.co/image/b1dfbe843b0b9f54ab2e588f33e7637d2dab065a,True,False,False,False,False,False,False,True,False,False,False,False,False,True,False
global,301.0,7GX5flRQZVHRAGd6B4TmDO,87250711,XO Tour Llif3,Lil Uzi Vert,https://open.spotify.com/track/7GX5flRQZVHRAGd6B4TmDO,-0.9926477268213044,0.35761754234457693,0.7294486100102412,-0.16957677944084176,-0.480436141904127,0.040203876752218065,0.8868438470404151,-0.39357105069785914,1.0723544822724014,182707,4O15NlyKLIASxsJ0PrXPfz,92,7585654,https://i.scdn.co/image/a6dd2fabeba127e6eea02bd234545de91c44e604,False,False,False,False,False,False,False,False,False,False,False,True,False,True,False
global,302.0,0fySG6A6qLE8IvDpayb5bM,86810955,VIBEZ,DaBaby,https://open.spotify.com/track/0fySG6A6qLE8IvDpayb5bM,-0.5630650991355411,0.5971504573396247,0.16049942125660158,-0.16957677944084176,-0.4951471257255959,1.3577170838766635,1.5539530046024335,1.3128985146973746,1.042769770680214,144935,4r63FhuTkUYltbVAg5TQnk,95,1799463,https://i.scdn.co/image/f68192e6516d89a77a2b16904725a77b75b42056,True,True,False,False,False,False,False,False,False,False,False,False,False,True,False
global,303.0,2QpGZOhTCHHiKmpSO9FW4h,86650523,Follow God,Kanye West,https://open.spotify.com/track/2QpGZOhTCHHiKmpSO9FW4h,-1.0019587239708543,-0.9930819505441632,1.6002892050413224,-0.16943602127967408,-0.968840804776895,1.0713794677848278,2.528283484725908,-0.24380111543710734,1.8923619724431051,104591,5K4W6rqBFWDnAN6FQUkS6x,94,10995470,https://i.scdn.co/image/bd1c6fdf3705cf9b7d0c8ac8e7bbed98e31a1559,True,True,False,False,False,False,False,False,False,False,False,False,False,True,False
global,304.0,1mT47pKLXUwPYGwB91GcNz,86607099,Créeme,KAROL G,https://open.spotify.com/track/1mT47pKLXUwPYGwB91GcNz,-0.40347024832803574,0.24450477693024883,1.437732293968854,-0.16787837518212417,-0.4730806499933925,1.0720998139888327,-0.6606738434620042,0.8817426404618769,-0.820448677317106,212493,790FomKkXshlbRYZFtlgla,92,7947851,https://i.scdn.co/image/f67a7967874f13a1af7f3e90df067eea5199c1d9,True,False,False,False,False,False,True,False,False,False,False,False,False,True,False
global,305.0,1f38Gx6xQz6r4H1jGVNBJo,85180047,Loco Contigo (with J. Balvin & Tyga),DJ Snake,https://open.spotify.com/track/1f38Gx6xQz6r4H1jGVNBJo,0.10645476278862771,0.9564498298321956,0.688809382242124,-0.1695499074282552,-0.5319245852792682,1.238139614011897,-0.6431183393156353,-0.602341263485574,-0.8501961210962691,185195,540vIaP2JwjQb9dm3aArA4,88,6393532,https://i.scdn.co/image/4c684a7c0a70d1f506595739c14f8a76ebef6687,False,False,False,False,False,False,True,False,False,False,False,False,False,True,False
global,306.0,13hvHEstJ4sNbzdroPrPI3,84678606,Kiss and Make Up,Dua Lipa,https://open.spotify.com/track/13hvHEstJ4sNbzdroPrPI3,-0.7861086345323718,-0.02164290639758127,0.6075309267058897,-0.16957677944084176,0.10800321095462975,0.7544271380227963,0.14073492081973635,0.6457415303540253,-0.7212796825740957,190560,6M2wZ9GZgrQXHCFfjv46we,93,14982761,https://i.scdn.co/image/a1f0ad6fe9f1913da2bd883555f3aee9d91024a9,True,False,False,False,False,False,False,False,True,False,False,False,False,True,False
global,307.0,5MPPttjfGap2C6j6eKcO6J,84639925,Baby (Lil Baby feat. DaBaby),Quality Control,https://open.spotify.com/track/5MPPttjfGap2C6j6eKcO6J,-0.6304063410616348,1.941196258145169,-0.9367597284825607,-0.16957677944084176,-0.17150548165327972,-0.2814307033358439,2.071840376920316,-0.1258005603831815,-0.46035489397721024,142417,6i392l38cR3uBPF0DbNs7S,80,500061,https://i.scdn.co/image/3b35185826b88db643ad2221efcfb10fc8b9645f,True,False,False,False,False,False,False,False,False,False,True,False,False,True,False
global,308.0,5Fla3zyOCcIRqrDoKLU0DP,84445194,Let You Love Me,Rita Ora,https://open.spotify.com/track/5Fla3zyOCcIRqrDoKLU0DP,0.06752918942094366,-1.3523813230367348,1.286786590830133,-0.16957677944084176,-0.6760922267296635,1.128646991003195,1.3432869548460065,-0.16664690636338658,-0.8498381102849226,191120,5CCwRZC6euC8Odo6y9X8jr,84,5321422,https://i.scdn.co/image/4443630c26eb4a4bda8316c027635808fe00a3cc,True,False,False,False,False,False,False,False,False,False,True,False,False,True,False
global,309.0,2MuMD298IpYqKF367wegUd,84331632,Homicide (feat. Eminem),Logic,https://open.spotify.com/track/2MuMD298IpYqKF367wegUd,-0.46964372305309887,0.10477724318313764,0.781699045712106,-0.16957677944084176,-0.05381761108152828,0.29196487505183183,2.352728443262219,1.2811291344905484,0.5828235174120101,245387,4xRYI6VqpkE3UwrDrAZL8L,87,4329265,https://i.scdn.co/image/efa0b73c2cdaf40b1767b4b1e1254b1cfc5b51db,False,False,False,False,False,False,False,False,False,False,True,False,False,True,False
global,310.0,4wuCQX7JvAZLlrcmH4AeZF,84174420,Cross Me (feat. Chance the Rapper & PnB Rock),Ed Sheeran,https://open.spotify.com/track/4wuCQX7JvAZLlrcmH4AeZF,-0.1699168081219303,0.45076923150931775,0.9442559567845747,-0.16957677944084176,-0.7901023513460477,0.0376826650382017,-0.0874866330830594,0.5413564239601677,-0.8833934872393183,206187,6eUKZXaKkcviH0Ku9w2n3V,98,57463755,https://i.scdn.co/image/f55cab0739390cf3b2c2f773b9c779b2f0ae8a99,True,False,False,False,True,False,False,False,False,False,False,False,False,True,False
global,311.0,48zFZh27QU5qsrBjn4C2FA,83761855,Vaina Loca,Ozuna,https://open.spotify.com/track/48zFZh27QU5qsrBjn4C2FA,0.22323148289168054,0.5039987681748839,1.0487568281883046,-0.16957677944084176,0.21098009770491227,0.8026903336911058,-0.48072992596172287,0.30535531385231657,-0.9166884926945525,176133,1i8SpTcr7yvPOmcqrbnVXY,98,21123358,https://i.scdn.co/image/f9ede0c1b199df8dfc4a29b784342e9af2e15a2c,True,False,False,False,False,False,True,False,False,False,False,False,False,True,False
global,312.0,5tAa8Uaqr4VvA3693mbIhU,83274204,Ruin My Life,Zara Larsson,https://open.spotify.com/track/5tAa8Uaqr4VvA3693mbIhU,0.6436276752626703,-0.08817982722953897,0.4333628076996733,-0.16957677944084176,-0.569437594024014,0.43675446205676,-0.6334628120351324,0.4415098004529997,0.08945207293899146,190932,1Xylc3o4UrD53lo9CvFvVg,84,6527316,https://i.scdn.co/image/239ab578b400c47a455df2bb945ac81c180db2bc,True,False,False,False,False,False,False,False,False,False,False,True,False,True,False
global,313.0,1iWHabUgUuuKLBa0TzTHfk,83040132,"A Whole New World (End Title) - From ""Aladdin""",ZAYN,https://open.spotify.com/track/1iWHabUgUuuKLBa0TzTHfk,-0.7791020313261886,0.11143093526633341,-1.221234322859381,-0.16957677944084176,-0.6488769066599461,-0.605946668239924,-0.8608065907306097,-1.736961985157937,-0.3788260683023696,242956,5ZsFI1h6hIdQRw2ti0hz81,87,10364573,https://i.scdn.co/image/90e30d448412c75b896da19a68db1da01ed99133,True,False,True,False,False,False,False,False,False,False,False,False,False,True,False
global,314.0,1TEL6MlSSVLSdhOSddidlJ,82989855,needy,Ariana Grande,https://open.spotify.com/track/1TEL6MlSSVLSdhOSddidlJ,2.0332706444889976,-0.20794628472706286,-1.8308227393811376,-0.16949057960825892,0.2036246057941778,-0.5295899706154347,-0.8195511559866429,-1.3284985253558863,-1.1424631289046805,171573,66CXWjxzNUsdJxJ2JdwvnR,97,40958727,https://i.scdn.co/image/b1dfbe843b0b9f54ab2e588f33e7637d2dab065a,False,False,False,False,False,False,False,True,False,False,False,False,False,True,False
global,315.0,4SPu0Ql902hTVXkBoNIYtq,82943355,NASA,Ariana Grande,https://open.spotify.com/track/4SPu0Ql902hTVXkBoNIYtq,0.7370490513451126,0.3908860027605558,-0.9483709364163085,-0.16957677944084176,0.6890870719026521,-0.14744630939098477,1.431064475577851,-0.030492419762703178,-1.5343222351422388,182000,66CXWjxzNUsdJxJ2JdwvnR,97,40958727,https://i.scdn.co/image/b1dfbe843b0b9f54ab2e588f33e7637d2dab065a,True,False,False,False,False,False,True,False,False,False,False,False,False,True,False
global,316.0,44ADyYoY5liaRa3EOAl4uf,81993232,Slide Away,Miley Cyrus,https://open.spotify.com/track/44ADyYoY5liaRa3EOAl4uf,-0.3411893309397409,-0.9864282584609674,-0.50133943096702,-0.16954385831719676,0.5419772336879628,-0.07000909246048843,-0.8467621874135146,-0.9064196168937674,0.8430648308235971,233654,5YGY8feqx7naU7z4HrwZM6,87,10744522,https://i.scdn.co/image/b5079187578650ea27fba00480ddf80182777fda,True,False,False,False,False,True,False,False,False,False,False,False,False,True,False
global,317.0,4uP3pUP18ennmz0tb3GphR,81880924,Solo de Mi,Bad Bunny,https://open.spotify.com/track/4uP3pUP18ennmz0tb3GphR,0.11423987746216457,0.43080815525973043,0.6133365306727635,-0.16863451406442995,-0.709927489519042,0.7792790820609555,-0.043597872717137096,-1.5327302552569115,1.8819796589140538,197968,4q3ewBCX7sLwd24euuV69X,98,17863391,https://i.scdn.co/image/22590f4021a00d1cad0821cc46a54395960342ee,False,False,False,False,False,False,False,False,False,False,True,False,False,True,False
global,318.0,2Rk4JlNc2TPmZe2af99d45,80382380,ME! (feat. Brendon Urie of Panic! At The Disco),Taylor Swift,https://open.spotify.com/track/2Rk4JlNc2TPmZe2af99d45,-0.874469686077015,-0.45413289180530636,1.193896927360151,-0.16957677944084176,-0.4142367147075169,0.854555260379438,-0.6396072384863616,1.0905128532495914,1.9532563568094234,193000,06HL4z0CvFAxyc27GXpf02,95,25846444,https://i.scdn.co/image/62b33d12e2b9a033cf77585f6e3d4b2c6b3a63a1,True,False,False,False,False,False,False,False,False,False,False,False,False,True,False
global,319.0,0jAfdqv18goRTUxm3ilRjb,79937113,Startender (feat. Offset and Tyga),A Boogie Wit da Hoodie,https://open.spotify.com/track/0jAfdqv18goRTUxm3ilRjb,-0.9114489807763151,0.38423231067736,-0.013668697749614832,-0.16957677944084176,-0.17150548165327972,0.657180400482173,0.026624143868338595,0.08296965240453322,2.272504361218411,192779,31W5EY0aAly4Qieq6OFu6I,91,3899600,https://i.scdn.co/image/b7d26110180d7fb07097570d96991be33436a56a,False,False,False,False,False,False,True,False,False,False,False,False,False,True,False
global,320.0,4OBZT9EnhYIV17t4pGw7ig,79073445,Best Part (feat. Daniel Caesar),H.E.R.,https://open.spotify.com/track/4OBZT9EnhYIV17t4pGw7ig,2.0916590045405243,-1.3656887072031263,-1.4708752934349574,-0.16957677944084176,-0.480436141904127,-1.3475430852626775,-0.7853179229012234,-0.3391092560575859,-1.527715308351024,209400,3Y7RZ31TRPVadSFVy1o8os,83,2064213,https://i.scdn.co/image/db35f97fba5e334b8a1a10285e8bc462c8b89f12,False,False,False,False,True,False,False,False,False,False,False,False,False,True,False
global,321.0,2pWOMNQJW3g2zmGjP0Vkb0,79029303,Whine Up,Nicky Jam,https://open.spotify.com/track/2pWOMNQJW3g2zmGjP0Vkb0,-0.7892226804017866,0.9231813694162168,0.235972272825962,-0.16957677944084176,-0.5245690933685337,0.09134845723654572,-0.4754632747178122,0.7909729827280878,-0.5594913422828253,215460,1SupJlEpv7RS2tPNRaHViT,94,10569805,https://i.scdn.co/image/e2cc83fdb16667b0cc6c011da4747adedc759185,False,False,False,False,False,False,False,False,False,True,False,False,False,True,False
global,322.0,3V8UKqhEK5zBkBb6d6ub8i,78574677,Te Boté - Remix,Nio Garcia,https://open.spotify.com/track/3V8UKqhEK5zBkBb6d6ub8i,1.1068419983381128,1.495398888571053,0.2940283124947008,-0.16942787824555694,-0.8445329914854827,1.0922695077009619,0.7376220617962792,-0.2074932523435917,-0.8345087382718087,417920,5hdhHgpxyniooUiQVaPxQ0,78,957461,https://i.scdn.co/image/bc60f4260caa0e309ff6309e537a3d917899b567,False,False,False,False,False,False,False,False,False,False,False,True,False,True,False
global,323.0,3cphb8kdsjElYR7r5icK3H,78393439,Nice To Meet Ya,Niall Horan,https://open.spotify.com/track/3cphb8kdsjElYR7r5icK3H,-0.9566026458828288,-0.580553041386026,1.2577585709957635,-0.16957677944084176,1.6232345445659284,0.7659526772868701,-0.8739732188403865,-0.4344173966780642,-0.4267995170228145,158805,1Hsdzj7Dlq2I7tHP7501T4,84,4574278,https://i.scdn.co/image/386d5f40fc59b985bd0346ca2d4002b3745c681e,False,False,False,False,True,False,False,False,False,False,False,False,False,True,False
global,324.0,4PkIDTPGedm0enzdvilLNd,77350814,Sixteen,Ellie Goulding,https://open.spotify.com/track/4PkIDTPGedm0enzdvilLNd,0.04028128806356467,-0.0615650588967559,1.025534412320809,-0.16957677944084176,-0.845268540676556,0.37192330369634424,0.05295740008789198,0.24181655343866415,-0.39799591992811056,201072,0X2BH1fck6amBIoJhDVmmJ,87,7390843,https://i.scdn.co/image/6d2f58ed590582ac66df4a48708019f9d28f2cd9,True,False,False,False,False,False,False,False,True,False,False,False,False,True,False
global,325.0,46lvmzK8wxAy66tjzXXSh0,76185026,Tal Vez,Paulo Londra,https://open.spotify.com/track/46lvmzK8wxAy66tjzXXSh0,0.03249617339002781,1.1360995160784815,0.1779162331572232,-0.16957677944084176,-0.7077208419458217,1.2889240213942224,-0.21037516210764173,1.235744305623654,1.2959485071770547,264483,3vQ0GE3mI0dAaxIMYe5g7z,86,9006523,https://i.scdn.co/image/cff7f6bb72fd3d318a98557b3891cae1b438c695,True,False,False,False,False,False,False,False,True,False,False,False,False,True,False
global,326.0,44ZJ4hLD5onikKsVLQaILr,75946301,Vossi Bop,Stormzy,https://open.spotify.com/track/44ZJ4hLD5onikKsVLQaILr,-0.4968916244104779,0.02493293818478913,0.16630502522347546,-0.15608260861815412,-0.3333263036894378,0.1496964997609197,1.8348410709443361,-0.2710320127572441,2.147005298622728,196267,2SrSdSvpminqmStGELCSNd,88,1308575,https://i.scdn.co/image/cf3aa3567c73ea2867d1e4027c29cf45926a72c6,True,False,False,False,False,False,False,False,True,False,False,False,False,True,False
global,327.0,4ak7xjvBeBOcJGWFDX9w5n,75802643,Rodeo,Lil Nas X,https://open.spotify.com/track/4ak7xjvBeBOcJGWFDX9w5n,-0.46185860837956205,0.1846215481814869,0.3172507283621963,-0.1687648026103042,2.138118978317341,0.3110540494579542,-0.8564177146940175,0.7682805682946405,0.5836697247842834,158707,7jVv8c5Fj3E9VhNjxT4snq,87,2218983,https://i.scdn.co/image/12d5ab979779aa41e697ce823328d527e643e4cf,True,False,False,False,False,False,False,False,False,True,False,False,False,True,False
global,328.0,2zjGJ0dChMR0KxBZS15aqo,74977643,"Baguettes in the Face (feat. NAV, Playboi Carti & A Boogie Wit da Hoodie)",Mustard,https://open.spotify.com/track/2zjGJ0dChMR0KxBZS15aqo,-0.2672307415411409,1.3623250469071377,-0.5768122825363805,-0.16957677944084176,-0.567966495641867,-0.5677683194276794,-0.585185175632618,-0.7974960276132205,-0.7215400540732573,174100,0YinUQ50QDB7ZxSCLyQ40k,86,540694,https://i.scdn.co/image/4dcf713a3bc309590381ecf718be7d5b1b8f0f61,False,False,True,False,False,False,False,False,False,False,False,False,False,True,False
global,329.0,1rCcsYnmqbMYdkG7kS9GC5,74936100,Speechless (feat. Erika Sirola),Robin Schulz,https://open.spotify.com/track/1rCcsYnmqbMYdkG7kS9GC5,-0.9402539050684013,-0.6936658068003542,0.6017253227390158,-0.16956026071448985,-0.6562323985706806,0.6125189358338865,-0.5965962533277577,-1.006266240400935,0.09436658498565839,214942,3t5xRXzsuZmMDkQzgOX35S,83,2303249,https://i.scdn.co/image/f670ddceb7b9828fe0437f226a2e39592320ed96,True,True,False,False,False,False,False,False,False,False,False,False,False,True,False
global,330.0,132ALUzVLmqYB4UsBj5qD6,74875237,Adan y Eva,Paulo Londra,https://open.spotify.com/track/132ALUzVLmqYB4UsBj5qD6,0.254371941585828,0.5904967652564289,0.49141884736841207,-0.16957677944084176,-0.7342006128244658,0.7230920781485954,1.8085078147247828,1.0542049901560757,1.6222916349381833,256972,3vQ0GE3mI0dAaxIMYe5g7z,86,9006523,https://i.scdn.co/image/cff7f6bb72fd3d318a98557b3891cae1b438c695,True,True,False,False,False,False,False,False,False,False,False,False,False,True,False
global,331.0,37zdqI4r1gswIzczSBkRon,74820412,Aventura,Lunay,https://open.spotify.com/track/37zdqI4r1gswIzczSBkRon,-0.13488379209101445,0.3376564660949896,0.590114114805268,-0.16957677944084176,-0.5392800771900026,1.177630532875509,-0.7703957443768099,1.7622083204796304,-0.9803818706768531,217130,47MpMsUfWtgyIIBEFOr4FE,88,1349511,https://i.scdn.co/image/d54ff5abb7307dfc1f113ad2c4d65098bf7e74a6,True,False,False,False,False,True,False,False,False,False,False,False,False,True,False
global,332.0,2hloaUoRonYssMuqLCBLTX,74791595,bloodline,Ariana Grande,https://open.spotify.com/track/2hloaUoRonYssMuqLCBLTX,-0.6856806552437464,0.530613536507667,0.235972272825962,-0.1677504132174263,0.3066014925444601,0.4644877909109378,-0.46141887140071713,0.7047418078809882,0.9708095975995455,216893,66CXWjxzNUsdJxJ2JdwvnR,97,40958727,https://i.scdn.co/image/b1dfbe843b0b9f54ab2e588f33e7637d2dab065a,False,False,True,False,False,False,False,False,False,False,False,False,False,True,False
global,333.0,7MRU4vOkywuhZ9kbFiPuiu,74742943,Si Supieras,Daddy Yankee,https://open.spotify.com/track/7MRU4vOkywuhZ9kbFiPuiu,0.1298101068092383,0.11143093526633341,1.5654555812400792,-0.16957677944084176,-0.5172136014577993,1.7276148596330345,-0.13137539344898158,0.613972150147199,2.0136950910522096,241880,4VMYDCV2IEDYJArk749S6m,95,15857952,https://i.scdn.co/image/01dae15758ba1a3d18e6e35c27681dcf9da6ce21,False,False,False,False,False,False,False,False,False,True,False,False,False,True,False
global,334.0,4NSW0Km5ZG60L8FthUebPJ,74267188,What I Like About You (feat. Theresa Rex),Jonas Blue,https://open.spotify.com/track/4NSW0Km5ZG60L8FthUebPJ,0.12202499213570143,-1.452186704284671,1.019728808353935,-0.16950512074061094,-0.3921702389753135,1.042205446522641,-0.7019292782059711,0.29627834807893766,-0.6407597964585048,220396,1HBjj22wzbscIZ9sEb5dyf,85,2540528,https://i.scdn.co/image/0de1e03f79ab154f2a0087bffb0d6d6847e1c288,True,True,False,False,False,False,False,False,False,False,False,False,False,True,False
global,335.0,3KLygy1YWhmrQx0GRs7IOx,74051416,Rise,Jonas Blue,https://open.spotify.com/track/3KLygy1YWhmrQx0GRs7IOx,0.2699421709329017,0.11143093526633341,0.9326447488508269,-0.16957677944084176,0.21098009770491227,0.6582609197881797,-0.8485177378281515,0.7592036025212616,-0.5240482719595108,194408,1HBjj22wzbscIZ9sEb5dyf,85,2540528,https://i.scdn.co/image/0de1e03f79ab154f2a0087bffb0d6d6847e1c288,True,True,False,False,False,False,False,False,False,False,False,False,False,True,False
global,336.0,0lLdorYw7lVrJydTINhWdI,73867785,It's Beginning to Look a Lot like Christmas,Michael Bublé,https://open.spotify.com/track/0lLdorYw7lVrJydTINhWdI,2.531517983595356,0.11143093526633341,-2.382355116234156,-0.169489881633906,1.2260379813862676,-1.8860018727561294,-0.8116511791207768,-0.5660334003920584,-0.8908791678402016,206640,1GxkXlMwML1oSg5eLPiAz3,92,3547268,https://i.scdn.co/image/6bf4c3c955399c4c45cd0677a860a42f39b6a508,True,False,False,False,True,False,False,False,False,False,False,False,True,False,False
global,337.0,05t7JMip6JrLuSrMV5yYjX,73509849,Envy Me,Calboy,https://open.spotify.com/track/05t7JMip6JrLuSrMV5yYjX,0.09477709077832244,-0.8134322642978773,-0.8322588570788313,-0.16957677944084176,0.3066014925444601,-0.4269406365447766,1.6066195170415403,0.4233558689062419,0.8747650608464699,120137,0HkcYmcjrBR3SCw9Ld5VZk,74,330925,https://i.scdn.co/image/5a39e17edf447d3393bc091fc00225492745cce3,True,False,False,False,False,False,False,False,False,False,False,True,False,True,False
global,338.0,3QzAOrNlsabgbMwlZt7TAY,72849792,Ballin' (with Roddy Ricch),Mustard,https://open.spotify.com/track/3QzAOrNlsabgbMwlZt7TAY,0.5229583978228493,0.8699518327506514,-0.4607002031989029,-0.16957677944084176,-0.17150548165327972,-0.07217013107250236,-0.4956521044861365,-1.1061128639081033,-0.8182029731368409,180435,0YinUQ50QDB7ZxSCLyQ40k,86,540694,https://i.scdn.co/image/4dcf713a3bc309590381ecf718be7d5b1b8f0f61,True,False,False,False,False,False,False,True,False,False,False,False,False,True,False
global,339.0,7EQpvVujgytLVY8vKiDHAg,72101431,bad idea,Ariana Grande,https://open.spotify.com/track/7EQpvVujgytLVY8vKiDHAg,-0.8954894956955645,1.12279213191209,-0.2575040643583178,0.467906462872333,-0.5466355691007371,0.4183856338546422,-0.5061854069739578,0.39612497158610516,0.5157778563780093,267107,66CXWjxzNUsdJxJ2JdwvnR,97,40958727,https://i.scdn.co/image/b1dfbe843b0b9f54ab2e588f33e7637d2dab065a,True,True,False,False,False,False,False,False,False,False,False,False,False,True,False
global,340.0,1GeNui6m825V8jP4uKiIaH,71464609,Bad Bad Bad (feat. Lil Baby),Young Thug,https://open.spotify.com/track/1GeNui6m825V8jP4uKiIaH,-0.6230104821217748,1.967811026477952,-0.1646144008883357,-0.16957677944084176,-0.17150548165327972,-0.8681526864976047,0.4742894996007456,1.8348240466666617,-0.3316011876420125,149040,50co4Is1HCEo8bhOyUWKpn,94,4744074,https://i.scdn.co/image/10ea494021e8341a2b5a8fcc8cd3b9a000cbc878,True,False,False,False,False,False,True,False,False,False,False,False,False,True,False
global,341.0,2gMXnyrvIjhVBUZwvLZDMP,70660236,Before You Go,Lewis Capaldi,https://open.spotify.com/track/2gMXnyrvIjhVBUZwvLZDMP,1.348180553217755,-1.4588403963678667,-0.28653208419268716,-0.16957677944084176,-0.6312237260741834,0.5833449145716997,-0.6378516880717248,-1.3829603199961598,-0.334139809758834,215107,4GNC7GD6oZMSxPGyXy4MNB,92,2143489,https://i.scdn.co/image/5ed13d249e562fea4e296aaeb745ce06d27ec88f,True,False,False,True,False,False,False,False,False,False,False,False,False,True,False
global,342.0,7wFybC8jBH3zE139OpCtpG,68882186,Lost in the Fire,Gesaffelstein,https://open.spotify.com/track/7wFybC8jBH3zE139OpCtpG,-0.666996380027258,-0.10148721139593052,0.2940283124947008,-0.1541050146182775,-0.42159220661825125,-2.046278903147157,-0.8256955824378719,-1.414729700202986,-0.6881474093058371,202093,3hteYQFiMFbJY7wS0xDymP,71,302998,https://i.scdn.co/image/675171436cb83246a3af250d6369141fdfc93028,True,False,True,False,False,False,False,False,False,False,False,False,False,True,False
global,343.0,1ThmUihH9dF8EV08ku5AXN,67991598,Faucet Failure,Ski Mask The Slump God,https://open.spotify.com/track/1ThmUihH9dF8EV08ku5AXN,-0.570850213809078,1.7083170352333177,-0.4200609754307858,-0.16957677944084176,-0.5819419302722625,-1.0428366409687242,1.7997300626515984,0.5776642870536833,-0.72105185751233,145627,2rhFzFmezpnW82MNqEKVry,84,2933177,https://i.scdn.co/image/677d1c0829af1f795836467a2cbe44b34ee01323,False,False,False,False,False,False,False,False,False,False,True,False,False,True,False
global,344.0,684EjRHwNsZQ9hCQxL4NYL,67729637,"El Favor (with Nicky Jam & Sech, feat. Farruko, Zion & Lunay)",Dimelo Flow,https://open.spotify.com/track/684EjRHwNsZQ9hCQxL4NYL,-0.5630650991355411,0.4574229235925135,0.13147140142223215,-0.16957677944084176,-0.45836966617192354,1.168266032223449,-0.49389655407149957,-0.04410786842277154,-1.1117718384410578,233113,3fZk3Gm5dN5v5yfYMQ04Bx,86,60095,https://i.scdn.co/image/59778573cb3e067dc449307bc57c9271de248d67,True,False,False,False,False,False,False,False,False,True,False,False,False,True,False
global,345.0,2EjXfH91m7f8HiJN1yQg97,67697908,Rockin' Around The Christmas Tree,Brenda Lee,https://open.spotify.com/track/2EjXfH91m7f8HiJN1yQg97,1.3871061265854392,-0.5938604255524176,-0.8845092927806961,-0.16957677944084176,2.4323386547467187,-0.8180886253192841,-0.7001737277913342,1.8620549439867984,-1.7884773647609338,126267,4cPHsZM98sKzmV26wlwD2W,78,148590,https://i.scdn.co/image/2873f90f994289db10fcbbab0c5a789ab6670a0f,True,False,False,False,False,False,False,False,True,False,False,False,False,True,False
global,346.0,4t9a07PAghtQMRAIP9FQ7Z,67633501,Soltera - Remix,Lunay,https://open.spotify.com/track/4t9a07PAghtQMRAIP9FQ7Z,0.402289120383028,0.7768001435859105,0.9210335409170792,-0.16957677944084176,1.9321652048167757,0.7947665254470548,-0.7616179923036254,1.417283621091232,-0.9806747886134095,266087,47MpMsUfWtgyIIBEFOr4FE,88,1349511,https://i.scdn.co/image/d54ff5abb7307dfc1f113ad2c4d65098bf7e74a6,True,False,False,False,False,True,False,False,False,False,False,False,False,True,False
global,347.0,3hBXvHLlTHvnbwrPbeoyAj,67483885,Jingle Bell Rock,Bobby Helms,https://open.spotify.com/track/3hBXvHLlTHvnbwrPbeoyAj,1.4999902893517236,0.5039987681748839,-1.163178283190642,-0.16957677944084176,-0.8026066875942963,-0.7150791181466233,-0.8221844816085981,1.4445145184113688,-0.0794964835792116,130973,38EmEgXkgK51MT2tPY0EoC,77,12457,https://i.scdn.co/image/1dcd3f5d64a65f19d085b8e78746e457bd2d2e05,True,False,True,False,False,False,False,False,False,False,False,False,False,True,False
global,348.0,39LmTF9RgyakzSYX8txrow,67462701,imagine,Ariana Grande,https://open.spotify.com/track/39LmTF9RgyakzSYX8txrow,0.46846259510809124,0.11143093526633341,-0.8670924808800745,-0.16957677944084176,-0.3995257308860479,0.5376029306174063,-0.8213067064012797,-0.5297255372985428,-1.9406645060206364,212267,66CXWjxzNUsdJxJ2JdwvnR,97,40958727,https://i.scdn.co/image/b1dfbe843b0b9f54ab2e588f33e7637d2dab065a,True,False,False,False,False,False,False,False,True,False,False,False,True,False,False
global,349.0,09oZ9eXQ2fo6YDrPzJqAoP,67294769,Outta My Head (with John Mayer),Khalid,https://open.spotify.com/track/09oZ9eXQ2fo6YDrPzJqAoP,-0.9351935805306024,0.3376564660949896,-0.4607002031989029,-0.1663893632292759,1.4319917548868322,-0.48276746735513426,-0.863439916352565,0.11927751549804887,-0.622794163016384,177067,6LuN9FCkKOj5PcnpouEgny,96,10092177,https://i.scdn.co/image/e52c824585bfeef4d674b509437120805300f557,True,False,False,False,False,False,False,False,False,False,False,False,False,True,False
global,350.0,5DqdesEfbRyOlSS3Tf6c29,67248354,It's You,Ali Gatie,https://open.spotify.com/track/5DqdesEfbRyOlSS3Tf6c29,0.45289236576101755,0.35761754234457693,-0.9367597284825607,-0.16957677944084176,0.14478067050830207,-0.17806102306118132,-0.8888953973647999,-0.41172498224461695,-0.851953628715607,212607,4rTv3Ejc7hKMtmoBOK1B4T,82,464535,https://i.scdn.co/image/a76ec564a0bc767d9c151524c92e2cf321dbaef9,False,False,False,False,False,False,False,False,False,False,False,True,False,True,False
global,351.0,79OEIr4J4FHV0O3KrhaXRb,66635240,Splashin,Rich The Kid,https://open.spotify.com/track/79OEIr4J4FHV0O3KrhaXRb,-0.9953335913836746,1.7548928798156873,-1.401208045832471,-0.16957677944084176,-0.6040084060044658,-0.5839761090177832,3.8186130394840223,-0.4888791913183377,-0.7201405572652657,177806,1pPmIToKXyGdsCF6LmqLmI,84,1933809,https://i.scdn.co/image/b7b47be84cfa8c949717987366f03f60450a93c3,True,False,False,False,False,False,False,False,False,False,True,False,False,True,False
global,352.0,675w3ACw5xZR3ODhUJlEVN,66408334,Sola,Manuel Turizo,https://open.spotify.com/track/675w3ACw5xZR3ODhUJlEVN,0.8771811154687758,0.17131416401509536,0.4740020354677904,-0.16957677944084176,-0.5723797907883077,0.4482800013208339,-0.16648640174171944,1.6714386627458413,-0.9497882195254159,195044,0tmwSHipWxN12fsoLcFU3B,88,4961323,https://i.scdn.co/image/9e1ae0a54dfd7962c9996ee4ea69c39fb2ecb271,False,False,False,False,False,False,False,False,False,False,False,True,False,True,False
global,353.0,4pbJqGIASGPr0ZpGpnWkDn,66125699,We Will Rock You - Remastered,Queen,https://open.spotify.com/track/4pbJqGIASGPr0ZpGpnWkDn,1.6284446814650817,0.0914698590167461,-0.7393691936088491,-0.16957677944084176,0.6228876447060419,-0.30196057014997535,-0.09626438515624387,-0.05772331708283991,-1.329182040240633,122067,1dfeR4HaWDbWqFHLkxsg1d,93,22898929,https://i.scdn.co/image/b040846ceba13c3e9c125d68389491094e7f2982,True,False,True,False,False,False,False,False,False,False,False,False,False,True,False
global,354.0,4Clmg1g8n2yBYG13Z1oSdG,65760457,Baila Conmigo (feat. Kelly Ruiz),Dayvi,https://open.spotify.com/track/4Clmg1g8n2yBYG13Z1oSdG,-0.9677742854393541,0.444115539426122,2.0182926906562413,5.239724455515843,0.9023963373139512,1.070298948478821,-0.46141887140071713,0.309893796739006,0.1914851541727744,189818,2TWBei99x2tV70bdYbWdAf,73,26805,https://i.scdn.co/image/2ac2528e07d3b7a16c838d28223571b919f8e4ff,True,False,False,False,False,False,False,True,False,False,False,False,False,True,False
global,355.0,67XyC1GdSkKb9sbRRkUDXS,65720175,Shotta Flow (Feat. Blueface) [Remix],NLE Choppa,https://open.spotify.com/track/67XyC1GdSkKb9sbRRkUDXS,-0.9052208890374855,1.4355156598222911,-0.6580907380726149,-0.16957677944084176,-0.2524158926713586,0.6157604937519074,2.5458389888722768,0.364355591379279,-0.06729156955603184,176632,0ErzCpIMyLcjPiwT4elrtZ,86,764672,https://i.scdn.co/image/b808fa4973753af178f8cf5b70aaa736514d3614,True,False,True,False,False,False,False,False,False,False,False,False,False,True,False
global,356.0,2QZ7WLBE8h2y1Y5Fb8RYbH,64548884,In My Blood,Shawn Mendes,https://open.spotify.com/track/2QZ7WLBE8h2y1Y5Fb8RYbH,-0.7798805427935424,-0.37428858680695715,0.5088356592690337,-0.16957677944084176,-0.3259708117787033,-0.3037614356599868,-0.5614852450350198,-0.003261522442566443,0.5818471242901557,211360,7n2wHs1TKAczGzO7Dd2rGr,94,23152263,https://i.scdn.co/image/6bd59cfbd3e1e6394af710bddcd62999aae31c6f,True,False,False,False,False,True,False,False,False,False,False,False,False,True,False
global,357.0,14sOS5L36385FJ3OL8hew4,63896821,Happy Now,Kygo,https://open.spotify.com/track/14sOS5L36385FJ3OL8hew4,0.45289236576101755,0.11143093526633341,-0.28653208419268716,-0.16957677944084176,0.5713992013309006,-0.18742552371324128,-0.437718940803119,0.019430891990880834,-0.1350207057753308,211362,23fqKkggKUBHNkbKtXEls4,89,5922832,https://i.scdn.co/image/1caaca2be637b0c56bb0ede637e36a8bcca149d1,True,False,False,False,False,False,False,False,False,True,False,False,False,True,False
global,358.0,1EoEU4HY57qaITp06TkC6B,63709203,Goteo,Duki,https://open.spotify.com/track/1EoEU4HY57qaITp06TkC6B,-0.2789084135514462,-1.3656887072031263,0.8978111250495837,-0.16957677944084176,0.10800321095462975,0.9914210391403153,-0.7774179460353575,-0.22564718389034952,-0.45111170575698856,164458,1bAftSH8umNcGZ0uyV7LMg,84,2687391,https://i.scdn.co/image/a79818e9d8da86117d16e493f0dad9076a57e9ad,True,True,False,False,False,False,False,False,False,False,False,False,True,False,False
global,359.0,3KekO5WUfJsh7kYU9o2w50,63516142,Atrévete,Nicky Jam,https://open.spotify.com/track/3KekO5WUfJsh7kYU9o2w50,0.20766125354460682,-0.8400470326306604,0.2940283124947008,-0.16957677944084176,-0.4068812227967824,0.9557639020420869,1.466175483870589,0.44604828333968916,2.0060792247017454,198320,1SupJlEpv7RS2tPNRaHViT,94,10569805,https://i.scdn.co/image/e2cc83fdb16667b0cc6c011da4747adedc759185,True,False,False,False,False,False,False,False,False,False,False,True,False,True,False
global,360.0,1SNiXDwSilLujcYdvfqVpT,62474037,Call You Mine,The Chainsmokers,https://open.spotify.com/track/1SNiXDwSilLujcYdvfqVpT,-0.1270986774174776,-0.580553041386026,0.4507796196002949,-0.16957677944084176,1.7629888908698828,0.3196982039060096,-0.8871398469501631,0.06027723797108594,-0.5905406435577943,217653,69GGBxA162lTqCwzJG5jLp,91,15139114,https://i.scdn.co/image/960547a625bc2eb742bb3dd170cbc049d2e94cf9,True,False,False,False,False,False,False,True,False,False,False,False,False,True,False
global,361.0,7DHApOHsIFo7EyfieArYGE,62387492,Walk Me Home,P!nk,https://open.spotify.com/track/7DHApOHsIFo7EyfieArYGE,-0.8009003524120918,-0.174677824311084,-0.9948157681512996,-0.16957677944084176,0.0344482918472851,0.1291666329467883,-0.7502069146084857,-0.25287808121048627,-1.1101445165713006,177391,1KCSPY1glIKqW2TotWuXOR,86,7714421,https://i.scdn.co/image/afc2d276d9c1b398d4f1048c20584f926296b9c0,True,True,False,False,False,False,False,False,False,False,False,False,True,False,False
global,362.0,2toVe5hfuIi97ytDPDbQFt,62264595,Taste (feat. Offset),Tyga,https://open.spotify.com/track/2toVe5hfuIi97ytDPDbQFt,-0.8888721482230583,1.2492122814928095,-0.06591913345147975,-0.16957677944084176,-0.5172136014577993,0.033360587814174156,0.18462368118565867,-0.5841873319388162,-0.7858843608034606,229210,5LHRHt1k9lMyONurDHEdrp,92,5328383,https://i.scdn.co/image/67c4bd718cbf584ba2d297ccbb1e6e62a9772d0a,True,False,False,False,False,False,False,False,False,False,False,False,False,True,False
global,363.0,1fewSx2d5KIZ04wsooEBOz,61920486,Space Cadet (feat. Gunna),Metro Boomin,https://open.spotify.com/track/1fewSx2d5KIZ04wsooEBOz,0.429537021740407,1.4820915044046614,-0.9309541245156869,-0.16937785675026593,0.4684223145806181,-1.1926686514016849,-0.5746518731447965,0.6820493934475409,-0.4277759101446689,203267,0iEtIxbK0KxaSlF7G42ZOp,84,1647724,https://i.scdn.co/image/8986705c72b71411c261c0f9eb65b6a2c04cfe90,False,False,False,False,False,True,False,False,False,False,False,False,False,True,False
global,364.0,4evmHXcjt3bTUHD1cvny97,61698926,Beautiful People (feat. Khalid),Ed Sheeran,https://open.spotify.com/track/4evmHXcjt3bTUHD1cvny97,-0.5202469684310884,-0.25452212930943324,0.13727700538910603,-0.16957677944084176,-0.6922743089332795,-0.5890185324458154,0.500622755820299,0.27358593364549033,-0.9493976622766742,197867,6eUKZXaKkcviH0Ku9w2n3V,98,57463755,https://i.scdn.co/image/f55cab0739390cf3b2c2f773b9c779b2f0ae8a99,True,False,False,False,False,True,False,False,False,False,False,False,False,True,False
global,365.0,2vrpcQNg6itmgVZWsNjWe0,61394737,Un Año,Sebastian Yatra,https://open.spotify.com/track/2vrpcQNg6itmgVZWsNjWe0,-0.4579660510427936,0.6304189177556035,-1.4302360656668403,-0.16957677944084176,-0.3039043360464999,-0.21047660224138906,-0.6747182467790993,0.1147390326113594,-0.8853137270456318,163813,07YUOmWljBTXwIseAUd9TW,89,10046817,https://i.scdn.co/image/212a1f446c0940ee9ce636f2e2496849a0240df4,False,True,False,False,False,False,False,False,False,False,False,False,False,True,False
global,366.0,79JBjIq90BrQ8Ws0pUhlzD,61382579,Mad Love,Mabel,https://open.spotify.com/track/79JBjIq90BrQ8Ws0pUhlzD,1.593411665434166,-0.37428858680695715,0.9965063924864396,-0.16957677944084176,-0.5025026176363303,1.2529067111939916,0.3689564747225321,0.6003567014871306,2.4591256332421785,169813,1MIVXf74SZHmTIp4V4paH4,82,554723,https://i.scdn.co/image/f6cdfc9316e797af4b4039244bf59796c9f2977f,False,False,False,False,False,False,False,False,False,False,False,False,False,True,False
global,367.0,7xapw9Oy21WpfEcib2ErSA,61286419,Mistletoe,Justin Bieber,https://open.spotify.com/track/7xapw9Oy21WpfEcib2ErSA,0.9355694755203021,-0.13475567181190937,-0.37361614369579477,-0.16957677944084176,-0.698158702461867,-0.9261405559199763,-0.7308958600474799,1.6623616969724622,1.2968598074241184,182947,1uNFoZAHBGtllmzznpCI3s,96,32365717,https://i.scdn.co/image/d745628f6659a715f0f69eed1508805849796e5e,False,False,False,False,False,False,True,False,False,False,False,False,False,True,False
global,368.0,0i0wnv9UoFdZ5MfuFGQzMy,61022698,Last Hurrah,Bebe Rexha,https://open.spotify.com/track/0i0wnv9UoFdZ5MfuFGQzMy,-0.32172654425589886,-1.0928873317920997,-0.03689111361711035,-0.16957677944084176,-0.42159220661825125,0.6816721714183299,-0.8625621411452465,-0.39357105069785914,-1.2331375034875574,150333,64M6ah0SkkRsnPGtGiRAbb,87,4604422,https://i.scdn.co/image/d7846ef6807a6a5e449997e9d11e5bd8b2d2576a,False,False,False,False,False,False,False,False,False,False,False,True,False,True,False
global,369.0,5aUSEPNd3m5xliFK4pn5mU,60931816,Good Thing (with Kehlani),Zedd,https://open.spotify.com/track/5aUSEPNd3m5xliFK4pn5mU,0.5502062991802282,0.09812355109994188,-0.35039372782829986,-0.16957677944084176,-0.9813451410251437,0.9438781896760106,-0.8090178534988215,0.3915864886994157,2.0753380434786166,210901,2qxJFvFYMEDqd7ui6kSAcq,86,4997291,https://i.scdn.co/image/a9c923d081963c77dec430fb842b493724187dcc,False,True,False,False,False,False,False,False,False,False,False,False,True,False,False
global,370.0,5099x34vBakWpGkHourFxP,60904648,Qué Pena,Maluma,https://open.spotify.com/track/5099x34vBakWpGkHourFxP,-0.6058832298399939,-0.2877905897254121,0.2127498569584665,-0.16957677944084176,1.1892605218325953,0.018953663734081787,2.0542848727739473,1.6805156285192202,0.13026530543250472,212711,1r4hJ1h58CWwUQe3MxPuau,92,18201306,https://i.scdn.co/image/d12586e8e67dffd2ea281d6eeefbe4b06b06b69a,False,False,False,False,False,False,False,False,False,False,False,True,False,False,True
global,371.0,04MLEeAMuV9IlHEsD8vF6A,60567142,No Stylist,French Montana,https://open.spotify.com/track/04MLEeAMuV9IlHEsD8vF6A,-0.9192340954498519,0.5771893810900374,0.46239082753404265,-0.16957677944084176,0.38751190356253923,0.6802314790103204,-0.026042368570768176,0.04666178931101757,0.8106485791780322,192172,6vXTefBL93Dj5IqAWq6OTv,87,3261832,https://i.scdn.co/image/14443f9c4ab806e91aee7feaad4f90b91f29f7b6,False,False,False,False,False,True,False,False,False,False,False,False,False,True,False
global,372.0,5N1o6d8zGcSZSeMFkOUQOk,60557631,Hot Girl Summer (feat. Nicki Minaj & Ty Dolla $ign),Megan Thee Stallion,https://open.spotify.com/track/5N1o6d8zGcSZSeMFkOUQOk,-0.984045175107046,0.11143093526633341,1.101007263890169,-0.16955397894531377,0.29189050872299116,0.6877951141523693,0.2197346894783965,0.3734325571526579,-0.753858666406637,199427,181bsRPaVXVlUKXrxwZfHK,81,653649,https://i.scdn.co/image/3feade4df964409be76baa1bfe500a562eefe4e3,True,False,False,False,False,False,False,False,False,False,False,False,False,True,False
global,373.0,2S1LebN6AXXQqJolBxlWgO,59874721,Earth,Lil Dicky,https://open.spotify.com/track/2S1LebN6AXXQqJolBxlWgO,1.48442006000465,0.10477724318313764,0.23016666885908812,-0.16957677944084176,-0.5988595616669518,0.6586210928901821,-0.7019292782059711,0.8545117431417402,-0.8529300218374615,281500,1tqhsYv8yBBdwANFNzHtcr,75,1463726,https://i.scdn.co/image/33c1ec97b187cedcea9bec3ea55c707fab2a29ef,True,False,True,False,False,False,False,False,False,False,False,False,False,True,False
global,374.0,5dhQeuLGmlhfwlI6BWfSpo,59770981,Roller,Apache 207,https://open.spotify.com/track/5dhQeuLGmlhfwlI6BWfSpo,-0.8861473580873203,1.6617411906509474,0.7758934417452322,-0.11874098073813058,0.85090789393881,0.002385701041975491,0.12317941667336743,1.0950513361362808,0.19063894680050025,158853,1qQLhymHXFPtP5U8KNKsm6,86,459884,https://i.scdn.co/image/fc9cc19386528672abb07589b53b7b92db397042,False,False,False,False,False,False,False,False,False,False,True,False,False,True,False
global,375.0,7AQim7LbvFVZJE3O8TYgf2,59596779,Fuck Love (feat. Trippie Redd),XXXTENTACION,https://open.spotify.com/track/7AQim7LbvFVZJE3O8TYgf2,-0.9359720919979562,0.7901075277523021,-0.5303674508013895,-0.16780857774683441,-0.5245690933685337,-1.175020169403572,-0.7791734964499943,-0.7203418185394996,0.28928719854518803,146520,15UsOTVnJzReFVN1VCnxy4,95,17294420,https://i.scdn.co/image/942afa81f0a2298ead0c154fb7b4b606de48d9e6,False,False,False,False,False,False,False,False,False,False,False,False,False,True,False
global,376.0,4BiiOzZCrXEzHRLYcYFiD5,59018397,Hope,The Chainsmokers,https://open.spotify.com/track/4BiiOzZCrXEzHRLYcYFiD5,0.8966439021526178,0.6304189177556035,0.4333628076996733,-0.16953490097966792,-0.683447718640398,0.17851034792110443,-0.2999082332541232,0.1147390326113594,-0.5600120852811473,180120,69GGBxA162lTqCwzJG5jLp,91,15139114,https://i.scdn.co/image/960547a625bc2eb742bb3dd170cbc049d2e94cf9,False,True,False,False,False,False,False,False,False,False,False,False,False,True,False
global,377.0,4KkUjFkcQvGvWekl8RATDn,58832475,BEBE,6ix9ine,https://open.spotify.com/track/4KkUjFkcQvGvWekl8RATDn,-0.33340421626620415,-0.2877905897254121,1.6119004129750703,-0.16957677944084176,-0.36274827133237564,1.0512097740726987,-0.18404190588808836,-0.9154965826671463,-0.6536807321043775,217822,7gZfnEnfiaHzxARJ2LeXrf,84,4393100,https://i.scdn.co/image/cb2fa696eab4e8295ed211d1a051027145afa10a,True,False,False,False,False,False,False,False,False,False,False,False,False,True,False
global,378.0,03x2rVJRFUrvwlfxoHd9Mo,58037838,Just You and I,Tom Walker,https://open.spotify.com/track/03x2rVJRFUrvwlfxoHd9Mo,0.7720820673760284,0.11143093526633341,0.4159459957990516,-0.16957677944084176,-0.4510141742611891,0.38236832365441115,1.5012864921633267,0.2554320020987325,-0.9792101989306279,174983,7z2avKuuiMAT4XZJFv8Rvh,79,594391,https://i.scdn.co/image/4111a1834db44fb140ca37d1fe5119b16fc2e41c,True,False,False,False,False,False,False,False,False,True,False,False,False,True,False
global,379.0,3GRSqlALWISqLeNncZMbpX,57863692,Mean It,Lauv,https://open.spotify.com/track/3GRSqlALWISqLeNncZMbpX,-0.8444969945838982,0.45076923150931775,-1.0122325800519212,-0.16957677944084176,-0.017040151527856158,-0.743892966306808,-0.3753969010835094,-0.6885724383326735,-0.851074874905938,232853,5JZ7CnR6gTvEMKX4g70Amv,91,2139634,https://i.scdn.co/image/d763de4ee1f230d55719b5fcccd76984fcc2d290,True,False,False,False,False,False,False,True,False,False,False,False,False,True,False
global,380.0,2qMnZF5Ja2WvmfbblByQza,57546735,Soltera (Remix),Lunay,https://open.spotify.com/track/2qMnZF5Ja2WvmfbblByQza,0.2699421709329017,0.7768001435859105,0.7584766298446105,-0.16957677944084176,2.130763486406606,0.608557031711861,-0.7423069377426197,1.489899347278263,-0.9805446028638292,266192,47MpMsUfWtgyIIBEFOr4FE,88,1349511,https://i.scdn.co/image/d54ff5abb7307dfc1f113ad2c4d65098bf7e74a6,True,False,False,False,False,True,False,False,False,False,False,False,False,True,False
global,381.0,4ZT9FnbFu1PaBfV3itxiqT,57532684,I,Lil Skies,https://open.spotify.com/track/4ZT9FnbFu1PaBfV3itxiqT,1.4377093719634289,-0.19463890056067132,-0.9948157681512996,-0.16957677944084176,-0.4289476985289857,-0.28899433847789235,-0.3947079556445152,-0.2574165640971757,-0.747414471802398,181891,7d3WFRME3vBY2cgoP38RDo,85,3588556,https://i.scdn.co/image/4d947dce93a6f48a04f3c8c60a8b94cfccd6ca51,True,False,False,False,False,False,True,False,False,False,False,False,False,True,False
global,382.0,2H4gf1wLxvYreMj1jcaN0k,57407596,Be Alright,Dean Lewis,https://open.spotify.com/track/2H4gf1wLxvYreMj1jcaN0k,1.7413288442313657,-0.8467007247138562,-0.507145034933894,-0.16957677944084176,-0.6922743089332795,-0.4024488656086194,-0.8423733113769224,0.023969374877570292,0.13908538996658934,196493,3QSQFmccmX81fWCUSPTS7y,83,926350,https://i.scdn.co/image/666aa7bc7c5386cceb3a484bffdc07ab89e6634e,True,False,False,False,False,False,False,False,False,False,False,True,False,True,False
global,383.0,4fj7e6Tc48Bmomwyz2Z2XC,57287205,Te Quemaste,Manuel Turizo,https://open.spotify.com/track/4fj7e6Tc48Bmomwyz2Z2XC,1.375428454575134,0.3376564660949896,0.8629775012483404,-0.15724589920631685,0.8288414182066065,1.437675512521176,0.009068639721969671,1.0451280243826968,1.7544301707624763,199091,0tmwSHipWxN12fsoLcFU3B,88,4961323,https://i.scdn.co/image/9e1ae0a54dfd7962c9996ee4ea69c39fb2ecb271,True,False,False,False,False,False,False,False,False,False,False,False,False,True,False
global,384.0,0LQ1J0BCzA2qnAgp9MkkNE,56889039,MALA,6ix9ine,https://open.spotify.com/track/0LQ1J0BCzA2qnAgp9MkkNE,1.679047926843071,0.2711195452630319,1.1648689075257814,-0.16957677944084176,-0.5245690933685337,1.0267180031365417,-0.7686401939621731,1.367360309337648,-0.720628753826193,206550,7gZfnEnfiaHzxARJ2LeXrf,84,4393100,https://i.scdn.co/image/cb2fa696eab4e8295ed211d1a051027145afa10a,False,False,False,False,False,True,False,False,False,False,False,False,False,True,False
global,385.0,56AMYGJzxBO6p8v0wEe9de,56856669,Hot (Remix) [feat. Gunna and Travis Scott],Young Thug,https://open.spotify.com/track/56AMYGJzxBO6p8v0wEe9de,-0.2711232988779093,1.1094847477456984,0.03858173795225009,-0.16957677944084176,-0.6893321121689855,-0.62251463093203,0.7551775659426482,0.25997048498542197,-0.33082007314452894,279907,50co4Is1HCEo8bhOyUWKpn,94,4744074,https://i.scdn.co/image/10ea494021e8341a2b5a8fcc8cd3b9a000cbc878,False,False,False,False,False,False,False,True,False,False,False,False,False,True,False
global,386.0,4jvjzW7Hm0yK4LvvE0Paz9,56718657,Falling Down - Bonus Track,Lil Peep,https://open.spotify.com/track/4jvjzW7Hm0yK4LvvE0Paz9,-0.9348043247969255,-0.0615650588967559,-0.29233768815956107,-0.13537603614885757,-0.20828294120695204,0.012830721000042414,-0.8897731725721184,-0.974496860194109,-0.0694721808615064,196400,2kCcBybjl3SAtIcwdWpUe3,88,3024183,https://i.scdn.co/image/78e5cfd1a377b3d820d452c6b9e964f2e29c6430,False,False,False,False,True,False,False,False,False,False,False,False,False,True,False
global,387.0,3jjujdWJ72nww5eGnfs2E7,56276750,Adore You,Harry Styles,https://open.spotify.com/track/3jjujdWJ72nww5eGnfs2E7,-0.9106704693089613,-0.014989214314385498,0.8513662933145926,-0.16949534909967037,-0.5319245852792682,1.0094296942404308,-0.7168514567303846,0.36889407426596843,-0.7518082408507428,207133,6KImCVD70vtIoJWnq6nGn3,95,5911371,https://i.scdn.co/image/b2163e7456f3d618a0e2a4e32bc892d6b11ce673,True,False,False,False,False,False,False,False,True,False,False,False,False,True,False
global,388.0,6Gy7rXB6Ku5vIWC7WGWsl3,56248812,KIKA,6ix9ine,https://open.spotify.com/track/6Gy7rXB6Ku5vIWC7WGWsl3,-0.5046767390840148,0.444115539426122,0.5262524711696553,-0.16957677944084176,0.05651476757948849,1.1200028365551398,1.0097323760649972,-0.6613415410125367,-0.8994063344377299,136032,7gZfnEnfiaHzxARJ2LeXrf,84,4393100,https://i.scdn.co/image/cb2fa696eab4e8295ed211d1a051027145afa10a,False,True,False,False,False,False,False,False,False,False,False,False,False,True,False
global,389.0,3RauEVgRgj1IuWdJ9fDs70,55994906,The Man,Taylor Swift,https://open.spotify.com/track/3RauEVgRgj1IuWdJ9fDs70,-0.704364930460235,0.6570336860883866,0.19533304505784485,-0.16957677944084176,-0.6194549390170082,0.4634072716049308,-0.6668182699132333,0.6593569790140936,-0.3937974295041366,190360,06HL4z0CvFAxyc27GXpf02,95,25846444,https://i.scdn.co/image/62b33d12e2b9a033cf77585f6e3d4b2c6b3a63a1,True,False,False,False,False,False,False,False,False,False,False,False,False,True,False
global,390.0,5AjINjwKyRvQJhSe2zpPHi,55974748,Pop Out (feat. Lil Tjay),Polo G,https://open.spotify.com/track/5AjINjwKyRvQJhSe2zpPHi,-0.5319246404413938,1.2159438210768307,-0.01947430171648871,-0.16957677944084176,-0.7753913675245787,-0.2263242187294905,2.0367293686275785,-1.0607280350412087,-1.2423481452703837,166640,6AgTAQt8XS6jRWi4sX7w49,82,726169,https://i.scdn.co/image/abaf714e5787cf8ba48f0528a1964b8abe2d19f9,True,True,False,False,False,False,False,False,False,False,False,False,False,True,False
global,391.0,0qc4QlcCxVTGyShurEv1UU,55734953,Post Malone (feat. RANI),Sam Feldt,https://open.spotify.com/track/0qc4QlcCxVTGyShurEv1UU,-0.7028079075255275,-0.5872067334692218,0.10244338158786276,-0.16957677944084176,-0.5098581095470648,0.9391959393499806,-0.06993112893669048,0.7410496709745038,-0.4814124389718699,174444,20gsENnposVs2I4rQ5kvrf,82,457804,https://i.scdn.co/image/62e52a4d9e1c9cdb7dc906d3b72eb2866f7f3f8a,True,False,False,False,False,False,False,True,False,False,False,False,False,True,False
global,392.0,5N4erncE7kuUccm7zEmwzk,55379203,Electricity (with Dua Lipa),Silk City,https://open.spotify.com/track/5N4erncE7kuUccm7zEmwzk,-0.9624414818879814,-0.6005141176356134,0.2650002926603314,-0.16953804186425595,1.2039715056540643,0.013911240306049382,-0.7256292088035691,0.07843116951784376,-0.12981327579210708,238173,2X97ZAqRKRMYFIDqtvGgGc,71,52370,https://i.scdn.co/image/451880acb4a647648b78bd23ce0b3294003c4f37,True,False,False,False,False,False,False,False,False,False,False,False,False,True,False
global,393.0,2W4yABdLc4Jnds67Poi5Nl,54628767,Yellow Hearts,Ant Saunders,https://open.spotify.com/track/2W4yABdLc4Jnds67Poi5Nl,-0.313941429582362,1.2425585894096138,-1.0818998276544078,-0.16957677944084176,-0.7356717112066127,-0.8879622071077317,-0.5096965078032315,0.9407429179888394,0.2242594166296866,223258,4jpsw9CQS439N0B7SecMgf,78,27094,https://i.scdn.co/image/459c48f7a24c035b5f935ecc69a6317aaddf3c80,True,False,False,False,False,False,False,True,False,False,False,False,False,True,False
global,394.0,4T4CZ3Q4z3GG7lU720YYhM,54381541,Soltera,Lunay,https://open.spotify.com/track/4T4CZ3Q4z3GG7lU720YYhM,0.7331564940083442,0.6636873781715824,0.6191421346396374,-0.16957677944084176,0.5640437094201662,0.7753171779389301,-0.7905845741451342,1.6623616969724622,-0.9814884495482883,213913,47MpMsUfWtgyIIBEFOr4FE,88,1349511,https://i.scdn.co/image/d54ff5abb7307dfc1f113ad2c4d65098bf7e74a6,True,False,False,False,False,True,False,False,False,False,False,False,False,True,False
global,395.0,4cuGZb0iFyHtwaSKdKrJkF,54049851,Imposible,Luis Fonsi,https://open.spotify.com/track/4cuGZb0iFyHtwaSKdKrJkF,-0.5085692964207832,0.6969558385875613,0.6597813624077545,-0.16957677944084176,-0.3480372875109067,0.8642799341335003,-0.4903854532422258,1.9845939819274137,-1.0145230835043615,164533,4V8Sr092TqfHkfAA5fXXqG,84,7880988,https://i.scdn.co/image/6004641991ca63396cccdd8553f9120d69ea58d0,True,False,False,False,False,False,False,False,False,False,False,True,False,True,False
global,396.0,3wFLWP0FcIqHK1wb1CPthQ,53532993,fake smile,Ariana Grande,https://open.spotify.com/track/3wFLWP0FcIqHK1wb1CPthQ,0.2777272856064385,-1.5187236251166287,-0.031085509650236473,-0.16957677944084176,1.0642171593501095,-0.336537187942197,2.124506889359423,-0.27557049564393354,-1.2643495369495024,208880,66CXWjxzNUsdJxJ2JdwvnR,97,40958727,https://i.scdn.co/image/b1dfbe843b0b9f54ab2e588f33e7637d2dab065a,True,False,False,False,False,False,False,False,False,True,False,False,False,True,False
global,397.0,6LcauUZjF1eXQrgqMUecHX,53297394,Ayy Macarena,Tyga,https://open.spotify.com/track/6LcauUZjF1eXQrgqMUecHX,-0.4852139524001726,0.916527677333021,0.0327761339853762,-0.16957677944084176,-0.7731847199513584,0.3276220121500605,0.8429550866744928,1.0315125757226284,-0.834964388395341,131607,5LHRHt1k9lMyONurDHEdrp,92,5328383,https://i.scdn.co/image/67c4bd718cbf584ba2d297ccbb1e6e62a9772d0a,True,False,True,False,False,False,False,False,False,False,False,False,False,True,False
global,398.0,340UVheS8z3ncW9TTUhAbc,53227435,Nightmare,Halsey,https://open.spotify.com/track/340UVheS8z3ncW9TTUhAbc,-0.9297440002591266,-0.44747919972211064,-0.013668697749614832,-0.16957677944084176,1.3584368357794876,0.5051873514371985,-0.49652987969345486,0.2282011047785958,0.7798921958396196,231999,26VFTg2z8YR0cCuwLzESi2,92,9063023,https://i.scdn.co/image/1ccc88afcd13131dc35a1bd028922dbc748a55fb,False,False,False,False,False,False,False,False,False,True,False,False,False,True,False
global,399.0,0todbbT9g5uQGbeFCiBf2F,52135948,imagine,Ariana Grande,https://open.spotify.com/track/0todbbT9g5uQGbeFCiBf2F,0.45289236576101755,0.23785108484705306,-0.8728980848469484,-0.16957677944084176,-0.5025026176363303,0.5347215458013878,-0.798484551011,-0.5070331228650955,-1.9418361777668618,212293,66CXWjxzNUsdJxJ2JdwvnR,97,40958727,https://i.scdn.co/image/b1dfbe843b0b9f54ab2e588f33e7637d2dab065a,True,False,False,False,False,False,False,False,True,False,False,False,True,False,False
global,400.0,1e9oZCCiX42nJl0AcqriVo,52071069,Watermelon Sugar,Harry Styles,https://open.spotify.com/track/1e9oZCCiX42nJl0AcqriVo,-0.5280320831046253,-0.8666618009634435,1.1126184718239165,-0.16957677944084176,1.1819050299218608,0.8170972577711981,-0.7326514104621167,0.3144322796256955,-0.870863108842187,174000,6KImCVD70vtIoJWnq6nGn3,95,5911371,https://i.scdn.co/image/b2163e7456f3d618a0e2a4e32bc892d6b11ce673,True,False,False,False,False,False,False,False,False,False,False,False,False,True,False
global,401.0,59ywHNwwchG4nZJMLyxSzd,51953252,Clout (feat. Cardi B),Offset,https://open.spotify.com/track/59ywHNwwchG4nZJMLyxSzd,-0.11542100540717232,1.6018579619021853,-0.013668697749614832,-0.16952745591990365,-0.384814747064579,-0.3264523410861325,-0.2656750001687038,-0.2891859443040019,0.5817494849779699,205803,4DdkRBBYG6Yk9Ka8tdJ9BW,89,1389641,https://i.scdn.co/image/d718d632faa01221dd271f4e60a421596718fda0,True,True,False,False,False,False,False,False,False,False,False,False,False,True,False
global,402.0,5stPVcRqb4qixbafP9e8lt,51839268,Hola - Remix,Dalex,https://open.spotify.com/track/5stPVcRqb4qixbafP9e8lt,0.8304704274275546,-0.16137044014469246,0.2766115005940792,-0.16957677944084176,-0.7077208419458217,0.17923069412510897,1.5890640128951714,-0.6568030581258473,1.9433296934039037,249520,0KPX4Ucy9dk82uj4GpKesn,93,875341,https://i.scdn.co/image/096994a1c9aa8c44114858ee68cdbd5f69fec1ec,False,False,False,False,False,False,False,False,False,False,False,False,False,True,False
global,403.0,4txc3txsIt81diMzGhrVPS,51738810,wish you were gay,Billie Eilish,https://open.spotify.com/track/4txc3txsIt81diMzGhrVPS,0.5151732831493124,1.1627142844112646,-1.586987372772435,-0.1694676627836721,4.2491451566981295,-1.3399794501206295,0.9746213677722595,-0.9336505142139041,-0.13407685909087122,221543,6qqNVTkY8uBg9cP3Jd7DAH,98,18867904,https://i.scdn.co/image/2622edec99d68d1d141886be593c88cbe509f6d8,True,False,False,False,False,False,False,True,False,False,False,False,False,True,False
global,404.0,3j84U36KvLeXNDPv4t5pI8,51498467,Pure Water (with Migos),Mustard,https://open.spotify.com/track/3j84U36KvLeXNDPv4t5pI8,-0.32561910159266727,0.02493293818478913,-0.3794217476626686,-0.16957677944084176,1.2481044571184707,0.33590599349611344,-0.026042368570768176,-1.5917305327838744,2.599400778415257,192471,0YinUQ50QDB7ZxSCLyQ40k,86,540694,https://i.scdn.co/image/4dcf713a3bc309590381ecf718be7d5b1b8f0f61,True,False,False,False,False,False,False,False,False,False,False,False,False,True,False
global,405.0,7e4KQkp5ZR1gXCAalRjX6B,51480619,Nights Like This (feat. Ty Dolla $ign),Kehlani,https://open.spotify.com/track/7e4KQkp5ZR1gXCAalRjX6B,0.42564446440363857,-0.45413289180530636,0.5843085108383942,-0.16957677944084176,-0.14943900592107634,0.4850176577250692,0.1758459291124742,-0.892804168233699,0.7816171570215622,201788,0cGUm45nv7Z6M6qdXYQGTX,85,3110388,https://i.scdn.co/image/40b626005e97f28bf0e217dfb53856577f2113a4,True,False,False,False,False,False,False,False,True,False,False,False,False,True,False
global,406.0,5s8LepdwU0THzpd0M7nLsa,51390232,Te Soñé De Nuevo,Ozuna,https://open.spotify.com/track/5s8LepdwU0THzpd0M7nLsa,-0.795450772140616,0.6237652256724078,0.3404731442296918,-0.16957677944084176,-0.5937107173294376,1.3004495606582964,-0.20159741003445728,1.2947445831506168,1.493635567915171,199813,1i8SpTcr7yvPOmcqrbnVXY,98,21123358,https://i.scdn.co/image/f9ede0c1b199df8dfc4a29b784342e9af2e15a2c,False,False,False,False,False,False,False,True,False,False,False,False,False,True,False
global,407.0,4qKcDkK6siZ7Jp1Jb4m0aL,51316997,Look Alive (feat. Drake),BlocBoy JB,https://open.spotify.com/track/4qKcDkK6siZ7Jp1Jb4m0aL,-0.9988758185601339,1.6218190381517728,-0.2516984603914439,-0.1688950911561784,-0.5098581095470648,-0.3664315554083887,1.2291761778946089,0.48689462931989425,0.5817494849779699,181263,4TEJudQY2pXxVHPE3gD2EU,76,983271,https://i.scdn.co/image/ab67616d0000b27355cad990bc1ce5808367fa0e,True,False,False,False,False,False,False,False,False,False,True,False,False,True,False
global,408.0,4hQ6UGyWQIGJmHSo0J88JW,51224204,Back To You - From 13 Reasons Why – Season 2 Soundtrack,Selena Gomez,https://open.spotify.com/track/4hQ6UGyWQIGJmHSo0J88JW,-0.6350774098657569,0.11143093526633341,0.5785029068715203,-0.16955723615896062,-0.3995257308860479,0.5840652607757042,-0.7142181311084294,0.09204661817791213,-0.6537458249791677,207905,0C8ZW7ezQVs4URX5aX7Kqx,93,18882676,https://i.scdn.co/image/dc6dd5ccdccee8c947b41af13e3b60ce0a235708,True,False,False,False,False,False,True,False,False,False,False,False,False,True,False
global,409.0,3yOlyBJuViE2YSGn3nVE1K,51110073,My Oh My (feat. DaBaby),Camila Cabello,https://open.spotify.com/track/3yOlyBJuViE2YSGn3nVE1K,-0.9328580461285414,0.30438800567901075,-0.7742028174100924,-0.16942671495496878,-0.6297526276920364,0.16338307763700755,-0.880995420498934,-0.4752637426582693,-0.5565947093546568,170746,4nDoRrQiYLoBzwC5BhVJzF,96,14245838,https://i.scdn.co/image/667daebca4856db3f4cbe8f51a4881091e62c401,True,False,False,False,False,False,False,False,True,False,False,False,False,True,False
global,410.0,4rDbp1vnvEhieiccprPMdI,51038445,Somebody To Love - 2011 Mix,Queen,https://open.spotify.com/track/4rDbp1vnvEhieiccprPMdI,-0.2789084135514462,-1.8114860767772423,0.4275572037327994,-0.16957677944084176,0.431644855026946,-0.19679002436530124,-0.5930851524984839,-0.7021878869927418,-0.41924874354714065,296480,1dfeR4HaWDbWqFHLkxsg1d,93,22898929,https://i.scdn.co/image/b040846ceba13c3e9c125d68389491094e7f2982,True,False,False,False,False,False,False,False,True,False,False,False,True,False,False
global,411.0,4S8d14HvHb70ImctNgVzQQ,50959569,I Love It (& Lil Pump),Kanye West,https://open.spotify.com/track/4S8d14HvHb70ImctNgVzQQ,-0.958548924551213,1.4820915044046614,-0.5942290944370022,-0.16957677944084176,0.6228876447060419,-0.6578115949282566,1.755841302285676,-0.7203418185394996,-0.5889133216880371,127947,5K4W6rqBFWDnAN6FQUkS6x,94,10995470,https://i.scdn.co/image/bd1c6fdf3705cf9b7d0c8ac8e7bbed98e31a1559,True,False,True,False,False,False,False,False,False,False,False,False,False,True,False
global,412.0,4B7fTyj1FIPvP9tT5X3DnR,50483678,Behind Barz - Bonus,Drake,https://open.spotify.com/track/4B7fTyj1FIPvP9tT5X3DnR,1.990452513784545,1.1693679764944602,-0.40844976749703804,-0.1695553748940196,-0.7312584160601721,0.6460150343201012,0.3689564747225321,-0.9790353430807984,0.6483720423258337,163121,3TVXtAsR1Inumwj472S9r4,99,43763483,https://i.scdn.co/image/012ecd119617ac24ab56620ace4b81735b172686,True,False,False,False,False,False,False,False,True,False,False,False,False,True,False
global,413.0,51MMC5DogGZAnHil5HQAXg,50467346,Circles,Post Malone,https://open.spotify.com/track/51MMC5DogGZAnHil5HQAXg,-0.2555530695308356,0.11143093526633341,0.7991158576127277,-0.14119248908967122,-0.6474058082777991,1.073540506396842,-0.7940956749744078,0.29627834807893766,-0.06852833417704728,215280,246dkjvS1zLTtiykXe5h60,100,21335421,https://i.scdn.co/image/93fec27f9aac86526b9010e882037afbda4e3d5f,True,False,False,False,False,False,False,False,False,False,False,False,False,True,False
global,414.0,7iHHxY2NLlJRAmlAmC4ahQ,50353687,Stuck In A Dream (feat. Gunna),Lil Mosey,https://open.spotify.com/track/7iHHxY2NLlJRAmlAmC4ahQ,0.8693960007952388,0.4640766156757093,0.13727700538910603,-0.16957677944084176,-0.35539277942164116,0.011750201694035447,-0.4245523126933423,1.0814358874762124,0.5794712343603098,123560,5zctI4wO9XSKS8XwcnqEHk,85,1436733,https://i.scdn.co/image/cb7532053adb92b2523c1afaa5541d8dde3f045a,False,False,False,False,False,False,False,False,False,False,True,False,False,True,False
global,415.0,4kKdvXD0ez7jp1296JmAts,50026802,Let It Snow! Let It Snow! Let It Snow! (with The B. Swanson Quartet),Frank Sinatra,https://open.spotify.com/track/4kKdvXD0ez7jp1296JmAts,2.512055196911514,-0.16802413222788823,-2.121102937724831,-0.16957677944084176,1.380503311511691,-2.4702026442038743,-0.6185406335107189,1.5761305221253625,0.6512361288166072,155453,1Mxqyy3pSjf8kZZL4QVxS0,88,3528165,https://i.scdn.co/image/fc4e0f474fb4c4cb83617aa884dc9fd9822d4411,True,False,True,False,False,False,False,False,False,False,False,False,False,True,False
global,416.0,5Uw7Dut2lZfexn3Y09swpf,49905567,Find U Again (feat. Camila Cabello),Mark Ronson,https://open.spotify.com/track/5Uw7Dut2lZfexn3Y09swpf,-0.9815928639848821,-0.4874013522212852,0.23016666885908812,-0.1695418807231969,0.21833558961564653,-0.2464939124416198,-0.863439916352565,-1.4691914948432592,-0.5907359221821652,176417,3hv9jJF3adDNsBSIQDqcjp,83,749288,https://i.scdn.co/image/d91845f215e0a90b0d4b03bf930221fdf2316b97,True,False,False,False,False,False,False,False,True,False,False,False,False,True,False
global,417.0,3zJw3rugfpVrmBeDDnUYzy,49873588,Happy Xmas (War Is Over) - Remastered,John Lennon,https://open.spotify.com/track/3zJw3rugfpVrmBeDDnUYzy,0.23880171223875424,-2.330474059266512,-0.10075275725272304,-0.16957677944084176,4.344766551537678,-1.6562114336786566,-0.8643176915598835,-0.42080194801799586,0.7938546174821363,213880,4x1nvY2FN8jxqAFA0DA02H,80,3053261,https://i.scdn.co/image/13092b01405a296117fc923f8b132659364b739f,True,False,True,False,False,False,False,False,False,False,False,False,True,False,False
global,418.0,6tjituizSxwSmBB5vtgHZE,49793178,Holly Jolly Christmas,Michael Bublé,https://open.spotify.com/track/6tjituizSxwSmBB5vtgHZE,2.3641380181143137,-0.20794628472706286,-0.925148520548813,-0.16957677944084176,-0.6334303736474037,-0.6592522873362656,-0.7651290931328991,0.9588968495355972,0.947213430488065,119787,1GxkXlMwML1oSg5eLPiAz3,92,3547268,https://i.scdn.co/image/6bf4c3c955399c4c45cd0677a860a42f39b6a508,True,False,False,False,False,False,False,True,False,False,False,False,False,True,False
global,419.0,7pdF27mSDuPWhppnHAmWHa,49751673,whoa (mind in awe),XXXTENTACION,https://open.spotify.com/track/7pdF27mSDuPWhppnHAmWHa,1.538915862719408,0.37757861859416425,-0.5768122825363805,10.509430819892998,-0.5392800771900026,1.27451709731413,-0.7537180154377594,-0.5388025030719217,1.2367465375552835,157777,15UsOTVnJzReFVN1VCnxy4,95,17294420,https://i.scdn.co/image/942afa81f0a2298ead0c154fb7b4b606de48d9e6,False,False,False,False,False,False,True,False,False,False,False,False,False,True,False
global,420.0,6mQLN3zRtAp6ovjusyYKrV,49406835,Rewrite The Stars (with James Arthur & Anne-Marie),James Arthur,https://open.spotify.com/track/6mQLN3zRtAp6ovjusyYKrV,-0.08038798937625657,-0.054911366813560125,0.688809382242124,-0.16957677944084176,2.138118978317341,0.5347215458013878,-0.7958512253890447,0.37797104003934734,0.12356073932910455,218293,4IWBUUAFIplrNtaOHcJPRM,87,5297706,https://i.scdn.co/image/dd8ceb41c23ec3352cfc19df178e7f243d6182e4,True,False,False,False,False,False,False,False,False,False,True,False,False,True,False
global,421.0,7uQmJ1jgNzBpATSoWKSPFu,49342091,Ya No Tiene Novio,Sebastian Yatra,https://open.spotify.com/track/7uQmJ1jgNzBpATSoWKSPFu,-0.8160813260254887,-0.3077516659749994,1.2055081352938986,-0.16957677944084176,-0.7636225804674036,1.6314486413984182,0.21095693740521204,1.3446678949042008,1.9539723784321164,198933,07YUOmWljBTXwIseAUd9TW,89,10046817,https://i.scdn.co/image/212a1f446c0940ee9ce636f2e2496849a0240df4,False,False,False,False,False,False,False,True,False,False,False,False,False,True,False
global,422.0,7qEKqBCD2vE5vIBsrUitpD,49239706,ilomilo,Billie Eilish,https://open.spotify.com/track/7qEKqBCD2vE5vIBsrUitpD,1.8152874336299658,1.176021668577656,-1.168983887157516,5.286256079042351,-0.6231326849723755,-3.085378302423818,-0.6273183855839033,0.3825095229260368,-0.06924435579974067,156371,6qqNVTkY8uBg9cP3Jd7DAH,98,18867904,https://i.scdn.co/image/2622edec99d68d1d141886be593c88cbe509f6d8,False,False,False,False,False,True,False,False,False,False,False,False,False,True,False
global,423.0,0y675KDleCZEudjoeL1sQQ,49191822,Feelings,Lauv,https://open.spotify.com/track/0y675KDleCZEudjoeL1sQQ,-0.6393592229362023,0.10477724318313764,-0.9193429165819391,-0.16957677944084176,-0.5613465529222059,-0.1009839792326871,-0.8037512022549109,-1.0970358981347244,-0.6225988843920132,189613,5JZ7CnR6gTvEMKX4g70Amv,91,2139634,https://i.scdn.co/image/d763de4ee1f230d55719b5fcccd76984fcc2d290,True,False,False,False,False,False,False,False,False,True,False,False,False,True,False
global,424.0,7ILEWkpfdK6AjH2D7jppWk,49189086,Don't Check On Me (feat. Justin Bieber & Ink),Chris Brown,https://open.spotify.com/track/7ILEWkpfdK6AjH2D7jppWk,2.395278476808461,-0.12144828764551784,-1.3315407982299843,-0.16957677944084176,-0.45836966617192354,0.445038443402813,-0.8485177378281515,0.8635887089151191,-1.3067575448753777,204880,7bXgB6jMjp9ATFy66eO08Z,93,10352577,https://i.scdn.co/image/e153d6448b17ce97b2a79da70d64b89230c67053,True,False,False,False,False,False,False,True,False,False,False,False,False,True,False
global,425.0,598yNsG1JFrGd4n2kMoz7F,49108326,Woah,Lil Baby,https://open.spotify.com/track/598yNsG1JFrGd4n2kMoz7F,-0.9340258133295719,1.3556713548239419,-0.12978077708709243,-0.16957677944084176,0.027092799936550633,0.33266443557809255,1.0097323760649972,-0.2619550469838652,0.6773383716075141,183011,5f7VJjfbwm532GiveGC0ZK,93,3258508,https://i.scdn.co/image/063f9f09ac26d99e3294686c105d4d9e2dfec6b2,True,False,False,False,False,False,False,False,False,False,False,True,False,True,False
global,426.0,6hw1Sy9wZ8UCxYGdpKrU6M,48866057,Roller,Apache 207,https://open.spotify.com/track/6hw1Sy9wZ8UCxYGdpKrU6M,-0.9032746103691013,1.7482391877324917,0.7758934417452322,-0.13898223697216203,0.13742517859756762,0.00274587414397792,0.35140097057616343,0.8862811233485663,0.19112714336142794,157093,1qQLhymHXFPtP5U8KNKsm6,86,459884,https://i.scdn.co/image/fc9cc19386528672abb07589b53b7b92db397042,False,False,False,False,False,False,False,False,False,False,True,False,False,True,False
global,427.0,6jfEZdUJ2Yla6h7gTJgKuo,48691209,Walk Me Home,P!nk,https://open.spotify.com/track/6jfEZdUJ2Yla6h7gTJgKuo,-0.8009003524120918,-0.174677824311084,-0.9948157681512996,-0.16957677944084176,0.0344482918472851,0.1291666329467883,-0.7502069146084857,-0.25287808121048627,-1.1101445165713006,177391,1KCSPY1glIKqW2TotWuXOR,86,7714421,https://i.scdn.co/image/afc2d276d9c1b398d4f1048c20584f926296b9c0,True,True,False,False,False,False,False,False,False,False,False,False,True,False,False
global,428.0,1OUPXna2MCgAt3VNmXJBtg,48576007,Bola Rebola,Tropkillaz,https://open.spotify.com/track/1OUPXna2MCgAt3VNmXJBtg,-0.14656146410131973,1.0362941348305448,0.8861999171158359,-0.09873238262173165,1.1819050299218608,0.6986003072124383,-0.6202961839253558,1.7122850087260464,0.2550483464054947,193440,5bzWtCkjIAMgN93gLt56SO,70,177983,https://i.scdn.co/image/0bb10b41b08df5b985f764b04e9b33d90041f4b2,False,False,False,False,False,True,False,False,False,False,False,False,False,True,False
global,429.0,6JQvHMSaR8flFsN53ypOfP,48302613,Noticed,Lil Mosey,https://open.spotify.com/track/6JQvHMSaR8flFsN53ypOfP,0.7954374113966389,0.1380457035991165,-0.3852273516295425,-0.16957677944084176,-0.4289476985289857,-0.4121735393626818,-0.6115184318521714,0.023969374877570292,-1.3720131518526453,165000,5zctI4wO9XSKS8XwcnqEHk,85,1436733,https://i.scdn.co/image/cb7532053adb92b2523c1afaa5541d8dde3f045a,True,False,False,False,False,False,False,False,False,False,False,True,False,True,False
global,430.0,2XWjPtKdi5sucFYtVav07d,48293521,365,Zedd,https://open.spotify.com/track/2XWjPtKdi5sucFYtVav07d,0.3166528589741228,0.444115539426122,0.39852918389843,-0.16957677944084176,-0.37745925515384454,0.35967741822826577,-0.8423733113769224,-1.0879589323613454,-0.7846475961824452,181900,2qxJFvFYMEDqd7ui6kSAcq,86,4997291,https://i.scdn.co/image/a9c923d081963c77dec430fb842b493724187dcc,False,False,True,False,False,False,False,False,False,False,False,False,False,True,False
global,431.0,56JyMaElW79S7TDWh1Zw1m,48239884,On A Roll,Ashley O,https://open.spotify.com/track/56JyMaElW79S7TDWh1Zw1m,-0.7031971632592043,0.3908860027605558,1.077784848022674,-0.16957677944084176,-0.8974925332427708,0.04452595397624561,-0.35433029610786676,-0.4571098111115115,0.09299963461506221,154448,14scxEoUN7Dcx1m4EQ7oHe,60,55620,https://i.scdn.co/image/ab67616d0000b2733b2d2706cac8ec23c2207839,True,False,False,False,False,True,False,False,False,False,False,False,False,True,False
global,432.0,2EEmzqzM70CybVspgM7YRT,48225816,La Boca - Remix,Mau y Ricky,https://open.spotify.com/track/2EEmzqzM70CybVspgM7YRT,-0.08428054671302501,0.08481616693355033,0.8629775012483404,-0.16957677944084176,1.137772078457454,0.9600859792661146,-0.8292066832671456,1.6442077654257043,-0.948909465715747,188468,2wkoKEfS6dXwThbyTnZWFU,83,1531985,https://i.scdn.co/image/5c2cf545129d57e90bfecf7f4e9a8fd61f5ff93e,False,False,False,False,False,False,False,False,False,False,False,True,False,True,False
global,433.0,2C6WXnmZ66tHhHlnvwePiK,47781640,Die For Me (feat. Future & Halsey),Post Malone,https://open.spotify.com/track/2C6WXnmZ66tHhHlnvwePiK,-0.26333818420437244,-0.4275181234725233,0.2069442529915926,-0.16957677944084176,0.2698240329907878,1.3072928495963403,-0.7537180154377594,-0.16210842347669713,0.7440911147049581,245267,246dkjvS1zLTtiykXe5h60,100,21335421,https://i.scdn.co/image/93fec27f9aac86526b9010e882037afbda4e3d5f,True,False,False,False,False,False,False,False,False,False,False,False,False,True,False
global,434.0,1mpD5Q8IM32I4bF6eCpU74,47511933,Up All Night,Khalid,https://open.spotify.com/track/1mpD5Q8IM32I4bF6eCpU74,-0.9989147441335017,-0.08817982722953897,0.5088356592690337,-0.1297922413256765,-0.5319245852792682,-0.3811986525904832,-0.6782293476083732,0.822742362934914,-0.9164606676327864,157220,6LuN9FCkKOj5PcnpouEgny,96,10092177,https://i.scdn.co/image/e52c824585bfeef4d674b509437120805300f557,True,True,False,False,False,False,False,False,False,False,False,False,False,True,False
global,435.0,4OafepJy2teCjYJbvFE60J,47437538,breathin,Ariana Grande,https://open.spotify.com/track/4OafepJy2teCjYJbvFE60J,-0.9207911183845593,-0.7335879592995288,0.1837218371240971,-0.16941740863026347,0.28453501681225674,0.3834488429604181,-0.7607402170963069,-0.561494917505369,-0.7192292570182015,198160,66CXWjxzNUsdJxJ2JdwvnR,97,40958727,https://i.scdn.co/image/b1dfbe843b0b9f54ab2e588f33e7637d2dab065a,True,False,False,False,False,False,False,False,True,False,False,False,False,True,False
global,436.0,59PYgzOiOjGDzjDT5N5oOX,47378044,Asesina - Remix,Brytiago,https://open.spotify.com/track/59PYgzOiOjGDzjDT5N5oOX,1.2897921931662286,0.9764109060817829,0.38111237199780834,-0.16957677944084176,1.7556333989591484,0.8016098143850987,0.8429550866744928,0.12835448127142776,-0.9097886479667815,327467,00XhexlJEXQstHimpZN910,85,2082848,https://i.scdn.co/image/4e6ca93cbe31465e6703e48861bfb07f3b45c641,False,False,False,False,False,False,False,False,False,False,True,False,False,True,False
global,437.0,6ZRuF2n1CQxyxxAAWsKJOy,47176776,Nights Like This (feat. Ty Dolla $ign),Kehlani,https://open.spotify.com/track/6ZRuF2n1CQxyxxAAWsKJOy,0.42564446440363857,-0.45413289180530636,0.5843085108383942,-0.16957677944084176,-0.14943900592107634,0.4850176577250692,0.1758459291124742,-0.892804168233699,0.7816171570215622,201788,0cGUm45nv7Z6M6qdXYQGTX,85,3110388,https://i.scdn.co/image/40b626005e97f28bf0e217dfb53856577f2113a4,True,False,False,False,False,False,False,False,True,False,False,False,False,True,False
global,438.0,6UelLqGlWMcVH1E5c4H7lY,47128981,Watermelon Sugar,Harry Styles,https://open.spotify.com/track/6UelLqGlWMcVH1E5c4H7lY,-0.5280320831046253,-0.8666618009634435,1.1126184718239165,-0.16957677944084176,1.1819050299218608,0.8170972577711981,-0.7326514104621167,0.3144322796256955,-0.870863108842187,174000,6KImCVD70vtIoJWnq6nGn3,95,5911371,https://i.scdn.co/image/b2163e7456f3d618a0e2a4e32bc892d6b11ce673,True,False,False,False,False,False,False,False,False,False,False,False,False,True,False
global,439.0,25F6MWrnFBCXVnpN4n76EK,46697521,Keanu Reeves,Logic,https://open.spotify.com/track/25F6MWrnFBCXVnpN4n76EK,-0.7728739395873592,0.21123631651426997,1.530621957438836,-0.16957677944084176,-0.29654884413576543,0.007428124470007898,0.9219548553331527,1.489899347278263,1.563708047626921,225987,4xRYI6VqpkE3UwrDrAZL8L,87,4329265,https://i.scdn.co/image/efa0b73c2cdaf40b1767b4b1e1254b1cfc5b51db,True,False,True,False,False,False,False,False,False,False,False,False,False,True,False
global,440.0,6uAm7pG66O1XesXS9bpHSF,46501607,Good As Hell,Lizzo,https://open.spotify.com/track/6uAm7pG66O1XesXS9bpHSF,0.10645476278862771,0.03824032235118067,1.629317224875692,-0.16957677944084176,2.579448492961408,1.1851941680175575,-0.4693188482665831,0.019430891990880834,-0.8514979785920751,159011,56oDRnqbIiwx4mymNEv7dS,88,1838446,https://i.scdn.co/image/e33e4245fe5901ed940ba95070bb8d56679b6fe0,False,False,False,False,False,False,False,False,False,False,False,False,False,True,False
global,441.0,0AtP8EkGPn6SwxKDaUuXec,46081673,Remember The Name (feat. Eminem & 50 Cent),Ed Sheeran,https://open.spotify.com/track/0AtP8EkGPn6SwxKDaUuXec,-0.47742883772663575,1.1560605923280687,0.24177787679283588,-0.16957677944084176,4.587497784591915,-0.16041254106306807,0.4742894996007456,1.0814358874762124,-1.012244832886701,207760,6eUKZXaKkcviH0Ku9w2n3V,98,57463755,https://i.scdn.co/image/f55cab0739390cf3b2c2f773b9c779b2f0ae8a99,False,False,False,False,False,False,False,False,False,False,False,True,False,True,False
global,442.0,6q8Lb50EtqNeeJXXe8mMAH,45997391,Culpables,KAROL G,https://open.spotify.com/track/6q8Lb50EtqNeeJXXe8mMAH,0.08309941876801737,0.33100277401179384,1.025534412320809,-0.1695219884541393,-0.23034941693915545,1.2734365780081232,-0.5412964152666956,-0.32549380739751754,0.25748932921013024,226627,790FomKkXshlbRYZFtlgla,92,7947851,https://i.scdn.co/image/f67a7967874f13a1af7f3e90df067eea5199c1d9,False,False,False,False,False,False,False,False,True,False,False,False,False,True,False
global,443.0,7lAK3oHbfEnvUQWosrMMpR,45803074,YOSEMITE,Travis Scott,https://open.spotify.com/track/7lAK3oHbfEnvUQWosrMMpR,0.09866964811509087,0.7102632227539528,-0.40844976749703804,-0.16953722756084422,-0.4289476985289857,-0.033631609158255256,-0.7818068220719497,-1.5599611525770483,0.19200589717109645,150043,0Y5tJX1MQlPlqiwlOH1tJY,98,7626718,https://i.scdn.co/image/fec51156ed94b7ee30fbd4c7fd29b4a840e7daec,True,False,False,False,False,False,False,False,False,False,False,False,False,True,False
global,444.0,5OCJzvD7sykQEKHH7qAC3C,45686483,God is a woman,Ariana Grande,https://open.spotify.com/track/5OCJzvD7sykQEKHH7qAC3C,-0.9122274922436688,-0.5073624284708725,0.19533304505784485,-0.16887880508794414,0.4610668226698837,0.19579865681721528,-0.6510183161815013,-0.9971892746275562,0.7447745898902567,197547,66CXWjxzNUsdJxJ2JdwvnR,97,40958727,https://i.scdn.co/image/b1dfbe843b0b9f54ab2e588f33e7637d2dab065a,True,True,False,False,False,False,False,False,False,False,False,False,False,True,False
global,445.0,2ktoFujjJtantyMoVdBJlX,45632927,Pa Olvidarte (feat. Manuel Turizo) - Remix,ChocQuibTown,https://open.spotify.com/track/2ktoFujjJtantyMoVdBJlX,-0.8312622996388855,0.30438800567901075,0.9674783726520703,-0.16950058390731712,0.4757778064913526,0.38416918916442294,0.34262321850297894,1.6714386627458413,1.7530632203918801,256418,6tkyhGe9hGI3Lcfo4gVh6Z,71,371103,https://i.scdn.co/image/4aa0668a41a6d8f3888fa69d637de7bd43c49dc4,True,False,False,False,False,False,False,True,False,False,False,False,False,True,False
global,446.0,1BxfuPKGuaTgP7aM0Bbdwr,45499626,Cruel Summer,Taylor Swift,https://open.spotify.com/track/1BxfuPKGuaTgP7aM0Bbdwr,-0.5474948697884674,-0.8400470326306604,0.4507796196002949,-0.16933714157968024,-0.5098581095470648,0.27755795097173946,0.23729019362476542,0.34620165983252116,1.5572313065852865,178427,06HL4z0CvFAxyc27GXpf02,95,25846444,https://i.scdn.co/image/62b33d12e2b9a033cf77585f6e3d4b2c6b3a63a1,True,False,False,False,False,False,False,False,False,True,False,False,False,True,False
global,447.0,1DUSuNhF8P5vUGNPpQiZa5,45357234,My Bad,Khalid,https://open.spotify.com/track/1DUSuNhF8P5vUGNPpQiZa5,1.1107345556748813,-0.2212536688934544,-0.32717131196080435,2.924776185072014,0.608176660884573,-0.9542340578761568,-0.4184078862421133,-0.4389558795647537,-1.2090531398151494,166101,6LuN9FCkKOj5PcnpouEgny,96,10092177,https://i.scdn.co/image/e52c824585bfeef4d674b509437120805300f557,False,False,False,False,False,True,False,False,False,False,False,False,False,True,False
global,448.0,0tMSssfxAL2oV8Vri0mFHE,45354784,listen before i go,Billie Eilish,https://open.spotify.com/track/0tMSssfxAL2oV8Vri0mFHE,2.6366170316881035,-2.3903572880152737,-3.2990599826035405,-0.12490642085539302,1.5717461011907872,-5.95919948330024,-0.7458180385718934,-1.8413470915517942,-1.3794337395787388,242652,6qqNVTkY8uBg9cP3Jd7DAH,98,18867904,https://i.scdn.co/image/2622edec99d68d1d141886be593c88cbe509f6d8,True,False,False,False,False,False,False,False,False,False,False,False,True,False,False
global,449.0,3nAp4IvdMPPWEH9uuXFFV5,45244592,Underneath the Tree,Kelly Clarkson,https://open.spotify.com/track/3nAp4IvdMPPWEH9uuXFFV5,-0.997863753652574,-1.1261557922080785,1.0893960559564217,-0.1693452846137974,0.29189050872299116,0.37444451541036056,-0.6694515955351886,0.9135120206687026,1.2279264530211993,229640,3BmGtnKgCSGYIUhmivXKWX,84,6010734,https://i.scdn.co/image/0e874611a108fcd361c92a665a991ba18a852050,True,False,False,False,False,False,False,False,True,False,False,False,False,True,False
global,450.0,1VJwtWR6z7SpZRwipI12be,45049252,Candy,Doja Cat,https://open.spotify.com/track/1VJwtWR6z7SpZRwipI12be,0.9939578355718285,0.07150878276715879,-0.6290627182382454,-0.16957677944084176,-0.08323957872446613,0.22353198567139304,-0.7510846898158041,-1.2649597649422342,0.08880114419108867,190920,5cj0lLjcoR7YOSnhnX0Po5,86,836522,https://i.scdn.co/image/c0492ddbdf41c4595ee1334d3f896ea786005fe9,True,False,False,False,False,False,False,False,True,False,False,False,False,True,False
global,451.0,6JqpFboOH2bq9pzaYbkKBn,44900506,R.I.P. (feat. Rita Ora & Anitta),Sofia Reyes,https://open.spotify.com/track/6JqpFboOH2bq9pzaYbkKBn,-0.3022637575720567,0.5705356890068416,0.7410598179439889,-0.16957677944084176,-0.7665647772316975,0.9957431163643431,-0.5167187094617792,0.9543583666489077,-0.7186759675824841,187200,0haZhu4fFKt0Ag94kZDiz2,77,1271228,https://i.scdn.co/image/8e504298e15c0870128e537e69c2da224e8f4b57,False,False,False,False,False,False,False,False,True,False,False,False,False,True,False
global,452.0,6tsOcBnaKgzK22yEiqRh8P,44810524,MONOPOLY (with Victoria Monét),Ariana Grande,https://open.spotify.com/track/6tsOcBnaKgzK22yEiqRh8P,1.7374362868945974,1.4222082756558996,-0.6813131539401104,-0.16921150619615868,-0.480436141904127,-0.6498877866842057,2.17717340179853,0.9407429179888394,0.7099173554400554,158587,66CXWjxzNUsdJxJ2JdwvnR,97,40958727,https://i.scdn.co/image/b1dfbe843b0b9f54ab2e588f33e7637d2dab065a,True,False,False,False,False,False,False,False,False,False,False,False,False,True,False
global,453.0,4fwo6czG5nvOQMzhOto1ya,44787533,Lonely (with Jonas Brothers),Diplo,https://open.spotify.com/track/4fwo6czG5nvOQMzhOto1ya,-0.7615855233107307,0.39753969484375157,0.5378636791034032,-0.16957677944084176,0.22569108152638098,0.4886193887450922,-0.6378516880717248,0.055738755084396484,-0.7843872246832841,139813,5fMUXHkw8R8eOP2RNVYEZX,90,2176273,https://i.scdn.co/image/a11a265f0dee7c44517beb16de3aeb5e38974e28,True,True,False,False,False,False,False,False,False,False,False,False,False,True,False
global,454.0,7FEwp8BavoEVE3AnxJDchc,44652863,No Guidance (feat. Drake),Chris Brown,https://open.spotify.com/track/7FEwp8BavoEVE3AnxJDchc,-0.5241395257678568,0.13139201151592073,-0.9890101641844257,-0.16957677944084176,-0.14208351401034186,-0.10026363302868256,0.18462368118565867,-1.5917305327838744,-0.9508622519594558,260640,7bXgB6jMjp9ATFy66eO08Z,93,10352577,https://i.scdn.co/image/e153d6448b17ce97b2a79da70d64b89230c67053,False,True,False,False,False,False,False,False,False,False,False,False,False,True,False
global,455.0,5pAbCxt9e3f81lOmjIXwzd,44531910,Be Honest (feat. Burna Boy),Jorja Smith,https://open.spotify.com/track/5pAbCxt9e3f81lOmjIXwzd,0.20766125354460682,0.5239598444244712,0.6539757584408807,-0.16957677944084176,-0.4510141742611891,-0.09017878617261775,-0.14015314552216607,0.6684339447874725,-0.7840617603093325,207031,1CoZyIx7UvdxT5c8UkMzHd,80,1259084,https://i.scdn.co/image/a781161f9e412f54e7b2a9d2fdc07a32cb75b42b,False,False,False,False,True,False,False,False,False,False,False,False,False,True,False
global,456.0,2XXMDz7SPZ4mSFN1PXfHUy,44259294,Cuando Te Besé,Becky G,https://open.spotify.com/track/2XXMDz7SPZ4mSFN1PXfHUy,0.19209102419753313,0.6237652256724078,0.6249477386065113,-0.16951698630461018,-0.5025026176363303,0.9957431163643431,0.7288443097230948,-0.8746502366869412,-0.7192618034555968,254383,4obzFoKoKRHIphyHzJ35G3,87,7196194,https://i.scdn.co/image/2eed78b05a0585b67e92dd3564e77bae29fe1448,False,False,False,False,False,False,False,False,False,True,False,False,False,True,False
global,457.0,3dWpRjCmaHbroNahuSeX11,43993291,Rebota - Remix,Guaynaa,https://open.spotify.com/track/3dWpRjCmaHbroNahuSeX11,-0.20494982415284616,0.11143093526633341,1.3506482344657456,-0.16957677944084176,3.653350311928639,1.512231344635654,0.6498445410644347,1.4989763130516418,-1.0454747454671451,262000,0BqURncJM5B1BBu7UM51eq,79,201710,https://i.scdn.co/image/ab5f2dfaeecb095c9e70255f063493c70cf3fcba,False,False,False,False,False,False,False,False,False,False,False,False,False,True,False
global,458.0,0Zp10WiPeEi6EUJZvWcNT9,43970634,Mad Love,Mabel,https://open.spotify.com/track/0Zp10WiPeEi6EUJZvWcNT9,1.593411665434166,-0.37428858680695715,0.9965063924864396,-0.16957677944084176,-0.5025026176363303,1.2529067111939916,0.3689564747225321,0.6003567014871306,2.4591256332421785,169813,1MIVXf74SZHmTIp4V4paH4,82,554723,https://i.scdn.co/image/f6cdfc9316e797af4b4039244bf59796c9f2977f,False,False,False,False,False,False,False,False,False,False,False,False,False,True,False
global,459.0,0k664IuFwVP557Gnx7RhIl,43782494,Juice,Lizzo,https://open.spotify.com/track/0k664IuFwVP557Gnx7RhIl,-0.979140552862718,0.5904967652564289,1.53642756140571,-0.16957677944084176,1.6747229879410697,1.256868615316017,-0.295519357217531,1.6124383852188782,-0.07217353516530346,195145,56oDRnqbIiwx4mymNEv7dS,88,1838446,https://i.scdn.co/image/e33e4245fe5901ed940ba95070bb8d56679b6fe0,True,False,False,False,False,False,False,True,False,False,False,False,False,True,False
global,460.0,4lD7gHKF1e8Y9stQuVezZB,43513294,ghostin,Ariana Grande,https://open.spotify.com/track/4lD7gHKF1e8Y9stQuVezZB,0.6397351179259019,-1.8780229976092,-1.5463481450043177,-0.16937785675026593,0.11535870286536422,-0.6542098639082335,-0.8845065213282077,-1.7097310878378003,-0.5969197452872429,271467,66CXWjxzNUsdJxJ2JdwvnR,97,40958727,https://i.scdn.co/image/b1dfbe843b0b9f54ab2e588f33e7637d2dab065a,True,False,False,False,False,False,False,False,False,True,False,False,False,True,False
global,461.0,1ZPWWSwCkxKfqdp4H0RFCo,43487716,ROXANNE,Arizona Zervas,https://open.spotify.com/track/1ZPWWSwCkxKfqdp4H0RFCo,-0.7997325852110613,-0.3809422788901529,-0.1355863810539663,-0.16957677944084176,2.1013415187636686,0.31033370325394966,0.15829042496610526,-0.13941600904324986,-0.17615940264279523,163636,0vRvGUQVUjytro0xpb26bs,89,188185,https://i.scdn.co/image/d549aadbb8b3a254fdc8e5ac93535a706463dce6,False,False,False,False,False,False,True,False,False,False,False,False,False,False,True
global,462.0,4DbhxwlkhTbCTqlZptxmI6,42927283,Swing,Danny Ocean,https://open.spotify.com/track/4DbhxwlkhTbCTqlZptxmI6,0.7798671820495652,0.3376564660949896,-0.04850232155085811,-0.16957677944084176,-0.6790344234939573,0.020034183040088756,1.0448433843577352,0.20097020745845906,-0.5097278395056466,155058,5H1nN1SzW0qNeUEZvuXjAj,80,2060672,https://i.scdn.co/image/a28defa4bd834ce15265504bd7b0828c6fa5383e,True,False,False,False,False,False,False,False,True,False,False,False,False,True,False
global,463.0,2RttW7RAu5nOAfq6YFvApB,42912960,Happier,Ed Sheeran,https://open.spotify.com/track/2RttW7RAu5nOAfq6YFvApB,1.0834866543175024,-1.0396577951265336,-1.3895968378987231,-0.16957677944084176,-0.28919335222503095,-0.31600732112806557,-0.8880176221574816,-1.142420727001619,-1.0530580653802144,207520,6eUKZXaKkcviH0Ku9w2n3V,98,57463755,https://i.scdn.co/image/f55cab0739390cf3b2c2f773b9c779b2f0ae8a99,True,False,False,False,False,False,False,False,False,False,False,False,False,True,False
global,464.0,5Gu0PDLN4YJeW75PpBSg9p,42910172,"Let Me Go (with Alesso, Florida Georgia Line & watt)",Hailee Steinfeld,https://open.spotify.com/track/5Gu0PDLN4YJeW75PpBSg9p,-0.8717448959412771,-0.10148721139593052,0.48561324340153816,-0.16957677944084176,-0.663587890481415,0.836906778381325,-0.7256292088035691,1.1540516136632437,-0.6208088303352803,174800,5p7f24Rk5HkUZsaS3BLG5F,82,5192876,https://i.scdn.co/image/1fe03485d11ecce6a26a6f1c85ef4f5186fb992f,True,False,False,False,False,False,False,False,True,False,False,False,False,True,False
global,465.0,314ZkcV7oLWG8yWE7LABvH,42873724,Make It Right (feat. Lauv),BTS,https://open.spotify.com/track/314ZkcV7oLWG8yWE7LABvH,-0.8845903351526129,-0.6271288859683964,0.3520843521634396,-0.16957677944084176,0.10800321095462975,-0.4802462556411182,2.589727749238199,-0.6477260923524687,-0.8005302576312764,226321,3Nrfpe0tUJi4K4DXYWgMUX,93,15652748,https://i.scdn.co/image/0c9057cb30520f9f883a220051260fc66a2f3ffa,True,False,False,False,False,False,False,True,False,False,False,False,False,True,False
global,466.0,6MjNilJCVKJq0LfFvo5jWJ,42718445,Fast,Juice WRLD,https://open.spotify.com/track/6MjNilJCVKJq0LfFvo5jWJ,0.6553053472729755,-0.3676348947237614,-0.09494715328584916,-0.16957677944084176,-0.5098581095470648,0.1947181375112083,-0.7598624418889885,-1.0198816890610034,-1.2096715221256569,208518,4MCBfE4596Uoi2O4DtmEMz,98,7403812,https://i.scdn.co/image/d8e62447a338a882b490460da20e90aac6d60ae7,True,True,False,False,False,False,False,False,False,False,False,False,False,True,False
global,467.0,6PYnUsNEpYC7A4BS2sjw3L,42641630,Right Back (feat. A Boogie Wit Da Hoodie),Khalid,https://open.spotify.com/track/6PYnUsNEpYC7A4BS2sjw3L,-0.639748478669879,0.7169169148371486,-1.1399558673231465,-0.16956398324437197,-0.1347280220996074,-1.2726270800461972,1.5802862608219868,0.309893796739006,-0.8184307981986065,255000,6LuN9FCkKOj5PcnpouEgny,96,10092177,https://i.scdn.co/image/e52c824585bfeef4d674b509437120805300f557,False,False,False,False,False,True,False,False,False,False,False,False,False,True,False
global,468.0,0UQwlF2pRkr1lMN6kNNUj3,42578129,La Boca,Mau y Ricky,https://open.spotify.com/track/0UQwlF2pRkr1lMN6kNNUj3,-0.7479615726320412,-0.40090335513974024,0.9907007885195658,-0.16957677944084176,0.9906622402427647,1.6847542604947598,-0.14893089759535053,1.235744305623654,2.0749474862298745,206279,2wkoKEfS6dXwThbyTnZWFU,83,1531985,https://i.scdn.co/image/5c2cf545129d57e90bfecf7f4e9a8fd61f5ff93e,True,False,True,False,False,False,False,False,False,False,False,False,False,True,False
global,469.0,0c7K73roy6RW4ebDkf4yGh,42454667,VALENTINO,24kGoldn,https://open.spotify.com/track/0c7K73roy6RW4ebDkf4yGh,-0.23609028284699346,0.444115539426122,0.543669283070277,-0.16957677944084176,-0.29654884413576543,0.5851457800817113,0.4655117475275612,0.23273958766528524,0.9422012791292126,179133,6fWVd57NKTalqvmjRd2t8Z,77,55258,https://i.scdn.co/image/24b280806e83e76cfef4fa15f56a30d89e0c533e,False,False,False,False,False,False,False,False,False,True,False,False,False,True,False
global,470.0,1kMUGCt7XLDc5Q64Vl0H8S,42312635,Bellacoso,Residente,https://open.spotify.com/track/1kMUGCt7XLDc5Q64Vl0H8S,-0.7495185955667486,0.6370726098387993,1.3158146106645023,-0.16957677944084176,-0.8643928196444657,1.3263820240024626,1.097509896796842,0.9407429179888394,1.8856899527771005,257865,5GcWBUX00IPuWVGMIRK1sS,72,551318,https://i.scdn.co/image/2865d909a20c9992dac0a95cbabfca87e5e7d478,False,False,False,False,False,False,False,False,False,False,False,True,False,True,False
global,471.0,27qAMKrDdKEs8HDXcvR24R,42304213,Driving Home for Christmas - 2019 Remaster,Chris Rea,https://open.spotify.com/track/27qAMKrDdKEs8HDXcvR24R,0.37893377636241743,0.11143093526633341,-0.24008725245769616,-0.16934877448556188,0.04180378375801956,-1.5794945629521644,-0.8072623030841846,1.7168234916127358,1.8888795036418244,241627,5KEG7G8LDYlHgFDqZyEEs2,75,363693,https://i.scdn.co/image/973dda29c4a79692aacb05bb431072509377b738,True,False,False,False,False,False,False,False,False,True,False,False,False,True,False
global,472.0,5600nq7TiBraBX2jobyJ3l,41805799,Swan Song,Dua Lipa,https://open.spotify.com/track/5600nq7TiBraBX2jobyJ3l,-0.9803861712104838,-0.6005141176356134,1.141646491658286,-0.16637773032339429,0.2477575572585844,-0.022466242996183796,0.7551775659426482,0.09658510106460158,2.1464520091870107,182075,6M2wZ9GZgrQXHCFfjv46we,93,14982761,https://i.scdn.co/image/a1f0ad6fe9f1913da2bd883555f3aee9d91024a9,False,False,False,False,False,True,False,False,False,False,False,False,False,True,False
global,473.0,7Lbxvt42JsNSKVCaN63qhD,41618464,Wonderful Christmastime [Edited Version] - Remastered 2011 / Edited Version,Paul McCartney,https://open.spotify.com/track/7Lbxvt42JsNSKVCaN63qhD,0.2504793842490595,0.11143093526633341,-0.6580907380726149,-0.16957677944084176,-0.7878957037728274,-0.8775171871496646,-0.8608065907306097,1.285667617377238,-0.8921484788986124,227653,4STHEaNw4mPZ2tzheohgXB,81,2695564,https://i.scdn.co/image/2e9e61aa45f32c8d6c35a7e407d50ce1256df210,True,False,False,False,False,False,False,False,False,False,False,True,False,True,False
global,474.0,7sO5G9EABYOXQKNPNiE9NR,41578309,Ric Flair Drip (& Metro Boomin),Offset,https://open.spotify.com/track/7sO5G9EABYOXQKNPNiE9NR,-0.42293303501187784,1.3423639706575503,-1.1399558673231465,-0.16898699111264326,-0.44365868235045464,-0.6491674404802008,0.6674000452108035,-0.7021878869927418,-0.7205962073887976,172800,1URnnhqYAYcrqrcwql10ft,90,7271390,https://i.scdn.co/image/cfd6e47fbe4446750ec209dfa37bc919cb55c86f,True,False,False,False,False,False,False,False,False,True,False,False,False,True,False
global,475.0,3VyjsVV24RmBIbWJAeUJNu,41549584,No Idea,Don Toliver,https://open.spotify.com/track/3VyjsVV24RmBIbWJAeUJNu,1.1691229157264078,-0.1480630559783009,-0.060113529484605875,-0.15954921457087906,0.29924600063372564,0.5419250078414342,-0.2454861704003796,-0.6250336779190213,0.1917129792345406,153750,4Gso3d4CscCijv0lmajZWs,85,180947,https://i.scdn.co/image/703b452ee316bbc4a8a0c8c49ba518a0d8edeef0,False,False,False,False,False,False,True,False,False,False,False,False,False,True,False
global,476.0,2XKFnwB6djxrJCjR3PdeRb,41523655,My Bad,Khalid,https://open.spotify.com/track/2XKFnwB6djxrJCjR3PdeRb,1.126304785021955,-0.6737047305507669,-0.26911527229206555,6.693837690719251,0.6596651042597143,-0.9610773468142008,-0.34555254403468233,-0.5478794688453006,-1.210159718686584,163973,6LuN9FCkKOj5PcnpouEgny,96,10092177,https://i.scdn.co/image/e52c824585bfeef4d674b509437120805300f557,False,False,False,False,False,False,False,False,False,False,False,False,False,True,False
global,477.0,0RLLvYBopDwooCyvnTwgYu,41102869,F.N,Lil Tjay,https://open.spotify.com/track/0RLLvYBopDwooCyvnTwgYu,0.375041219025649,-0.7402416513827246,-0.6348683222051194,-0.16957677944084176,-0.7084563911368952,-1.3641110479547842,1.0272878802113663,-0.7566496816330154,-0.06664064080812905,224000,6jGMq4yGs7aQzuGsMgVgZR,87,813885,https://i.scdn.co/image/db9945fd5985316262acb98c17b0a15ed5a65c8c,False,False,False,False,False,False,True,False,False,False,False,False,False,False,False
global,478.0,0Z26mbSHJ1dkUu7g9DDgif,41068193,Trigger,Major Lazer,https://open.spotify.com/track/0Z26mbSHJ1dkUu7g9DDgif,-0.5046767390840148,-0.7202805751331373,-0.2284760445239484,-0.16844838757032393,-0.465725158082658,-0.20291296709934062,1.062398888504104,-0.4979561570917166,-0.8091876099783853,171987,738wLrAtLtCtFOLvQBXOXp,86,5890848,https://i.scdn.co/image/093b23f613441e9b90070939795f3109386edbb4,True,False,False,False,False,False,False,False,True,False,False,False,False,True,False
global,479.0,3i9UVldZOE0aD0JnyfAZZ0,40972693,Lover (Remix) [feat. Shawn Mendes],Taylor Swift,https://open.spotify.com/track/3i9UVldZOE0aD0JnyfAZZ0,0.6825532486303545,-1.5320310092830203,-0.12397517312021855,-0.16957677944084176,-0.6481413574688726,-0.25153633586965224,-0.5790407491813888,-0.2982629100773808,2.7054045250112475,221307,06HL4z0CvFAxyc27GXpf02,95,25846444,https://i.scdn.co/image/62b33d12e2b9a033cf77585f6e3d4b2c6b3a63a1,True,False,False,False,False,False,False,True,False,False,False,False,True,False,False
global,480.0,0nbXyq5TXYPCO7pr3N8S4I,40593143,The Box,Roddy Ricch,https://open.spotify.com/track/0nbXyq5TXYPCO7pr3N8S4I,-0.598098115166457,1.4488230439886827,-0.2226704405570745,-0.16957677944084176,4.528653849306039,-0.07541168899052328,-0.6501405409741828,0.7002033249942987,-0.16847844341754065,196653,757aE44tKEUQEqRuT6GnEB,93,1162631,https://i.scdn.co/image/020e997fb003cf666859a90b57ca0519df769d30,False,False,False,False,False,False,False,False,False,False,True,False,False,True,False
global,481.0,7KXjTSCq5nL1LoYtL7XAwS,40538055,HUMBLE.,Kendrick Lamar,https://open.spotify.com/track/7KXjTSCq5nL1LoYtL7XAwS,-1.0018263770214042,1.528667348987032,-0.01947430171648871,-0.16894976581382204,-0.5775286351258219,-0.057763206992410006,-0.2454861704003796,-0.30280139296407027,0.9068558481180835,177000,2YZyLoL8N0Wb9xBt1NhZWg,91,13824880,https://i.scdn.co/image/3a836196bfb341f736c7fe2704fb75de53f8dfbb,False,True,False,False,False,False,False,False,False,False,False,False,False,True,False
global,482.0,7C39RtGhnEw7cyf0Pyw7PV,40454481,Saint-Tropez,Post Malone,https://open.spotify.com/track/7C39RtGhnEw7cyf0Pyw7PV,-0.7907797033364939,-0.407557047222936,0.34627874819656573,-0.16957677944084176,-0.5172136014577993,1.0299595610545624,-0.7554735658523963,-0.8746502366869412,0.3243397116197602,150867,246dkjvS1zLTtiykXe5h60,100,21335421,https://i.scdn.co/image/93fec27f9aac86526b9010e882037afbda4e3d5f,True,False,False,False,False,False,False,False,False,False,False,False,False,True,False
global,483.0,0rKtyWc8bvkriBthvHKY8d,40403215,SLOW DANCING IN THE DARK,Joji,https://open.spotify.com/track/0rKtyWc8bvkriBthvHKY8d,1.1146271130116499,-1.0862336397089039,-0.843870065012579,-0.10001200226871065,0.12271419477609868,-0.3531051506343033,-0.9117175527550796,-0.9245735484405252,-1.0800065155433953,209274,3MZsBdqDrRTJihTHQrO6Dq,86,2077147,https://i.scdn.co/image/b4fbeb08b959ea138e0fa40d34ae4fa2c31213fe,True,False,False,True,False,False,False,False,False,False,False,False,False,True,False
global,484.0,2Ec33AVlkTTq8BHFgBTdQs,40313244,Futsal Shuffle 2020,Lil Uzi Vert,https://open.spotify.com/track/2Ec33AVlkTTq8BHFgBTdQs,-0.8756374532780455,1.3490176627407462,-0.9715933522838041,-0.16957677944084176,0.4169338712054771,-0.6171120344019958,0.22851244155158096,-0.8701117538002517,0.4824177580479844,198913,4O15NlyKLIASxsJ0PrXPfz,92,7585654,https://i.scdn.co/image/a6dd2fabeba127e6eea02bd234545de91c44e604,False,False,False,False,False,False,False,True,False,False,False,False,False,True,False
global,485.0,7uiBocndm12aKbsdnQ3Scx,40291681,Undecided,Chris Brown,https://open.spotify.com/track/7uiBocndm12aKbsdnQ3Scx,-0.33340421626620415,-1.5786068538653906,-0.5652010746026328,-0.16957677944084176,0.431644855026946,0.41766528765063765,-0.2928860315955755,0.4596637319997575,-0.8389676001949438,187298,7bXgB6jMjp9ATFy66eO08Z,93,10352577,https://i.scdn.co/image/e153d6448b17ce97b2a79da70d64b89230c67053,True,False,False,True,False,False,False,False,False,False,False,False,False,True,False
global,486.0,3JjaofJ0lCeEsFSZqppzOp,40101400,Contra La Pared,Sean Paul,https://open.spotify.com/track/3JjaofJ0lCeEsFSZqppzOp,-0.9422001837367856,0.9963719823313703,-0.21105923262332674,-0.16957677944084176,-0.37010376324311006,-0.23857010419756894,-0.10504213722942833,0.5005100779799626,-0.9144102420768921,224681,3Isy6kedDrgPYoTS1dazA9,85,2856914,https://i.scdn.co/image/e15025ccdfab6e62b9c2b391e4e5f44bac36a3db,True,False,True,False,False,False,False,False,False,False,False,False,False,True,False
global,487.0,7x9nXsowok1JszkVztI5NI,39626507,Writing on the Wall (feat. Post Malone & Cardi B),French Montana,https://open.spotify.com/track/7x9nXsowok1JszkVztI5NI,0.09866964811509087,0.11143093526633341,1.2287305511613942,-0.1693324884173276,-0.6731500299653698,1.4953032088415454,0.20217918533202758,0.042123306424328114,-0.32994131933486,201271,6vXTefBL93Dj5IqAWq6OTv,87,3261832,https://i.scdn.co/image/14443f9c4ab806e91aee7feaad4f90b91f29f7b6,True,False,False,False,False,False,False,False,False,True,False,False,False,True,False
global,488.0,12Fkyg9lpmaz2zmKOfw2Y2,39422826,On The Road (feat. Meek Mill & Lil Baby),Post Malone,https://open.spotify.com/track/12Fkyg9lpmaz2zmKOfw2Y2,-0.7736524510547128,-1.571953161782195,0.6539757584408807,-0.16957677944084176,-0.5319245852792682,0.5156323713952654,-0.18404190588808836,-1.2604212820555447,-0.2999985969313256,218320,246dkjvS1zLTtiykXe5h60,100,21335421,https://i.scdn.co/image/93fec27f9aac86526b9010e882037afbda4e3d5f,True,False,False,False,False,False,False,True,False,False,False,False,False,False,True
global,489.0,04ZTP5KsCypmtCmQg5tH9R,39406397,I'm a Mess,Bebe Rexha,https://open.spotify.com/track/04ZTP5KsCypmtCmQg5tH9R,-0.9919859920740538,-0.32105905014139097,0.40433478786530386,-0.16957677944084176,-0.7533248917923754,0.07946274487046971,-0.9187397544136271,-1.233190384735408,-0.8183006124490263,195519,64M6ah0SkkRsnPGtGiRAbb,87,4604422,https://i.scdn.co/image/d7846ef6807a6a5e449997e9d11e5bd8b2d2576a,False,False,False,False,False,False,False,False,False,False,False,True,False,True,False
global,490.0,4mGdjNMo0RonTlOEb7cYg4,39115293,11 Minutes (with Halsey feat. Travis Barker),YUNGBLUD,https://open.spotify.com/track/4mGdjNMo0RonTlOEb7cYg4,-0.9577704130838594,-1.425571935951888,1.3216202146313762,-0.16957677944084176,-0.4877916338148614,0.9629673640821331,-0.5527074929618354,-1.1560361756616873,1.2344031940628328,239507,6Ad91Jof8Niiw0lGLLi3NW,81,666904,https://i.scdn.co/image/ef82f86503eb61b9699a83b6b39aa8e8b6f68102,True,False,False,False,False,False,False,False,False,False,False,True,False,True,False
global,491.0,4PS1e8f2LvuTFgUs1Cn3ON,38394388,The Christmas Song (Merry Christmas To You),Nat King Cole,https://open.spotify.com/track/4PS1e8f2LvuTFgUs1Cn3ON,2.578228671636577,-2.3903572880152737,-2.4055775321016513,-0.1686391672267826,-0.26712687649282757,-3.152730672498249,-0.841495536169604,-1.2649597649422342,-1.4141933347167546,192160,7v4imS0moSyGdXyLgVTIV7,82,1200836,https://i.scdn.co/image/a4c0918f13b67aa8d9f4ea1d64bdba44c51fb1d2,True,True,False,False,False,False,False,False,False,False,False,False,False,True,False
global,492.0,4QIyEq7TcTdAcxjI2AFlAK,38215560,FEFE,6ix9ine,https://open.spotify.com/track/4QIyEq7TcTdAcxjI2AFlAK,-0.6603790325547517,1.6817022669005346,-1.3779856299649753,-0.16957677944084176,-0.2818378603142965,-0.9542340578761568,2.475616972286801,-0.5070331228650955,0.12466731820053925,179405,7gZfnEnfiaHzxARJ2LeXrf,84,4393100,https://i.scdn.co/image/cb2fa696eab4e8295ed211d1a051027145afa10a,True,True,False,False,False,False,False,False,False,False,False,False,False,True,False
global,493.0,5rFj8OzffT0iggSjcBaeND,37962242,"Fire On Fire - From ""Watership Down""",Sam Smith,https://open.spotify.com/track/5rFj8OzffT0iggSjcBaeND,0.8499332141113967,-0.6271288859683964,-1.261873550627498,-0.16957677944084176,0.04180378375801956,-0.3163674942300677,-0.737040286498709,-0.6658800238992262,-0.22859171328637562,246735,2wY79sveU1sp5g7SokKOiI,92,11220622,https://i.scdn.co/image/871eeb6c9b0f60dfe982380d1357a7beb85fb3fd,False,True,False,False,False,False,False,False,False,False,False,False,False,True,False
global,494.0,5a6pdCHlWS2ekOOQ70QnAr,37905955,July,Noah Cyrus,https://open.spotify.com/track/5a6pdCHlWS2ekOOQ70QnAr,2.375815690124619,0.19792893234787845,-2.544912027306624,-0.16957677944084176,-0.7091919403279686,-0.8915639381277546,-0.7703957443768099,-0.7566496816330154,-1.6145166568838785,156107,55fhWPvDiMpLnE4ZzNXZyW,82,505215,https://i.scdn.co/image/e4ea4673ee73cce91d105bacb434892c9a5d6f61,False,False,False,False,False,False,False,False,False,True,False,False,False,True,False
global,495.0,4Ta3PhWmY50ZLU1uhKFKPE,37834292,Outnumbered,Dermot Kennedy,https://open.spotify.com/track/4Ta3PhWmY50ZLU1uhKFKPE,-0.041462416008572305,-0.4275181234725233,0.34627874819656573,-0.16957677944084176,-0.5642887496864998,0.2476635835055478,0.23729019362476542,-1.0425741034944507,1.1294409334634872,245700,5KNNVgR6LBIABRIomyCwKJ,80,492594,https://i.scdn.co/image/b8beb62e5c1f2b311af61c94a2106a66524d425e,True,False,False,False,False,False,False,False,False,False,False,False,False,True,False
global,496.0,4so0Wek9Ig1p6CRCHuINwW,37767091,White Christmas,Bing Crosby,https://open.spotify.com/track/4so0Wek9Ig1p6CRCHuINwW,1.6167670094547766,-2.4036646721816655,-2.7074689383790926,3.936838996773587,1.2039715056540643,-3.6043877424091444,-0.8063845278768662,-1.092497415248035,0.2719399474135747,177480,6ZjFtWeHP9XN7FeKSUe80S,85,279435,https://i.scdn.co/image/ae161dc2c147cbebc97ff1a1cdc3e43fee7ba7dc,True,False,False,False,False,False,False,False,False,True,False,False,True,False,False
global,497.0,2FUNBaa5DwItJtYEBgAblU,37258457,monster,21 Savage,https://open.spotify.com/track/2FUNBaa5DwItJtYEBgAblU,-0.38790001898096205,1.408900891489508,-0.10075275725272304,-0.16692447689983073,-0.4142367147075169,-0.157891329349052,-0.05237562479032156,-1.1968825216418923,0.38647086060709374,233040,1URnnhqYAYcrqrcwql10ft,90,7271390,https://i.scdn.co/image/cfd6e47fbe4446750ec209dfa37bc919cb55c86f,False,False,False,False,False,False,False,False,False,True,False,False,False,True,False
global,498.0,3QmolSZqjjLksTUvZJ6pPS,36772822,Cool,Jonas Brothers,https://open.spotify.com/track/3QmolSZqjjLksTUvZJ6pPS,-0.9620522261543045,0.018279246101593358,-0.12397517312021855,-0.16957677944084176,-0.112661546367404,0.340228070720141,-0.7387958369133458,0.7047418078809882,-1.404071392686864,167120,7gOdHgIoIKoe4i9Tta6qdD,87,3492262,https://i.scdn.co/image/a6607686d8bb0913324c84360ee921e94c5aadf3,True,False,False,False,False,False,False,False,False,False,False,False,False,True,False
global,499.0,5hDAT527wXWNBnJlujhuUs,36766954,Stuck In A Dream (feat. Gunna),Lil Mosey,https://open.spotify.com/track/5hDAT527wXWNBnJlujhuUs,0.7253713793348072,0.49734507609168815,0.16049942125660158,-0.16957677944084176,-0.42159220661825125,0.1925570988991947,-0.4798521507544044,1.167667062323312,0.579796698734261,123560,5zctI4wO9XSKS8XwcnqEHk,85,1436733,https://i.scdn.co/image/cb7532053adb92b2523c1afaa5541d8dde3f045a,False,False,False,False,False,False,False,False,False,False,True,False,False,True,False
global,500.0,0NJp8GyCOWnQh71xKSPfuV,36284134,Freaky,Tory Lanez,https://open.spotify.com/track/0NJp8GyCOWnQh71xKSPfuV,-0.9950611123701008,1.9145814898123859,-0.35619933179517377,-0.16957677944084176,-0.5098581095470648,0.25702808415760775,-0.5983518037423946,-0.5660334003920584,-0.5583847634113901,173926,2jku7tDXc6XoB6MO2hFuqg,87,2680869,https://i.scdn.co/image/c509c5aa8289c3048fa8259d0bce49b2999c320f,True,False,False,False,False,False,False,False,True,False,False,False,False,True,False
global,501.0,2kJwzbxV2ppxnQoYw4GLBZ,36051043,If The World Was Ending (feat. Julia Michaels),JP Saxe,https://open.spotify.com/track/2kJwzbxV2ppxnQoYw4GLBZ,2.368030575451082,-1.425571935951888,-0.8787036888138223,-0.16957677944084176,-0.480436141904127,-1.299640062696371,-0.008486864424399252,0.5277409753000993,-1.5084152709757022,208687,66W9LaWS0DPdL7Sz8iYGYe,78,41485,https://i.scdn.co/image/388d84bd9345473ce8ddf6203cfc37deb7f1b94b,True,True,False,False,False,False,False,False,False,False,False,False,False,True,False
global,502.0,43rA71bccXFGD4C8GOpIlN,35832335,I Forgot That You Existed,Taylor Swift,https://open.spotify.com/track/43rA71bccXFGD4C8GOpIlN,0.15705800816661727,-0.09483351931273475,-1.7901835116130205,-0.16955316464190207,-0.684918817022545,-1.392924896114969,3.414836444117538,0.24181655343866415,-0.9527173988909792,170640,06HL4z0CvFAxyc27GXpf02,95,25846444,https://i.scdn.co/image/62b33d12e2b9a033cf77585f6e3d4b2c6b3a63a1,True,False,False,False,False,True,False,False,False,False,False,False,False,True,False
global,503.0,3ao3OVxHlb3C08vAaApUlm,35634634,Imposible,Luis Fonsi,https://open.spotify.com/track/3ao3OVxHlb3C08vAaApUlm,-0.5280320831046253,0.7169169148371486,0.8107270655464754,-0.16957677944084176,-0.5319245852792682,1.2759577897221392,-0.44035226642507447,1.9301321872871402,-1.014425444192176,163880,4V8Sr092TqfHkfAA5fXXqG,84,7880988,https://i.scdn.co/image/6004641991ca63396cccdd8553f9120d69ea58d0,True,False,False,False,False,False,False,False,False,False,False,True,False,True,False
global,504.0,1AI7UPw3fgwAFkvAlZWhE0,35367373,Take Me Back to London (feat. Stormzy),Ed Sheeran,https://open.spotify.com/track/1AI7UPw3fgwAFkvAlZWhE0,-0.15045402143808817,1.3756324310735293,0.7991158576127277,-0.16957677944084176,-0.0905950706352006,0.34743153276018734,0.7551775659426482,0.5322794581867888,0.5178608283712984,189733,6eUKZXaKkcviH0Ku9w2n3V,98,57463755,https://i.scdn.co/image/f55cab0739390cf3b2c2f773b9c779b2f0ae8a99,False,False,False,False,False,False,False,False,True,False,False,False,False,True,False
global,505.0,44ShclXTOOnYtt5CnCDeGV,34911641,Robbery,Juice WRLD,https://open.spotify.com/track/44ShclXTOOnYtt5CnCDeGV,0.3283305309844281,0.19792893234787845,0.38691797596468225,-0.16957677944084176,0.3507344440088669,0.46772934882895834,-0.7528402402304409,0.21458565611852742,-1.3720782447274358,240527,4MCBfE4596Uoi2O4DtmEMz,98,7403812,https://i.scdn.co/image/d8e62447a338a882b490460da20e90aac6d60ae7,True,False,True,False,False,False,False,False,False,False,False,False,False,True,False
global,506.0,1ahVFh0ViDZr8LvkEVlq3B,34889291,No Sleep (feat. Bonn),Martin Garrix,https://open.spotify.com/track/1ahVFh0ViDZr8LvkEVlq3B,-0.5007841817472463,-1.5852605459485865,0.061804153819745605,-0.16957677944084176,-0.3921702389753135,0.033360587814174156,-0.8546621642793807,-0.7294187843128785,0.1948048907870794,207095,60d24wfXkVzDSfLS6hyCjZ,88,12498138,https://i.scdn.co/image/990f17c31b1cb4b4b2bc7b3d4780e2c9fd3a846a,True,False,False,False,False,False,False,False,False,False,False,True,False,True,False
global,507.0,4T652DlATVHe0jdLKaN3Bw,34883858,in my head,Ariana Grande,https://open.spotify.com/track/4T652DlATVHe0jdLKaN3Bw,-0.32951165892943574,-0.10814090347912629,-0.1413919850208402,-0.16798307133505883,-0.480436141904127,0.02723764508013478,-0.5237409111203267,-0.7112648527661207,0.4176178011942492,222947,66CXWjxzNUsdJxJ2JdwvnR,97,40958727,https://i.scdn.co/image/b1dfbe843b0b9f54ab2e588f33e7637d2dab065a,True,False,False,False,False,False,False,False,False,False,False,False,False,True,False
global,508.0,6X29iaaazwho3ab7GNue5r,34732688,8,Billie Eilish,https://open.spotify.com/track/6X29iaaazwho3ab7GNue5r,1.7140809428739867,0.37757861859416425,-2.2604374329298045,-0.09931402791581301,-0.4951471257255959,-2.4352658533096503,1.6241750211879091,-0.11672359460980258,-1.9430729423878774,173202,6qqNVTkY8uBg9cP3Jd7DAH,98,18867904,https://i.scdn.co/image/2622edec99d68d1d141886be593c88cbe509f6d8,True,False,False,True,False,False,False,False,False,False,False,False,False,True,False
global,509.0,22An65gG31JLf9n18qjdhZ,34442787,BAD!,XXXTENTACION,https://open.spotify.com/track/22An65gG31JLf9n18qjdhZ,-0.7526326414361634,0.676994762337974,-0.7683972134432185,0.19453317465409203,-0.002329167706387227,1.1084772972910657,-0.551829717754517,-0.5161100886384744,0.7106659235001436,94246,15UsOTVnJzReFVN1VCnxy4,95,17294420,https://i.scdn.co/image/942afa81f0a2298ead0c154fb7b4b606de48d9e6,False,False,False,False,False,True,False,False,False,False,False,False,False,True,False
global,510.0,2rc7BkzO8qepMFAxHtOrXc,34349128,Blanco,J Balvin,https://open.spotify.com/track/2rc7BkzO8qepMFAxHtOrXc,-0.9044423775701319,1.2758270498255926,0.4740020354677904,-0.09628947238658991,-0.6407858655581381,0.3899319587964599,-0.03482012064395264,0.47781766354651534,-0.7204009287644267,145800,1vyhD5VmyZ7KMfW5gqLgo5,99,17106207,https://i.scdn.co/image/84a8ce44cf41f5991178c3d7d8060d2e65624d1f,False,False,False,False,False,False,False,False,False,True,False,False,False,True,False
global,511.0,4TWflhgevIGo448fWc6mQq,34331702,Red Room,Offset,https://open.spotify.com/track/4TWflhgevIGo448fWc6mQq,0.861610886121702,1.7149707273165136,-0.3794217476626686,-0.16957677944084176,-0.3406817956001722,-0.7597405827949097,0.23729019362476542,0.1782777930250118,-0.31897316993269614,241440,4DdkRBBYG6Yk9Ka8tdJ9BW,89,1389641,https://i.scdn.co/image/d718d632faa01221dd271f4e60a421596718fda0,False,False,False,False,False,False,False,True,False,False,False,False,False,True,False
global,512.0,2B94bbI1a4LyBpK1439oP7,34309965,Cuerpo en Venta,Noriel,https://open.spotify.com/track/2B94bbI1a4LyBpK1439oP7,-0.37622234697065676,0.11808462734952918,-0.1355863810539663,-0.16957677944084176,-0.5657598480686467,0.2624306806876426,1.510064244236511,-0.3618016704910332,-0.9836690608537628,254413,3RtNN1VnooWEn3KQk03DUL,82,2970916,https://i.scdn.co/image/ac935199f374c4161bb174cfb5f04ea77f17707b,True,False,False,False,False,False,False,False,False,False,False,True,False,True,False
global,513.0,36TO60sxDduIsO3xH8IcUh,34204460,Isis,Joyner Lucas,https://open.spotify.com/track/36TO60sxDduIsO3xH8IcUh,-0.09206566138656175,1.5952042698189897,1.234536155128268,-0.16957677944084176,0.38751190356253923,-0.11322986470076553,1.097509896796842,1.6669001798591518,-0.06934199511192611,236000,6C1ohJrd5VydigQtaGy5Wa,81,1002593,https://i.scdn.co/image/994fdbaf1eff70a1263ec509bc857e73450871e1,True,True,False,False,False,False,False,False,False,False,False,False,False,True,False
global,514.0,1KVczjazCcCCgM3gXXUl47,34006774,Roses (with Juice WRLD feat. Brendon Urie),benny blanco,https://open.spotify.com/track/1KVczjazCcCCgM3gXXUl47,-0.34897444561327773,-0.44082550763891487,-0.1355863810539663,-0.16957677944084176,-0.42159220661825125,-0.22020127599545145,0.2987344581370567,0.16920082725163288,0.8094443609944116,223543,5CiGnKThu5ctn9pBxv7DGa,83,458671,https://i.scdn.co/image/6397158bae9bf66c29bb425edba14961dbf14a20,True,False,False,False,False,False,False,False,True,False,False,False,False,True,False
global,515.0,65Q2mv3UlVi9eO70OpsmSe,33909708,A Holly Jolly Christmas - Single Version,Burl Ives,https://open.spotify.com/track/65Q2mv3UlVi9eO70OpsmSe,1.2508666197985443,0.11143093526633341,-1.447652877567462,-0.16957677944084176,-0.7231673749583641,-2.3693541756432275,-0.8748509940477049,1.8166701151199038,0.5962326496188105,135533,0MHgLfmQdutffmvWe5XBTN,75,36275,https://i.scdn.co/image/89c1ee2f7e000530b5b88aecc003f72acec863d0,True,False,False,False,False,False,False,False,False,False,False,False,False,True,False
global,516.0,4rRIovg4TvxLUiUrpGI6lE,33553035,Merry Christmas Everyone,Shakin' Stevens,https://open.spotify.com/track/4rRIovg4TvxLUiUrpGI6lE,-0.5007841817472463,0.11143093526633341,1.629317224875692,-0.16957677944084176,-0.3406817956001722,1.1390920109612621,-0.8169178303646875,2.1479793658482333,2.628171829072566,220160,0wi4yTYlGtEnbGo4ltZTib,73,73401,https://i.scdn.co/image/28e0d708aed79a5b7ed1f4fcc0885dc119440daa,True,False,False,False,False,False,False,False,False,True,False,False,False,True,False
global,517.0,6alCTRgBPoeAFi2N4il9Q4,33508718,Did It Again,Lil Tecca,https://open.spotify.com/track/6alCTRgBPoeAFi2N4il9Q4,-0.2828009708882146,0.05154770651757221,-0.36781053972892086,-0.16957677944084176,-0.44365868235045464,-1.2430928856820083,0.5357337641130369,-1.3693448713360914,0.8666284514976834,116240,4Ga1P7PMIsmqEZqhYZQgDo,88,1508291,https://i.scdn.co/image/87b4d40e2c756869e2264ce9b5899956f8011405,False,False,False,False,False,False,False,False,False,False,True,False,False,True,False
global,518.0,6UFEJuDXQMWhL5UH5f9fUR,33175503,Enemies (feat. DaBaby),Post Malone,https://open.spotify.com/track/6UFEJuDXQMWhL5UH5f9fUR,-0.7740417067883897,-0.9065839534626181,0.28822270852782694,-0.16957677944084176,-0.5797352826990422,0.8315041818512905,0.7025110535035414,0.8136653971615351,-1.4893105122247514,196760,246dkjvS1zLTtiykXe5h60,100,21335421,https://i.scdn.co/image/93fec27f9aac86526b9010e882037afbda4e3d5f,True,False,False,False,False,False,True,False,False,False,False,False,False,True,False
global,519.0,4SDgTLDYrJ2UrHbkRkg7MD,32951658,Panini - DaBaby Remix,Lil Nas X,https://open.spotify.com/track/4SDgTLDYrJ2UrHbkRkg7MD,-0.14656146410131973,0.2578121610966404,-0.15300319295458795,-0.16957677944084176,-0.384814747064579,0.31141422255995627,-0.4306967391445715,0.03758482353763866,1.0335916753347822,151040,7jVv8c5Fj3E9VhNjxT4snq,87,2218983,https://i.scdn.co/image/12d5ab979779aa41e697ce823328d527e643e4cf,False,False,False,False,False,True,False,False,False,False,False,False,False,True,False
global,520.0,1Qi2wh8fFgDV7tl4Sj3f2K,32865199,Have Yourself A Merry Little Christmas,Sam Smith,https://open.spotify.com/track/1Qi2wh8fFgDV7tl4Sj3f2K,2.7222532930970087,-1.598567930114978,-2.5913568590416154,-0.16957677944084176,1.042150683617906,-1.0532816609267912,-0.7774179460353575,-0.6522645752391582,-1.5264134508552178,170964,2wY79sveU1sp5g7SokKOiI,92,11220622,https://i.scdn.co/image/871eeb6c9b0f60dfe982380d1357a7beb85fb3fd,True,False,False,False,False,True,False,False,False,False,False,False,False,False,False
global,521.0,4szQkW1CDHqbRZGltXJdd3,32702338,Soldi,Mahmood,https://open.spotify.com/track/4szQkW1CDHqbRZGltXJdd3,-0.8624027583330329,0.3376564660949896,-0.20525362865645286,-0.16957677944084176,0.9612402725998269,-1.2222028457658745,-0.7168514567303846,-0.6295721608057108,-0.8814407009956096,195133,06nvjg4wBANK6DCHjqtPNd,75,445431,https://i.scdn.co/image/64b9b700a2cd286c21d9d8891532bb27356b057e,False,False,False,True,False,False,False,False,False,False,False,False,False,True,False
global,522.0,1gZFRYcPz3wKevEaNYRwfW,32679616,Time - Edit,NF,https://open.spotify.com/track/1gZFRYcPz3wKevEaNYRwfW,-0.5046767390840148,-0.08817982722953897,0.4565852235671688,-0.16957677944084176,-0.43630319043972016,0.9337933428199461,-0.526374236742282,-1.0471125863811401,-0.7869583932375004,230611,6fOMl44jA4Sp5b9PpYCkzz,89,2865437,https://i.scdn.co/image/55db20d7c49bdcf52162474265c66ca601054b1c,True,False,False,False,False,False,False,False,True,False,False,False,False,True,False
global,523.0,4VqTRBvYg0z8C4nsl4Hupy,32638907,Sunflower - Spider-Man: Into the Spider-Verse,Post Malone,https://open.spotify.com/track/4VqTRBvYg0z8C4nsl4Hupy,1.071808982307197,0.5106524602580796,-0.5942290944370022,-0.16957677944084176,-0.7783335642888725,0.7598297345528308,-0.6360961376570877,1.9845939819274137,-1.04759026389783,157560,246dkjvS1zLTtiykXe5h60,100,21335421,https://i.scdn.co/image/93fec27f9aac86526b9010e882037afbda4e3d5f,True,False,True,False,False,False,False,False,False,False,False,False,False,True,False
global,524.0,3O83h4LS797N23DpweeRAa,32519216,All Day And Night - Jax Jones & Martin Solveig Present Europa,Jax Jones,https://open.spotify.com/track/3O83h4LS797N23DpweeRAa,0.044173845400333096,-0.6204751938852007,0.9152279369502053,-0.16957677944084176,-0.1347280220996074,0.8559959527874473,-0.3534525209005483,0.15104689570487506,-0.007796681997704822,169303,4Q6nIcaBED8qUel8bBx6Cr,81,662652,https://i.scdn.co/image/b09786939d10dc3240d760e7f4023b33ca1c9902,False,True,False,False,False,False,False,False,False,False,False,False,False,True,False
global,525.0,1IcR6RlgvDczfvoWJSSY2A,32468568,It's the Most Wonderful Time of the Year,Andy Williams,https://open.spotify.com/track/1IcR6RlgvDczfvoWJSSY2A,2.3874933621349244,-2.9559211150869142,-0.5710066785695067,-0.16954955844107875,-0.384814747064579,-1.8651118328399956,-0.7800512716573128,0.7319727052011249,2.590417961694197,151000,4sj6D0zlMOl25nprDJBiU9,79,248264,https://i.scdn.co/image/adaf31e0b157fae9590728049ce3df5b40b37650,True,False,True,False,False,False,False,False,False,False,False,False,True,False,False
global,526.0,3xaugmCyXrVkrDTXbFkMW3,32445140,Sanctuary,Joji,https://open.spotify.com/track/3xaugmCyXrVkrDTXbFkMW3,0.6397351179259019,-0.8400470326306604,0.1488882133228538,-0.16637773032339429,1.4540582306190357,-0.2598203172157052,-0.017264616497583714,-0.7793420960664627,1.4854338656915949,180019,3MZsBdqDrRTJihTHQrO6Dq,86,2077147,https://i.scdn.co/image/b4fbeb08b959ea138e0fa40d34ae4fa2c31213fe,True,True,False,False,False,False,False,False,False,False,False,False,False,True,False
global,527.0,3QGsuHI8jO1Rx4JWLUh9jd,32422871,Treat You Better,Shawn Mendes,https://open.spotify.com/track/3QGsuHI8jO1Rx4JWLUh9jd,-0.5903130004929201,-1.5586457776158034,1.1300352837245382,-0.16957677944084176,-0.4951471257255959,0.8642799341335003,1.8523965750907052,1.176744028096691,-1.284040131573566,187973,7n2wHs1TKAczGzO7Dd2rGr,94,23152263,https://i.scdn.co/image/6bd59cfbd3e1e6394af710bddcd62999aae31c6f,False,False,False,False,False,False,False,False,False,False,True,False,False,True,False
global,528.0,3npzogdOEiVsieXmmhBepL,32411833,The Bones,Maren Morris,https://open.spotify.com/track/3npzogdOEiVsieXmmhBepL,0.08309941876801737,-0.44082550763891487,-0.3155601040270566,-0.16957677944084176,-0.5738508891704546,-0.0592038994004194,-0.8362288849256932,-0.6931109212193629,-1.4692619067893415,197293,6WY7D3jk8zTrHtmkqqo5GI,81,422801,https://i.scdn.co/image/3102d2ca428bcc5c098aeda664b116e4846afe5e,False,False,False,False,False,False,False,False,False,False,False,True,False,True,False
global,529.0,2uFaJJtFpPDc5Pa95XzTvg,32081172,Let It Snow! Let It Snow! Let It Snow!,Dean Martin,https://open.spotify.com/track/2uFaJJtFpPDc5Pa95XzTvg,2.54708821294243,-1.5054162409502372,-2.231409413095435,-0.16954827882143178,0.005026324204347238,-2.7144000073614394,-0.8327177840964196,0.9679738153089761,0.3859175711713764,117147,49e4v89VmlDcFCMyDv9wQ9,82,806529,https://i.scdn.co/image/492d4ece2bf7c87952be47359f038182fbf15d9d,True,True,False,False,False,False,False,False,False,False,False,False,False,True,False
global,530.0,2gTdDMpNxIRFSiu7HutMCg,32049335,I Think I'm OKAY (with YUNGBLUD & Travis Barker),Machine Gun Kelly,https://open.spotify.com/track/2gTdDMpNxIRFSiu7HutMCg,-0.9028853546354245,-0.3343664343077825,0.6946149862089979,-0.16957677944084176,1.0200842078857026,0.6337691488520228,-0.808140078291503,-0.9563429286473512,-0.07246645310185978,169397,6TIYQ3jFPwQSRmorSezPxX,84,1813344,https://i.scdn.co/image/3cc72d9980641a907e68e30b595c3975d6c5e5d0,True,False,False,False,False,False,False,True,False,False,False,False,False,True,False
global,531.0,46D0hYb1B7qiU33VtXt21W,31990248,Easy,Camila Cabello,https://open.spotify.com/track/46D0hYb1B7qiU33VtXt21W,0.5969169872214491,-0.6936658068003542,-0.18203121278895734,-0.16955874843672525,-0.5716442415972341,0.2689137965236841,-0.7344069608767535,-0.602341263485574,0.1928521045433706,194686,4nDoRrQiYLoBzwC5BhVJzF,96,14245838,https://i.scdn.co/image/667daebca4856db3f4cbe8f51a4881091e62c401,False,False,False,False,True,False,False,False,False,False,False,False,False,True,False
global,532.0,1tpbAGsGpZee5jDHMcLrUJ,31878920,Bellaquita,Dalex,https://open.spotify.com/track/1tpbAGsGpZee5jDHMcLrUJ,-0.6525939178812149,-0.6271288859683964,0.4275572037327994,-0.16877759880677398,-0.02439564343859042,0.9064201870677706,-0.21037516210764173,1.2584367200571012,1.4287705181866452,204787,0KPX4Ucy9dk82uj4GpKesn,93,875341,https://i.scdn.co/image/096994a1c9aa8c44114858ee68cdbd5f69fec1ec,True,False,False,False,False,False,False,False,True,False,False,False,False,True,False
global,533.0,4jAIqgrPjKLTY9Gbez25Qb,31440253,Lights Up,Harry Styles,https://open.spotify.com/track/4jAIqgrPjKLTY9Gbez25Qb,-0.8503358305890507,-0.6870121147171584,-0.01947430171648871,-0.117228702973519,-0.24506040076062438,-0.6077475337499352,-0.8599288155232913,-0.9881123088541773,-0.6561542613464089,172213,6KImCVD70vtIoJWnq6nGn3,95,5911371,https://i.scdn.co/image/b2163e7456f3d618a0e2a4e32bc892d6b11ce673,False,False,False,False,False,False,False,False,False,False,True,False,False,True,False
global,534.0,6xcJyGpfZbuuiequtnlKt4,31390005,BUTTERFLY EFFECT,Travis Scott,https://open.spotify.com/track/6xcJyGpfZbuuiequtnlKt4,-0.7966185393416466,0.5705356890068416,0.021164926051628445,-0.16957677944084176,-0.44365868235045464,0.22569302428340696,-0.6992959525840158,-1.3239600424691969,0.6123756825668023,190557,0Y5tJX1MQlPlqiwlOH1tJY,98,7626718,https://i.scdn.co/image/fec51156ed94b7ee30fbd4c7fd29b4a840e7daec,True,False,False,False,False,False,False,False,False,False,False,True,False,True,False
global,535.0,27356GVuMPFWiJSZCragoM,31253242,make up,Ariana Grande,https://open.spotify.com/track/27356GVuMPFWiJSZCragoM,-0.674392238967118,-0.04825767473036435,0.5204468672027814,-0.16955956274013695,-0.8643928196444657,0.39785576704051046,0.7025110535035414,-0.048646351309461,-0.5536329835516988,140693,66CXWjxzNUsdJxJ2JdwvnR,97,40958727,https://i.scdn.co/image/b1dfbe843b0b9f54ab2e588f33e7637d2dab065a,True,False,False,False,False,False,False,True,False,False,False,False,True,False,False
global,536.0,7ycWLEP1GsNjVvcjawXz3z,31097512,Praise The Lord (Da Shine) (feat. Skepta),A$AP Rocky,https://open.spotify.com/track/7ycWLEP1GsNjVvcjawXz3z,-0.765867336381176,1.1427532081616771,-0.3213657079939305,0.779668340499944,-0.5466355691007371,-0.6030652834239052,0.05295740008789198,-0.8791887195736307,-1.3711018516055815,205040,13ubrt8QOOCPljQ2FL1Kca,88,6374178,https://i.scdn.co/image/cce607c4d975ae49d68b484eaef51a6413fa73b1,False,False,False,False,False,True,False,False,False,False,False,False,False,True,False
global,537.0,4VXIryQMWpIdGgYR4TrjT1,30939956,All Girls Are The Same,Juice WRLD,https://open.spotify.com/track/4VXIryQMWpIdGgYR4TrjT1,-0.7035864189928812,-0.04825767473036435,-0.553589866668885,-0.1656797559704966,-0.6525546526153133,-0.2695449909697676,1.5539530046024335,-1.2921906622623707,1.296697075237143,165820,4MCBfE4596Uoi2O4DtmEMz,98,7403812,https://i.scdn.co/image/d8e62447a338a882b490460da20e90aac6d60ae7,True,False,False,False,False,False,False,False,False,False,False,False,False,True,False
global,538.0,0DZJACISivjWjscIp5Kg1q,30826841,Ransom (with Juice WRLD) - Remix,Lil Tecca,https://open.spotify.com/track/0DZJACISivjWjscIp5Kg1q,-0.9612737146869509,-1.2326148655392108,0.235972272825962,-0.16957677944084176,-0.7216962765762172,0.018233317530077252,2.071840376920316,-0.4661867768848904,1.882305123288005,171227,4Ga1P7PMIsmqEZqhYZQgDo,88,1508291,https://i.scdn.co/image/87b4d40e2c756869e2264ce9b5899956f8011405,False,False,True,False,False,False,False,False,False,False,False,False,False,True,False
global,539.0,4Yq3XUNfWrAPWuB94qkC09,30721342,Take What You Want (feat. Ozzy Osbourne & Travis Scott),Post Malone,https://open.spotify.com/track/4Yq3XUNfWrAPWuB94qkC09,-0.6502583834791538,-1.1926927130400362,1.019728808353935,-0.16957677944084176,-0.2009274492962176,1.3732045272627627,-0.7001737277913342,-0.9790353430807984,0.5783972019262704,229573,246dkjvS1zLTtiykXe5h60,100,21335421,https://i.scdn.co/image/93fec27f9aac86526b9010e882037afbda4e3d5f,False,True,False,False,False,False,False,False,False,False,False,False,False,True,False
global,540.0,2zDj4WjbNDmrRL6Z4YjjCA,30719217,Amigos Con Derechos,Reik,https://open.spotify.com/track/2zDj4WjbNDmrRL6Z4YjjCA,-0.8156920702918118,0.05154770651757221,1.0603680361220522,-0.16957677944084176,-0.8026066875942963,1.1358504530432412,-0.6027406797789868,0.6457415303540253,2.0121328620572427,227476,0vR2qb8m9WHeZ5ByCbimq2,87,3457296,https://i.scdn.co/image/674f858129ef3c3d1f38ca2de254e0e871d1084d,True,True,False,False,False,False,False,False,False,False,False,False,False,True,False
global,541.0,5hslUAKq9I9CG2bAulFkHN,30671393,It's the Most Wonderful Time of the Year,Andy Williams,https://open.spotify.com/track/5hslUAKq9I9CG2bAulFkHN,1.97877484177424,-2.9159989625877394,-0.15300319295458795,-0.16957677944084176,-0.42159220661825125,-0.704994271290559,-0.816040055157369,1.3083600318106852,2.6015813897207316,151933,4sj6D0zlMOl25nprDJBiU9,79,248264,https://i.scdn.co/image/adaf31e0b157fae9590728049ce3df5b40b37650,True,False,False,False,False,False,False,True,False,False,False,False,True,False,False
global,542.0,1Xi84slp6FryDSCbzq4UCD,30604900,Arcade,Duncan Laurence,https://open.spotify.com/track/1Xi84slp6FryDSCbzq4UCD,2.1811878232861974,-1.5187236251166287,-1.7147106600436601,-0.15689691202986802,-0.28919335222503095,-2.2061957604361817,-0.7537180154377594,-1.006266240400935,-1.6358996662524892,183624,3klZnJvYGIbWritVwQD434,65,61753,https://i.scdn.co/image/c18ed7e651a0c62cb6d5340a01a1887a4678173c,False,False,False,False,False,False,False,False,False,True,False,False,True,False,False
global,543.0,3TLwAp3uX1nKsVxrDhNPOL,30504491,Love Me,Lil Tecca,https://open.spotify.com/track/3TLwAp3uX1nKsVxrDhNPOL,1.6245521241283134,0.23785108484705306,-0.5361730547682634,-0.16957677944084176,-0.26712687649282757,-0.1294376542908694,1.2379539299677933,1.5579765905786047,2.667129914634556,117013,4Ga1P7PMIsmqEZqhYZQgDo,88,1508291,https://i.scdn.co/image/87b4d40e2c756869e2264ce9b5899956f8011405,False,False,False,False,False,False,False,False,False,False,False,True,False,True,False
global,544.0,0UPBidRYcgJ2mjZlk08V8x,30420255,F.N,Lil Tjay,https://open.spotify.com/track/0UPBidRYcgJ2mjZlk08V8x,0.254371941585828,-0.7735101117987027,-0.7103411737744798,-0.16957677944084176,-0.7253740225315845,-1.3655517403627933,1.097509896796842,-0.7521111987463259,-0.0665104550585483,224000,6jGMq4yGs7aQzuGsMgVgZR,87,813885,https://i.scdn.co/image/db9945fd5985316262acb98c17b0a15ed5a65c8c,False,False,False,False,False,False,True,False,False,False,False,False,False,False,False
global,545.0,77Y7tccX9Hx5iClDr39uy9,30196596,Hollywood's Bleeding,Post Malone,https://open.spotify.com/track/77Y7tccX9Hx5iClDr39uy9,0.2855124002799754,-1.818139768860438,0.12566579745535827,-0.16957677944084176,-0.5245690933685337,1.1783508790795136,-0.7229958831816138,-1.4419605975231224,0.2626642127559582,156267,246dkjvS1zLTtiykXe5h60,100,21335421,https://i.scdn.co/image/93fec27f9aac86526b9010e882037afbda4e3d5f,False,False,False,False,True,False,False,False,False,False,False,False,False,True,False
global,546.0,4VginDwYTP2eaHJzO0QMjG,30113990,Circles,Post Malone,https://open.spotify.com/track/4VginDwYTP2eaHJzO0QMjG,-0.09595821872333019,0.17131416401509536,0.7758934417452322,-0.1528253949712985,-0.602537307622319,1.0591335823167496,-0.7879512485231788,0.21004717323183797,-0.06979764523545802,214907,246dkjvS1zLTtiykXe5h60,100,21335421,https://i.scdn.co/image/93fec27f9aac86526b9010e882037afbda4e3d5f,True,False,False,False,False,False,False,False,False,False,False,False,False,True,False
global,547.0,4guBZjUyrGoHsTahO3IHdj,30023639,Did It Again,Lil Tecca,https://open.spotify.com/track/4guBZjUyrGoHsTahO3IHdj,-0.2828009708882146,0.05154770651757221,-0.36781053972892086,-0.16957677944084176,-0.44365868235045464,-1.2430928856820083,0.5357337641130369,-1.3693448713360914,0.8666284514976834,116240,4Ga1P7PMIsmqEZqhYZQgDo,88,1508291,https://i.scdn.co/image/87b4d40e2c756869e2264ce9b5899956f8011405,False,False,False,False,False,False,False,False,False,False,True,False,False,True,False
global,548.0,1ZMiCix7XSAbfAJlEZWMCp,29972876,Falling,Harry Styles,https://open.spotify.com/track/1ZMiCix7XSAbfAJlEZWMCp,2.2629315273583344,-0.7402416513827246,-2.0746581059898404,-0.16955979539825458,-0.6275459801188161,-0.00877966512009597,-0.8783620948769787,-1.9448245013683136,-0.3950016476877572,240133,6KImCVD70vtIoJWnq6nGn3,95,5911371,https://i.scdn.co/image/b2163e7456f3d618a0e2a4e32bc892d6b11ce673,True,False,False,False,True,False,False,False,False,False,False,False,False,True,False
global,549.0,1Xnn1TPyr5h0hpRAT4B4EA,29937814,Bellaquita - Remix,Dalex,https://open.spotify.com/track/1Xnn1TPyr5h0hpRAT4B4EA,-0.4540734937060253,0.7768001435859105,0.5262524711696553,-0.16955211768037273,0.0344482918472851,1.0429257927266455,-0.4052412581323366,1.226667339850275,1.42532059582276,304733,0KPX4Ucy9dk82uj4GpKesn,93,875341,https://i.scdn.co/image/096994a1c9aa8c44114858ee68cdbd5f69fec1ec,True,True,False,False,False,False,False,False,False,False,False,False,False,True,False
global,550.0,3Y7MHz19qCg1Pkxridtu1k,29888307,The Archer,Taylor Swift,https://open.spotify.com/track/3Y7MHz19qCg1Pkxridtu1k,-0.5358171977781622,-2.5700069742615597,-0.29233768815956107,-0.10338554497438256,-0.7945156464924884,-1.043556987172729,-0.7888290237304972,-1.4601145290698803,0.07148643949687064,211280,06HL4z0CvFAxyc27GXpf02,95,25846444,https://i.scdn.co/image/62b33d12e2b9a033cf77585f6e3d4b2c6b3a63a1,True,False,False,False,False,False,False,False,False,False,False,False,False,True,False
global,551.0,13ZyrkCDmRz5xY3seuAWYk,29757705,Hear Me Calling,Juice WRLD,https://open.spotify.com/track/13ZyrkCDmRz5xY3seuAWYk,0.19598358153430154,0.1380457035991165,0.36369556009718734,-0.1691545049573387,-0.3921702389753135,0.8934539553956875,-0.21037516210764173,0.05120027219770702,-1.0810480015400399,189977,4MCBfE4596Uoi2O4DtmEMz,98,7403812,https://i.scdn.co/image/d8e62447a338a882b490460da20e90aac6d60ae7,False,False,False,False,False,False,False,True,False,False,False,False,False,True,False
global,552.0,4kWO6O1BUXcZmaxitpVUwp,29475974,Jackie Chan,Tiësto,https://open.spotify.com/track/4kWO6O1BUXcZmaxitpVUwp,0.45289236576101755,0.4574229235925135,1.2171193432276464,-0.16957677944084176,-0.8511529342051437,1.3004495606582964,-0.7458180385718934,0.9044350548953242,0.19063894680050025,215760,2o5jDhtHVPhrJdv3cEQ99Z,85,4824537,https://i.scdn.co/image/75b06fb7f4eef88d06067ad277840ccfec3eb1b1,False,False,False,True,False,False,False,False,False,False,False,False,False,True,False
global,553.0,3UYiU57SMiAS5LqolhHJw1,29457967,Shameless,Camila Cabello,https://open.spotify.com/track/3UYiU57SMiAS5LqolhHJw1,-0.9262406986560351,-2.0044431471899196,0.15469381728972767,-0.16895907213852734,-0.002329167706387227,0.3748046885123627,-0.624685059961948,-1.827277794603057,0.24574006531048287,219742,4nDoRrQiYLoBzwC5BhVJzF,96,14245838,https://i.scdn.co/image/667daebca4856db3f4cbe8f51a4881091e62c401,False,False,False,False,True,False,False,False,False,False,False,False,False,True,False
global,554.0,6aoGtdWXBkYQ2O2wnyIz2x,29377996,Not Ok,Kygo,https://open.spotify.com/track/6aoGtdWXBkYQ2O2wnyIz2x,-0.889261403956735,-0.40090335513974024,0.2069442529915926,-0.1695526993256668,1.1083501108145162,-0.598743206199878,-0.8142845047427322,-0.3618016704910332,-0.5580918454748337,210944,23fqKkggKUBHNkbKtXEls4,89,5922832,https://i.scdn.co/image/1caaca2be637b0c56bb0ede637e36a8bcca149d1,False,False,False,False,False,False,False,False,False,False,False,True,False,True,False
global,555.0,0BnTBAGmr9FtYwkZrwKhwS,29356244,Just Us (feat. SZA),DJ Khaled,https://open.spotify.com/track/0BnTBAGmr9FtYwkZrwKhwS,-0.47742883772663575,-0.261175821392629,1.3622594423994934,-0.16957677944084176,-0.3333263036894378,1.339708428776548,0.1495126728929208,0.35527862560590007,-0.9443529644804265,221379,0QHgL1lAIqAw0HtD7YldmP,82,4390256,https://i.scdn.co/image/94e2383b16d3a8f0af23b45ab9edd767b4107bbf,False,False,False,False,False,False,False,False,False,True,False,False,False,True,False
global,556.0,45ZGEdLxCZvdMX9jWlsAAx,29194083,I Don't Belong In This Club,Why Don't We,https://open.spotify.com/track/45ZGEdLxCZvdMX9jWlsAAx,-0.9242944199876508,0.7901075277523021,-0.4723114111326507,-0.16957677944084176,-0.7481760474548612,0.2642315461976541,-0.7554735658523963,-1.4691914948432592,-0.23145579977714825,222621,2jnIB6XdLvnJUeNTy5A0J2,84,1829392,https://i.scdn.co/image/c98c1c47d35678ba9d9ff3246a7035a2de0b3156,True,False,False,False,False,False,False,False,False,False,False,True,False,True,False
global,557.0,7ql71hBakyMi0Lxiq3Mugs,29113090,Who Do You Love,The Chainsmokers,https://open.spotify.com/track/7ql71hBakyMi0Lxiq3Mugs,-0.9721339496565348,-1.1195021001248828,1.2229249471945203,-0.16957677944084176,0.3286679682766635,0.6499769384421267,-0.7484513641938488,-0.23926263255041788,0.5818145778527605,226747,69GGBxA162lTqCwzJG5jLp,91,15139114,https://i.scdn.co/image/960547a625bc2eb742bb3dd170cbc049d2e94cf9,True,False,False,True,False,False,False,False,False,False,False,False,False,True,False
global,558.0,2IA8cFA46DkjgbsRG7kKbp,29010937,Baby,Amenazzy,https://open.spotify.com/track/2IA8cFA46DkjgbsRG7kKbp,0.2699421709329017,0.11143093526633341,0.497224451335286,-0.16957677944084176,-0.3333263036894378,0.5916288959177527,-0.673840471571781,0.42789435179293134,1.4913898637349063,235973,6kq4GHwUcUojGIu0ziSNXf,73,679891,https://i.scdn.co/image/26e6b2dd9eaf0111b88120c158f0c0d7a4abff56,True,False,False,False,False,False,False,False,False,False,False,True,False,True,False
global,559.0,7pWK1kMgHy5lNNiIfuRbkP,29009903,Used To Love (with Dean Lewis),Martin Garrix,https://open.spotify.com/track/7pWK1kMgHy5lNNiIfuRbkP,0.7798671820495652,-0.18133151639427977,0.39852918389843,-0.16957677944084176,1.1819050299218608,0.6323284564440134,-0.8116511791207768,-0.4344173966780642,-0.1034181150646439,236765,60d24wfXkVzDSfLS6hyCjZ,88,12498138,https://i.scdn.co/image/990f17c31b1cb4b4b2bc7b3d4780e2c9fd3a846a,True,False,False,False,True,False,False,False,False,False,False,False,False,True,False
global,560.0,2wvLtM25eMpHK7hkidqte2,28985812,200 km/h,Apache 207,https://open.spotify.com/track/2wvLtM25eMpHK7hkidqte2,0.059744074747406804,1.5020525806542488,0.30563952042844855,-0.16938832636555942,-0.5025026176363303,0.023275740958109338,0.41284523508845444,-0.2891859443040019,0.8429997379488074,164080,1qQLhymHXFPtP5U8KNKsm6,86,459884,https://i.scdn.co/image/fc9cc19386528672abb07589b53b7b92db397042,False,False,False,False,False,False,False,False,False,False,False,True,False,True,False
global,561.0,0VsGaRXR5WAzpu51unJTis,28933276,Best Part of Me (feat. YEBBA),Ed Sheeran,https://open.spotify.com/track/0VsGaRXR5WAzpu51unJTis,1.963204612427166,-0.7535490355491161,-2.219798205161687,-0.16946859341614262,0.8141304343851375,-0.6805025003544022,-0.8616843659379282,-1.1378822441149294,-1.3178233335897274,243267,6eUKZXaKkcviH0Ku9w2n3V,98,57463755,https://i.scdn.co/image/f55cab0739390cf3b2c2f773b9c779b2f0ae8a99,True,False,True,False,False,False,False,False,False,False,False,False,False,True,False
global,562.0,7FjZU7XFs7P9jHI9Z0yRhK,28905636,So Close,NOTD,https://open.spotify.com/track/7FjZU7XFs7P9jHI9Z0yRhK,-0.5319246404413938,0.14469939568231227,1.437732293968854,-0.16949441846719984,-0.5245690933685337,0.2094852346933031,-0.5562185937911092,1.2402827885103433,0.09381329554994104,190302,5jAMCwdNHWr7JThxtMuEyy,76,97239,https://i.scdn.co/image/20eef23c4d2d3e4f159ac9a430d02fc81a106d2f,True,False,False,False,False,False,False,False,False,False,True,False,False,True,False
global,563.0,1VEMUkGFio5uURvN8x1DZJ,28903609,Tilidin,Capital Bra,https://open.spotify.com/track/1VEMUkGFio5uURvN8x1DZJ,0.5813467578743754,-0.3144053580581952,0.28241710456095304,-0.16957677944084176,-0.14943900592107634,0.571099029103621,2.2298399142376364,1.0587434730427652,-1.2577100637208924,172036,4WZGDpNwrC0vNQyl9QzF7d,86,2984316,https://i.scdn.co/image/d03852fe340cb703676ef25a2e66368c788c4b95,False,False,False,False,False,False,True,False,False,False,False,False,False,True,False
global,564.0,1xbtojAZsQjOgiGdGX6ChU,28852921,Ransom,Lil Tecca,https://open.spotify.com/track/1xbtojAZsQjOgiGdGX6ChU,-0.9235159085202972,0.11143093526633341,0.10244338158786276,-0.16957677944084176,-0.7981933924478556,0.07946274487046971,1.3783979631387442,-1.1878055558685134,1.8820447517888435,131248,4Ga1P7PMIsmqEZqhYZQgDo,88,1508291,https://i.scdn.co/image/87b4d40e2c756869e2264ce9b5899956f8011405,False,False,False,False,False,False,False,True,False,False,False,False,False,True,False
global,565.0,073ILU1C3APNRGF66VhtyA,28772222,Liar,Camila Cabello,https://open.spotify.com/track/073ILU1C3APNRGF66VhtyA,-0.9371398591989867,0.4108470790101431,-0.7335635896419753,-0.13677198485465283,1.0642171593501095,-0.07433116968451631,-0.7405513873279828,0.7455881538611933,-0.7853961642425333,207039,4nDoRrQiYLoBzwC5BhVJzF,96,14245838,https://i.scdn.co/image/667daebca4856db3f4cbe8f51a4881091e62c401,False,False,False,False,False,False,False,False,False,False,False,True,False,True,False
global,566.0,2pXpURmn6zC5ZYDMms6fwa,28764560,It's Beginning to Look a Lot Like Christmas (with Mitchell Ayres & His Orchestra),Perry Como,https://open.spotify.com/track/2pXpURmn6zC5ZYDMms6fwa,1.9554194977536292,0.3110416977622065,-2.022407670287975,-0.16957677944084176,-0.4289476985289857,-2.079054655429367,-0.615029532681445,1.0405895414960074,-0.30130045442713166,155933,5v8jlSmAQfrkTjAlpUfWtu,76,212760,https://i.scdn.co/image/67994599f4a13b71c23e0fdfc2ffbf9ab94bb513,True,False,False,False,False,False,False,True,False,False,False,False,False,True,False
global,567.0,3VTNVsTTu05dmTsVFrmGpK,28753280,Fairytale of New York (feat. Kirsty MacColl),The Pogues,https://open.spotify.com/track/3VTNVsTTu05dmTsVFrmGpK,0.9472471475306073,-2.3903572880152737,0.15469381728972767,-0.1690265429926408,0.49048879031282155,0.05136924291428953,-0.8406177609622855,-0.062261799969529366,-0.1186823942029672,272200,2wzMOQwNT6ZvVB4amvhFAH,73,285371,https://i.scdn.co/image/066e909db6281a424881f7eb1fd11248050ed390,True,False,True,False,False,False,False,False,False,False,False,False,False,True,False
global,568.0,3WRIaWsws011vHMd9uzPjG,28728227,First Off (feat. Travis Scott),Future,https://open.spotify.com/track/3WRIaWsws011vHMd9uzPjG,-0.9523208328123834,0.3709249265109685,0.3404731442296918,-0.16957677944084176,0.7773529748314657,0.1342090563748204,-0.4596633209860802,-0.19387780368352334,1.2982918506695051,228367,1RyvyyTE3xzB2ZywiAwp0i,91,8253537,https://i.scdn.co/image/287c505d7b76d3971a8c5b2fbb3935f9b2dbc3ce,True,True,False,False,False,False,False,False,False,False,False,False,False,True,False
global,569.0,45Egmo7icyopuzJN0oMEdk,28618471,Love Lies (with Normani),Khalid,https://open.spotify.com/track/45Egmo7icyopuzJN0oMEdk,-0.6307955967953116,0.19792893234787845,0.13727700538910603,-0.16957677944084176,-0.29654884413576543,0.3067319722339263,-0.7466958137792119,-0.6794954725592945,0.7097546232530798,201707,6LuN9FCkKOj5PcnpouEgny,96,10092177,https://i.scdn.co/image/e52c824585bfeef4d674b509437120805300f557,True,False,False,False,False,False,True,False,False,False,False,False,False,True,False
global,570.0,6pVW5LRWgeLaHudxauOTJU,28518165,Jingle Bell Rock - Daryl's Version,Daryl Hall & John Oates,https://open.spotify.com/track/6pVW5LRWgeLaHudxauOTJU,1.383213569248671,-0.08152613514634321,1.2577585709957635,-0.16957677944084176,-0.4510141742611891,1.0393240617066224,-0.8669510171818389,1.5988229365588098,0.21384455666323918,126360,77tT1kLj6mCWtFNqiOmP9H,79,1049877,https://i.scdn.co/image/cf1520ee06b1c8f139df15ae21f253af4421f153,True,False,True,False,False,False,False,False,False,False,False,False,False,True,False
global,571.0,67ojvEGRPAUCOohuMPqoRC,28471663,110,Capital Bra,https://open.spotify.com/track/67ojvEGRPAUCOohuMPqoRC,1.071808982307197,-1.3191128626207558,0.7236430060433673,-0.16957677944084176,-0.5488422166739575,0.51167046727324,2.6511720137504904,-0.3118783587374492,1.8521671222601002,194534,4WZGDpNwrC0vNQyl9QzF7d,86,2984316,https://i.scdn.co/image/d03852fe340cb703676ef25a2e66368c788c4b95,False,True,False,False,False,False,False,False,False,False,False,False,False,True,False
global,572.0,6klLvorLoo1sxvZcjJIY8I,28324633,Make No Sense,YoungBoy Never Broke Again,https://open.spotify.com/track/6klLvorLoo1sxvZcjJIY8I,-0.9219588855855898,1.3157492023247672,0.6307533425733852,-0.16957677944084176,-0.5473711182918105,0.720210693332577,1.7821745585052295,2.152517848734923,1.066105566292533,148630,7wlFDEWiM5OoIAt8RSli8b,91,3849088,https://i.scdn.co/image/97bb629b95a57ce4b12d82959c3557244bc669c2,False,False,False,False,False,False,False,False,False,False,True,False,False,True,False
global,573.0,5aJEh9Oqdz7PRLKTpH25pB,28265377,Lights Up,Harry Styles,https://open.spotify.com/track/5aJEh9Oqdz7PRLKTpH25pB,-0.8503358305890507,-0.6870121147171584,-0.01947430171648871,-0.117228702973519,-0.24506040076062438,-0.6077475337499352,-0.8599288155232913,-0.9881123088541773,-0.6561542613464089,172213,6KImCVD70vtIoJWnq6nGn3,95,5911371,https://i.scdn.co/image/b2163e7456f3d618a0e2a4e32bc892d6b11ce673,False,False,False,False,False,False,False,False,False,False,True,False,False,True,False
global,574.0,59PYPDxTbqJpiGfyogPb5h,28154588,Die For Me (feat. Future & Halsey),Post Malone,https://open.spotify.com/track/59PYPDxTbqJpiGfyogPb5h,-0.26333818420437244,-0.4275181234725233,0.2069442529915926,-0.16957677944084176,0.2698240329907878,1.3072928495963403,-0.7537180154377594,-0.16210842347669713,0.7440911147049581,245267,246dkjvS1zLTtiykXe5h60,100,21335421,https://i.scdn.co/image/93fec27f9aac86526b9010e882037afbda4e3d5f,True,False,False,False,False,False,False,False,False,False,False,False,False,True,False
global,575.0,5Ber68jZ7ytegr2UISEdb7,28040503,Santa Claus Is Coming to Town,Michael Bublé,https://open.spotify.com/track/5Ber68jZ7ytegr2UISEdb7,2.05273343117284,-0.5605919651364387,-1.3663744220312275,-0.16957677944084176,-1.0519578633681945,-0.22740473803549746,-0.6870070996815576,-0.4162634651313064,0.005970461020442003,171093,1GxkXlMwML1oSg5eLPiAz3,92,3547268,https://i.scdn.co/image/6bf4c3c955399c4c45cd0677a860a42f39b6a508,True,False,False,False,False,False,False,False,False,False,True,False,False,True,False
global,576.0,2c7GlMNmF7pbohjykutmLP,27935216,Thunderclouds,Sia,https://open.spotify.com/track/2c7GlMNmF7pbohjykutmLP,-0.9698373408278413,0.08481616693355033,0.5320580751365293,-0.1694713853135542,0.6523096123489798,0.17742982861509746,-0.8327177840964196,0.08750813529122267,-0.3291276583999816,187027,5WUlDfRSoLAfcVSX1WnrxN,90,15317280,https://i.scdn.co/image/652b6bb0dfaf8aa444f4414ee018699260e74306,True,False,False,False,False,False,False,True,False,False,False,False,False,True,False
global,577.0,4NmE2ytXI8S2svTRSmEdpO,27856402,Small Talk,Katy Perry,https://open.spotify.com/track/4NmE2ytXI8S2svTRSmEdpO,-0.2127349388263829,1.116138439828894,0.03858173795225009,-0.16957677944084176,2.064564059209996,0.3351856472921089,-0.26304167454674837,0.5186640095267204,-0.20011358056562284,161963,6jJ0s89eD6GaHleKKya26X,89,14486730,https://i.scdn.co/image/779d7efd29be52c3f39384674f804cc13f99392d,True,False,False,False,False,True,False,False,False,False,False,False,False,True,False
global,578.0,222B3aljXx6fFwKmFjuBED,27815096,Woman Like Me (feat. Nicki Minaj),Little Mix,https://open.spotify.com/track/222B3aljXx6fFwKmFjuBED,-0.313941429582362,0.5039987681748839,1.333231422565124,-0.16957677944084176,-0.6878610137868387,1.0908288152929526,-0.6071295558155791,1.417283621091232,-1.5344198744544242,229720,3e7awlrlDSwF3iM0WBjGMp,84,6853096,https://i.scdn.co/image/7b9deaace8ec0e95d957107a11115dbd202a45cd,True,False,False,False,False,True,False,False,False,False,False,False,False,True,False
global,579.0,4NdXQlDTzxbOMkzJGWFtz3,27796843,Butterfly Doors,Lil Pump,https://open.spotify.com/track/4NdXQlDTzxbOMkzJGWFtz3,-0.6568757309516601,1.64178011440136,-1.3199295902962365,-0.16898117465970244,-0.22299392502842097,-1.724284149957093,0.34262321850297894,-0.26649352987055464,0.2558294609029782,132923,3wyVrVrFCkukjdVIdirGVY,83,6375460,https://i.scdn.co/image/aafa5a282b9af40a1a683c8fc20af99d7cd9fbdd,True,False,False,False,False,True,False,False,False,False,False,False,False,True,False
global,580.0,0rFQ5cKYJ9WtHSKp9sxVYt,27776329,Heartless (feat. Morgan Wallen),Diplo,https://open.spotify.com/track/0rFQ5cKYJ9WtHSKp9sxVYt,0.06752918942094366,0.5705356890068416,-0.40264416353016413,-0.16957677944084176,-0.6760922267296635,0.022915567856107228,-0.6106406566448528,-1.056189552154519,-0.3626830353543769,169227,5fMUXHkw8R8eOP2RNVYEZX,90,2176273,https://i.scdn.co/image/a11a265f0dee7c44517beb16de3aeb5e38974e28,True,False,False,False,False,False,False,False,False,False,False,True,False,True,False
global,581.0,1JSTJqkT5qHq8MDJnJbRE1,27356597,Every Breath You Take,The Police,https://open.spotify.com/track/1JSTJqkT5qHq8MDJnJbRE1,1.1107345556748813,0.9431424456658041,-1.0006213721181734,-0.13537603614885757,-0.7570026377477426,-1.195189863115701,-0.8353511097183749,1.1449746478898648,-0.1544834753376281,253920,5NGO30tJxFlKixkPSgXcFE,80,3237510,https://i.scdn.co/image/1f73a61faca2942cd5ea29c2143184db8645f0b3,True,True,False,False,False,False,False,False,False,False,False,False,False,True,False
global,582.0,1Knctxx9vGZxpZfF66BIEa,26877704,Legends,Juice WRLD,https://open.spotify.com/track/1Knctxx9vGZxpZfF66BIEa,-0.5552799844620043,-0.5605919651364387,1.0081176004201873,-0.16957677944084176,-0.23034941693915545,0.44431809719880844,-0.3999746068884259,-0.4843407084316482,0.6477211135779313,191840,4MCBfE4596Uoi2O4DtmEMz,98,7403812,https://i.scdn.co/image/d8e62447a338a882b490460da20e90aac6d60ae7,True,False,False,False,True,False,False,False,False,False,False,False,False,True,False
global,583.0,0tBbt8CrmxbjRP0pueQkyU,26804200,Wolves,Selena Gomez,https://open.spotify.com/track/0tBbt8CrmxbjRP0pueQkyU,-0.5202469684310884,0.30438800567901075,1.0429512242214307,-0.16957677944084176,0.21833558961564653,0.6712271514602629,-0.7475735889865303,-0.8247269249333572,0.09241379874194956,197993,0C8ZW7ezQVs4URX5aX7Kqx,93,18882676,https://i.scdn.co/image/dc6dd5ccdccee8c947b41af13e3b60ce0a235708,False,False,False,False,False,False,False,False,False,False,False,True,False,True,False
global,584.0,5nCthAh3jt4xKuLJAifAaR,26733744,Harleys In Hawaii,Katy Perry,https://open.spotify.com/track/5nCthAh3jt4xKuLJAifAaR,-0.2828009708882146,0.2910806215126192,0.7700878377783583,-0.16950325947566988,-0.35539277942164116,0.09747139997058508,0.017846391795154133,1.0587434730427652,0.5840928284704204,185815,6jJ0s89eD6GaHleKKya26X,89,14486730,https://i.scdn.co/image/779d7efd29be52c3f39384674f804cc13f99392d,False,False,False,False,False,False,False,False,False,False,True,False,False,True,False
global,585.0,0Lw6aQcBFWTQ9m4MSwwwes,26703849,Homicide,Logic,https://open.spotify.com/track/0Lw6aQcBFWTQ9m4MSwwwes,-0.4385032643589516,0.2910806215126192,0.8107270655464754,-0.16957677944084176,-0.02439564343859042,0.2959267791738573,2.352728443262219,1.3991296895444743,0.5755331154354969,245413,4xRYI6VqpkE3UwrDrAZL8L,87,4329265,https://i.scdn.co/image/efa0b73c2cdaf40b1767b4b1e1254b1cfc5b51db,False,False,False,False,False,False,False,False,False,False,True,False,False,True,False
global,586.0,07s9NNOT0sZQp7TyolLLgu,26568908,Own It (feat. Ed Sheeran & Burna Boy),Stormzy,https://open.spotify.com/track/07s9NNOT0sZQp7TyolLLgu,-0.9703044477082536,0.9231813694162168,0.9094223329833314,-0.16951617200119848,-0.37745925515384454,0.8282626239332695,-0.15770864966853498,-0.5841873319388162,-0.5906382828699798,216707,2SrSdSvpminqmStGELCSNd,88,1308575,https://i.scdn.co/image/cf3aa3567c73ea2867d1e4027c29cf45926a72c6,False,False,False,False,False,False,False,True,False,False,False,False,False,True,False
global,587.0,00ko9WaS4jOX1kEk3gvHjf,26510697,Hot Shower,Chance the Rapper,https://open.spotify.com/track/00ko9WaS4jOX1kEk3gvHjf,-0.9966959864515436,1.4554767360718783,-0.5942290944370022,-0.16957677944084176,-0.8746905083194939,-0.3963259228745804,2.142062393505792,0.613972150147199,0.9060421871832047,225924,1anyVhU62p31KFi8MEzkbf,87,4587455,https://i.scdn.co/image/0433f521b1fadf1d839b6e70c3914021f122901f,True,False,True,False,False,False,False,False,False,False,False,False,False,True,False
global,588.0,4bHsxqR3GMrXTxEPLuK5ue,26448847,Don't Stop Believin',Journey,https://open.spotify.com/track/4bHsxqR3GMrXTxEPLuK5ue,-0.5085692964207832,-1.1860390209568406,0.7178374020764934,-0.16957677944084176,2.0057201239241205,-0.9344245372660293,-0.8221844816085981,0.11927751549804887,-0.10725859467727097,250987,0rvjqX7ttXeg3mTy8Xscbt,78,2658473,https://i.scdn.co/image/12e047ce48a870fad5852b82c81305d08be24513,True,False,False,False,True,False,False,False,False,False,False,False,False,True,False
global,589.0,3r1cV21xPMkgCmxk8VqWOB,26441863,Cherry Lady,Capital Bra,https://open.spotify.com/track/3r1cV21xPMkgCmxk8VqWOB,2.4108487061555346,1.0629089031633279,-0.4374777873314074,-0.15836265817095307,-0.43630319043972016,-0.24037096970758043,-0.4780966003397676,0.7546651196345722,-0.25069074427767984,135597,4WZGDpNwrC0vNQyl9QzF7d,86,2984316,https://i.scdn.co/image/d03852fe340cb703676ef25a2e66368c788c4b95,False,False,False,False,False,False,False,False,False,True,False,False,False,True,False
global,590.0,22oEJW6r2rMb9z4IntfyEa,26320594,"Hey Look Ma, I Made It",Panic! At The Disco,https://open.spotify.com/track/22oEJW6r2rMb9z4IntfyEa,-0.9495960426766457,-0.6737047305507669,1.2113137392607725,-0.16957677944084176,-0.3921702389753135,1.1311682027172112,-0.5307631127788742,0.41881738601955243,-0.4625355052826848,169667,20JZFwl6HVl6yg8a4H3ZqK,88,8777959,https://i.scdn.co/image/58518a04cdd1f20a24cf0545838f3a7b775f8080,True,False,False,False,False,True,False,False,False,False,False,False,False,True,False
global,591.0,0lsRatBUs9HNIZAmoGABzk,26288833,Trampoline,SHAED,https://open.spotify.com/track/0lsRatBUs9HNIZAmoGABzk,0.8966439021526178,0.07150878276715879,-1.2328455307931285,-0.1677155144997814,-0.7974578432567822,-0.3765164022644532,-0.8766065444623418,0.22366262189190633,0.1499233536191729,184060,3KwmxIhSe9UTSEF37kwngR,81,84410,https://i.scdn.co/image/d4a8d208a0334c183ffa012724df7d85a1878c20,False,False,False,False,False,False,False,True,False,False,False,False,False,True,False
global,592.0,0A5gdlrpAuQqZ2iFgnqBFW,26178542,Moonlight,Gaullin,https://open.spotify.com/track/0A5gdlrpAuQqZ2iFgnqBFW,-0.7970077950753234,0.8965666010834337,0.7933102536458538,-0.031145199449477155,1.1966160137433297,0.2847614130117855,-0.3947079556445152,-0.8973426511203885,0.09143740562009514,173067,1aQwKFn00nswXRDUDipm0K,71,55761,https://i.scdn.co/image/c5dcfd39b2df78350be6ed50266c9c41a8196ca3,False,False,False,False,False,False,False,False,False,False,True,False,False,True,False
global,593.0,3CA9pLiwRIGtUBiMjbZmRw,26141405,Nice For What,Drake,https://open.spotify.com/track/3CA9pLiwRIGtUBiMjbZmRw,-0.6560972194843064,-0.6138215018020049,1.6525396407431874,-0.1683087926997444,-0.4068812227967824,0.0013051817359685236,-0.5219853607056899,1.2221288569635855,-0.9358257978828982,210747,3TVXtAsR1Inumwj472S9r4,99,43763483,https://i.scdn.co/image/012ecd119617ac24ab56620ace4b81735b172686,True,False,False,False,False,False,False,False,True,False,False,False,False,True,False
global,594.0,3QiAAp20rPC3dcAtKtMaqQ,25661359,Blue Christmas,Elvis Presley,https://open.spotify.com/track/3QiAAp20rPC3dcAtKtMaqQ,2.5081626395747456,-1.418918243868692,-2.0572412940892186,-0.15747855732394941,-0.21563843311768652,-3.6677782083615518,-0.7677624187548544,0.41881738601955243,-0.899211055813359,129173,43ZHCT0cAZBISjO8DG9PnE,85,3765036,https://i.scdn.co/image/5629fbf1c4e0bc4155eca3e08a2b98065eedd305,True,False,False,False,True,False,False,False,False,False,False,False,False,True,False
global,595.0,0hGH0S74Eoyv6mXZcOKtdQ,25600556,On The Road (feat. Meek Mill & Lil Baby),Post Malone,https://open.spotify.com/track/0hGH0S74Eoyv6mXZcOKtdQ,-0.7736524510547128,-1.571953161782195,0.6539757584408807,-0.16957677944084176,-0.5319245852792682,0.5156323713952654,-0.18404190588808836,-1.2604212820555447,-0.2999985969313256,218320,246dkjvS1zLTtiykXe5h60,100,21335421,https://i.scdn.co/image/93fec27f9aac86526b9010e882037afbda4e3d5f,True,False,False,False,False,False,False,True,False,False,False,False,False,False,True
global,596.0,6muOWhMh7Tf0UFUtMDBhUR,25494211,Orphans,Coldplay,https://open.spotify.com/track/6muOWhMh7Tf0UFUtMDBhUR,-0.904053121836455,-1.1660779447072531,1.0661736400889261,-0.15073147191260558,2.814824234104911,0.513831505885254,-0.7458180385718934,-0.9291120313272146,-0.4612661942242745,197533,4gzpq5DPGxSnKTe4SA8HAU,92,24034836,https://i.scdn.co/image/c942640d486338e4ae144a497f0cfd3f35ceb7af,False,False,False,False,False,False,False,False,False,False,False,True,False,True,False
global,597.0,5p1ex0pXv6jSPJ6QbumQpD,25167559,Piece Of Your Heart,MEDUZA,https://open.spotify.com/track/5p1ex0pXv6jSPJ6QbumQpD,-0.8456647617849287,-0.008335522231189727,0.6946149862089979,-0.1677155144997814,-0.737878358779833,-0.11827228812879793,-0.8818731957062524,0.6502800132407147,0.06289418002455223,152913,0xRXCcSX89eobfrshSVdyu,85,152909,https://i.scdn.co/image/f1dc8347ce1fd49e13f3e799175290a36e02b52d,False,False,False,False,False,False,False,False,False,False,True,False,False,True,False
global,598.0,3Kuu5vASpXK8oRsxOvau6P,25131850,Think About You,Kygo,https://open.spotify.com/track/3Kuu5vASpXK8oRsxOvau6P,-0.3567595602868146,-0.03495029056397281,-0.1646144008883357,-0.16957677944084176,-0.4730806499933925,-0.509060103801303,-0.8300844584744641,-1.3511909397893336,0.05928152547369089,208567,23fqKkggKUBHNkbKtXEls4,89,5922832,https://i.scdn.co/image/1caaca2be637b0c56bb0ede637e36a8bcca149d1,True,False,False,False,False,False,False,False,False,False,True,False,False,True,False
global,599.0,2J0NXdHr6MYvKDSxB7k3V2,25105664,A Thousand Bad Times,Post Malone,https://open.spotify.com/track/2J0NXdHr6MYvKDSxB7k3V2,-0.5942055578296885,-0.3077516659749994,0.6249477386065113,-0.16944300102320306,-0.465725158082658,1.0731803332948393,-0.3332636911322241,-0.7748036131797732,1.1994157738630513,221173,246dkjvS1zLTtiykXe5h60,100,21335421,https://i.scdn.co/image/93fec27f9aac86526b9010e882037afbda4e3d5f,True,False,False,False,False,False,True,False,False,False,False,False,False,True,False
global,600.0,4wyNKAZe82BNlp2lHiR1FX,24797584,CANGURO,WOS,https://open.spotify.com/track/4wyNKAZe82BNlp2lHiR1FX,-0.32951165892943574,0.11143093526633341,0.735254213977115,-0.16957677944084176,3.623928344285701,0.7634314655728541,1.7295080460661227,2.0254403279076185,1.3580471097269928,196745,5YCc6xS5Gpj3EkaYGdjyNK,78,717223,https://i.scdn.co/image/14ffb134a27dcb5bc7874957c1a9fce3e138eebd,True,True,False,False,False,False,False,False,False,False,False,False,False,True,False
global,601.0,0Rx0DJI556Ix5gBny6EWmn,24685664,Paradise,Bazzi,https://open.spotify.com/track/0Rx0DJI556Ix5gBny6EWmn,-0.6806203307059475,1.1028310556625025,0.11405458952161053,-0.16957677944084176,-0.4510141742611891,0.07369997523843277,-0.7203625575596585,0.4687406977731364,-0.0028170770762472926,169038,4GvEc3ANtPPjt1ZJllr5Zl,86,2722028,https://i.scdn.co/image/45509320e642ccb504b927598857768df0468dc6,False,False,False,False,False,False,False,False,False,False,False,True,False,True,False
global,602.0,1cVlW9WQiGlFdWUXFdFZGh,24570497,Pa' Olvidarme De Ella,Piso 21,https://open.spotify.com/track/1cVlW9WQiGlFdWUXFdFZGh,0.005248272032648823,0.33100277401179384,-0.4781170150995246,-0.16957677944084176,-0.2818378603142965,0.4619665791969214,-0.6896404253035129,0.6775109105608514,-1.0457676634037014,227234,4bw2Am3p9ji3mYsXNXtQcd,84,4845869,https://i.scdn.co/image/b9ad111f39b296a60ac317d1ff7405bdb9ad630f,True,False,False,False,False,False,False,False,False,False,False,False,True,False,False
global,603.0,4y5bvROuBDPr5fuwXbIBZR,24522609,Paper Rings,Taylor Swift,https://open.spotify.com/track/4y5bvROuBDPr5fuwXbIBZR,-0.9527100885460603,0.8832592169170429,0.5494748870371509,-0.16941857192085163,-0.7364072603976861,-0.027148493322213776,-0.7045626038279266,1.7122850087260464,-0.5913217580552779,222400,06HL4z0CvFAxyc27GXpf02,95,25846444,https://i.scdn.co/image/62b33d12e2b9a033cf77585f6e3d4b2c6b3a63a1,True,False,False,False,False,False,False,False,False,True,False,False,False,True,False
global,604.0,74lnM5V6ecvoTPV0fvptx9,24416788,Nuketown (feat. Juice WRLD),Ski Mask The Slump God,https://open.spotify.com/track/74lnM5V6ecvoTPV0fvptx9,-0.5630650991355411,0.8632981406674556,-0.04269671758398423,-0.16957677944084176,4.116746302304909,-1.0237474665626023,2.7389495344823347,0.6548184961274042,0.9052610726857212,166400,2rhFzFmezpnW82MNqEKVry,84,2933177,https://i.scdn.co/image/677d1c0829af1f795836467a2cbe44b34ee01323,False,False,False,False,False,False,False,False,False,False,True,False,False,True,False
global,605.0,7wcyO1rrH3Ru4t659IjG41,24340028,Crushed Up,Future,https://open.spotify.com/track/7wcyO1rrH3Ru4t659IjG41,-0.8413829487144834,0.6836484544211697,-0.15880879692146183,-0.16957677944084176,-0.16414998974254527,-0.11395021090477006,0.8780660949672306,0.2554320020987325,1.1682688332758968,149949,1RyvyyTE3xzB2ZywiAwp0i,91,8253537,https://i.scdn.co/image/287c505d7b76d3971a8c5b2fbb3935f9b2dbc3ce,False,False,False,False,False,False,False,False,False,False,True,False,False,True,False
global,606.0,0qaWEvPkts34WF68r8Dzx9,24257914,Turn Me On (feat. Vula),Riton,https://open.spotify.com/track/0qaWEvPkts34WF68r8Dzx9,-0.9449249738725235,0.3908860027605558,1.1822857194264031,-0.16279479531185306,-0.6481413574688726,0.6362903605660388,-0.7932178997670895,0.13289296415811722,0.06198287977748842,208474,7i9j813KFoSBMldGqlh2Z1,76,45655,https://i.scdn.co/image/e1048ed5f0d547fa50b281a9d374ddc8dc9c693a,True,False,False,False,False,False,False,False,False,False,False,True,False,True,False
global,607.0,1HpzOCZbNWzxvvXfSGtSrX,24113854,Find U Again (feat. Camila Cabello),Mark Ronson,https://open.spotify.com/track/1HpzOCZbNWzxvvXfSGtSrX,-0.9815928639848821,-0.4874013522212852,0.23016666885908812,-0.1695418807231969,0.21833558961564653,-0.2464939124416198,-0.863439916352565,-1.4691914948432592,-0.5907359221821652,176417,3hv9jJF3adDNsBSIQDqcjp,83,749288,https://i.scdn.co/image/d91845f215e0a90b0d4b03bf930221fdf2316b97,True,False,False,False,False,False,False,False,True,False,False,False,False,True,False
global,608.0,4wopYJ5wpYOM6ogm2Jugnw,23961498,"fuck, i'm lonely (with Anne-Marie) - from “13 Reasons Why: Season 3”",Lauv,https://open.spotify.com/track/4wopYJ5wpYOM6ogm2Jugnw,0.8732885581320072,0.849990756501064,-0.3852273516295425,-0.16957677944084176,-0.8276153600907934,0.006347605164000931,-0.5412964152666956,0.8635887089151191,-0.8830354764279714,198973,5JZ7CnR6gTvEMKX4g70Amv,91,2139634,https://i.scdn.co/image/d763de4ee1f230d55719b5fcccd76984fcc2d290,True,False,False,False,False,False,False,False,False,True,False,False,False,True,False
global,609.0,3hFG4jR5stnIQJDI64KlJY,23830592,A Thousand Bad Times,Post Malone,https://open.spotify.com/track/3hFG4jR5stnIQJDI64KlJY,-0.5942055578296885,-0.3077516659749994,0.6249477386065113,-0.16944300102320306,-0.465725158082658,1.0731803332948393,-0.3332636911322241,-0.7748036131797732,1.1994157738630513,221173,246dkjvS1zLTtiykXe5h60,100,21335421,https://i.scdn.co/image/93fec27f9aac86526b9010e882037afbda4e3d5f,True,False,False,False,False,False,True,False,False,False,False,False,False,True,False
global,610.0,60SdxE8apGAxMiRrpbmLY0,23814474,Lucky You (feat. Joyner Lucas),Eminem,https://open.spotify.com/track/60SdxE8apGAxMiRrpbmLY0,-0.7588607331749928,1.3157492023247672,0.9384503528177008,-0.16957677944084176,-0.3480372875109067,0.5739804139196394,1.545175252529249,0.39612497158610516,1.0063503072350455,244679,7dGJo4pcD2V6oG8kP0tJRR,94,31955191,https://i.scdn.co/image/60c4daa4721f666c6afaee82a39bd413979a0474,False,False,False,False,False,False,False,False,False,False,True,False,False,True,False
global,611.0,4QPEwDdOMhY7rNS05mTyMR,23801307,Own It (feat. Ed Sheeran & Burna Boy),Stormzy,https://open.spotify.com/track/4QPEwDdOMhY7rNS05mTyMR,-0.9703044477082536,0.11143093526633341,0.9094223329833314,-0.16951617200119848,-0.37745925515384454,0.8282626239332695,-0.15770864966853498,-0.5841873319388162,-0.5906382828699798,216707,2SrSdSvpminqmStGELCSNd,88,1308575,https://i.scdn.co/image/cf3aa3567c73ea2867d1e4027c29cf45926a72c6,True,False,False,False,False,False,False,True,False,False,False,False,False,True,False
global,612.0,3PIDciSFdrQxSQSihim3hN,23769923,Christmas (Baby Please Come Home),Mariah Carey,https://open.spotify.com/track/3PIDciSFdrQxSQSihim3hN,-0.9172878167814678,-0.7468953434659203,0.9152279369502053,-0.16957677944084176,-0.480436141904127,-0.3480627272062709,-0.8678287923891573,0.9498198837622183,0.1631372072016019,153240,4iHNK0tOyZPYnBU7nGAgpQ,89,5197826,https://i.scdn.co/image/f20958ba510269df7c67951f0e6ae228ee1ce992,True,False,False,True,False,False,False,False,False,False,False,False,False,True,False
global,613.0,5274I4mUMnYczyeXkGDWZN,23763279,Fine China,Future,https://open.spotify.com/track/5274I4mUMnYczyeXkGDWZN,-0.8145243030907813,-0.1480630559783009,-0.4781170150995246,-0.16957677944084176,-0.35539277942164116,-0.31708784043407223,1.6943970377733848,0.2872013823055587,1.4308534901799344,141587,1RyvyyTE3xzB2ZywiAwp0i,91,8253537,https://i.scdn.co/image/287c505d7b76d3971a8c5b2fbb3935f9b2dbc3ce,True,False,False,False,False,False,False,True,False,False,False,False,False,True,False
global,614.0,6Yx181fZzA0YE2EkUsYruq,23726383,Big Plans,Why Don't We,https://open.spotify.com/track/6Yx181fZzA0YE2EkUsYruq,-0.7429012480942423,0.09812355109994188,-0.11816956915334467,-0.16957677944084176,-0.44365868235045464,0.4317120386287276,-0.7660068683402176,0.7410496709745038,-1.5340293172056825,179930,2jnIB6XdLvnJUeNTy5A0J2,84,1829392,https://i.scdn.co/image/c98c1c47d35678ba9d9ff3246a7035a2de0b3156,True,False,False,False,False,False,False,False,False,False,False,True,False,True,False
global,615.0,4XZxalvnG4Yo8YZLuiT1kV,23597770,Tough Love,Avicii,https://open.spotify.com/track/4XZxalvnG4Yo8YZLuiT1kV,-0.4462883790324884,-1.8381008451100254,0.7526710258777367,-0.16957677944084176,1.3510813438687532,0.5909085497137482,-0.7616179923036254,0.6048951843738201,-0.4549196389322208,191248,1vCWHaC5f2uS3yhpwWbIA6,89,16559762,https://i.scdn.co/image/81b19a403109c4fe528ee3972137127b85be9519,True,False,False,False,False,False,False,False,True,False,False,False,False,True,False
global,616.0,2kkcJ8tSDV42LdWcPjy6We,23586629,Wieder Lila,Samra,https://open.spotify.com/track/2kkcJ8tSDV42LdWcPjy6We,0.6903383633038914,-0.1480630559783009,0.7642822338114844,-0.16957677944084176,-0.5951818157115846,0.8830089354376205,1.4925087400901422,0.7138187736543671,1.493342649978615,188057,6h1s4i4XKIYv4ErDelLDN0,84,504708,https://i.scdn.co/image/5b3d25c0f57c1eb87468d4f12879de86406891df,False,False,True,False,False,False,False,False,False,False,False,False,False,True,False
global,617.0,2wVDWtLKXunswWecARNILj,23565564,SOLO,JENNIE,https://open.spotify.com/track/2wVDWtLKXunswWecARNILj,-0.6677748914946117,0.4840376919252966,0.10244338158786276,-0.16957677944084176,-0.581206381081189,0.47277177225699074,-0.3771524514981464,-0.45257132822482204,-0.8820916297435123,169567,250b0Wlc5Vk0CoUsaCY84M,66,287297,https://i.scdn.co/image/2e87207726ac303e213fa276d43ec81e8cbc3b4c,False,False,False,True,False,False,False,False,False,False,False,False,False,True,False
global,618.0,0fcq51a3gOI6gPvzc0YLsk,23558940,Wow. - Remix,Post Malone,https://open.spotify.com/track/0fcq51a3gOI6gPvzc0YLsk,-0.4268255923486463,0.7901075277523021,0.090832173654115,-0.16957677944084176,0.2551130491693189,0.07406014834043488,0.5620670203325903,-0.007800005329255898,-0.7207589395757736,170053,246dkjvS1zLTtiykXe5h60,100,21335421,https://i.scdn.co/image/93fec27f9aac86526b9010e882037afbda4e3d5f,False,False,False,False,False,False,False,False,False,False,False,True,False,True,False
global,619.0,4Q8aDd3H6LF8t4eY7So9O8,23532642,Light It Up (with Tyga & Chris Brown),Marshmello,https://open.spotify.com/track/4Q8aDd3H6LF8t4eY7So9O8,-0.8444969945838982,0.8766055248338471,0.0037481141510068063,-0.16955898109484288,-0.4142367147075169,1.0389638886046202,-0.5175964846690977,0.5005100779799626,-0.7202056501400559,137448,64KEffDW9EtZ1y2vBYgq8T,90,20341696,https://i.scdn.co/image/eb88f6dde0844337248826abb86c6e0b0ef05973,False,False,False,False,False,False,False,False,False,False,False,True,False,True,False
global,620.0,2SasoXZyv82yYgHiVOvxQn,23501479,On God,Kanye West,https://open.spotify.com/track/2SasoXZyv82yYgHiVOvxQn,-0.7417334808932118,-1.7848713084444594,1.5190107495050882,-0.16957677944084176,2.108697010674403,0.7436219449627268,0.2197346894783965,-0.4298789137913748,-1.6133449851376531,136351,5K4W6rqBFWDnAN6FQUkS6x,94,10995470,https://i.scdn.co/image/bd1c6fdf3705cf9b7d0c8ac8e7bbed98e31a1559,False,False,False,False,False,False,False,False,False,True,False,False,False,True,False
global,621.0,63VyEdzMM3w4ZQ1WtARa2S,23494358,Takeaway (feat. Lennon Stella),The Chainsmokers,https://open.spotify.com/track/63VyEdzMM3w4ZQ1WtARa2S,-0.5358171977781622,-2.5566995900951683,-0.6929243618738581,-0.16957677944084176,-0.5635532004954263,-0.5864973207317993,-0.7721512947914467,-0.5932642977121951,-1.198215176162566,209893,69GGBxA162lTqCwzJG5jLp,91,15139114,https://i.scdn.co/image/960547a625bc2eb742bb3dd170cbc049d2e94cf9,True,False,False,True,False,False,False,False,False,False,False,False,False,False,False
global,622.0,4f8Mh5wuWHOsfXtzjrJB3t,23492693,I THINK,"Tyler, The Creator",https://open.spotify.com/track/4f8Mh5wuWHOsfXtzjrJB3t,-0.9686306480534431,0.9830645981649787,-0.26330966832519165,-0.16957677944084176,-0.3333263036894378,-0.6351206895021109,-0.437718940803119,-0.2574165640971757,-0.0349078643478614,212013,4V8LLVI7PbaPR0K2TGSxFF,87,3689916,https://i.scdn.co/image/fe839f5bd121774e64f377b5eead237c69a01711,False,False,False,False,False,False,False,False,True,False,False,False,False,True,False
global,623.0,3JWiDGQX2eTlFvKj3Yssj3,23313233,Closed On Sunday,Kanye West,https://open.spotify.com/track/3JWiDGQX2eTlFvKj3Yssj3,2.395278476808461,0.8034149119186936,-1.9353236107848675,-0.16212008677071868,-0.2597713845820931,-0.3152869749240607,-0.8616843659379282,-0.37087863626441187,-0.7864376502391783,151873,5K4W6rqBFWDnAN6FQUkS6x,94,10995470,https://i.scdn.co/image/bd1c6fdf3705cf9b7d0c8ac8e7bbed98e31a1559,False,False,False,False,False,False,False,False,False,False,False,True,False,True,False
global,624.0,4e0FYxSROat25pH16zMTZI,23136862,Love Me,Lil Tecca,https://open.spotify.com/track/4e0FYxSROat25pH16zMTZI,1.457172158647271,0.2711195452630319,-0.50133943096702,-0.16957677944084176,-0.28919335222503095,-0.1510480404110081,1.3169536986264534,1.4308990697513004,2.6683015863807813,117013,4Ga1P7PMIsmqEZqhYZQgDo,88,1508291,https://i.scdn.co/image/87b4d40e2c756869e2264ce9b5899956f8011405,False,False,False,False,False,False,False,False,False,False,False,True,False,True,False
global,625.0,2YRvdf9cdS88y1wB1WhKoE,23104731,Rebota,Guaynaa,https://open.spotify.com/track/2YRvdf9cdS88y1wB1WhKoE,-0.2711232988779093,0.7834538356691063,1.6641508486769352,-0.16957677944084176,2.3882057032823116,1.6134399862983027,1.3608424589923753,1.9528246017205875,1.8870569031476958,204631,0BqURncJM5B1BBu7UM51eq,79,201710,https://i.scdn.co/image/ab5f2dfaeecb095c9e70255f063493c70cf3fcba,True,True,False,False,False,False,False,False,False,False,False,False,False,True,False
global,626.0,2sqsNXfN0HtgDEgaHXiUTa,23068287,Won't Be Late (feat. Drake),Swae Lee,https://open.spotify.com/track/2sqsNXfN0HtgDEgaHXiUTa,-0.6821773536406549,1.5752431935694022,-0.21105923262332674,-0.16761081834684674,-0.5172136014577993,0.06325495528036584,-0.5465630665106064,-0.7203418185394996,0.05820749303965149,218710,1zNqQNIdeOUZHb8zbZRFMX,89,555611,https://i.scdn.co/image/a177469870b41f7e17e3b5f2156c1ab7a7e92df8,False,False,False,False,False,False,False,True,False,False,False,False,False,True,False
global,627.0,6ya8ejoKgw906Y8LWclqrp,23040641,Racks In The Middle (feat. Roddy Ricch and Hit-Boy),Nipsey Hussle,https://open.spotify.com/track/6ya8ejoKgw906Y8LWclqrp,-0.6817880979069779,-0.04825767473036435,1.2113137392607725,-0.16957677944084176,-0.7481760474548612,0.4774540225830207,2.3263951870426656,0.9725122981956655,-1.392875418222934,233278,0EeQBlQJFiAfJeVN2vT9s0,79,1253075,https://i.scdn.co/image/2a53f9d4a36e958d54797aae6aee9645b547c9fd,False,False,False,False,False,True,False,False,False,False,False,False,False,True,False
global,628.0,5SHhPFh68OhUmuRPymKX9d,23018004,Undrunk,FLETCHER,https://open.spotify.com/track/5SHhPFh68OhUmuRPymKX9d,0.76818951003926,0.0049718619352018155,-0.30394889609330883,-0.16954874413766705,-0.3480372875109067,-0.08117445862256022,-0.45527444494948793,0.24635503632535363,-0.9532381418893017,183428,5qa31A9HySw3T7MKWI9bGg,72,173414,https://i.scdn.co/image/4294a1031f1b3eefc685d8739a04efc505f1fbbf,True,False,False,False,False,True,False,False,False,False,False,False,False,True,False
global,629.0,6GzApXoBQiiAjak3tOQfV3,22977632,Lie To Me (feat. Julia Michaels),5 Seconds of Summer,https://open.spotify.com/track/6GzApXoBQiiAjak3tOQfV3,-0.9515423213450298,0.11143093526633341,-0.6058403023707499,-0.16957677944084176,-0.5098581095470648,0.37192330369634424,-0.8371066601330118,1.285667617377238,1.2295863213283513,149878,5Rl15oVamLq7FbSb0NNBNy,87,5627772,https://i.scdn.co/image/81f45e1c43d961f38e0885e79db547b86d25d101,True,False,False,False,False,False,False,False,False,False,False,False,False,True,False
global,630.0,6pK5edDoyrn4mWwRSVc2a5,22783592,Amor Genuino,Ozuna,https://open.spotify.com/track/6pK5edDoyrn4mWwRSVc2a5,1.538915862719408,-1.571953161782195,-1.0412605998862905,-0.16957677944084176,-0.4142367147075169,0.8668011458475167,-0.8063845278768662,-0.29372442719069136,-1.1848060439557655,179937,1i8SpTcr7yvPOmcqrbnVXY,98,21123358,https://i.scdn.co/image/f9ede0c1b199df8dfc4a29b784342e9af2e15a2c,False,False,False,False,False,False,False,False,False,False,True,False,False,True,False
global,631.0,4TnFANpjVwVKWzkxNzIyFH,22666053,Ne reviens pas,Gradur,https://open.spotify.com/track/4TnFANpjVwVKWzkxNzIyFH,-0.17770192279546715,1.6883559589837305,0.8920055210827098,-0.16957677944084176,-0.04646211917079381,1.1142400669231027,-0.5807962995960257,2.020901845020929,0.09270671667850588,188613,2tcoLkA9Hexz70Kuc1NTUl,78,966636,https://i.scdn.co/image/fdae0096d2ad8428c5f489081973756c47747c23,False,False,False,False,False,False,False,False,False,False,True,False,False,True,False
global,632.0,29ZXwWOOLz9t5fa3eT3i7T,22630647,223's (feat. 9lokknine),YNW Melly,https://open.spotify.com/track/29ZXwWOOLz9t5fa3eT3i7T,-0.8518928535237582,1.6883559589837305,-0.44908899526515517,-0.16957677944084176,-0.602537307622319,-0.4716021011930628,1.7821745585052295,0.9407429179888394,-0.8836213123010841,176640,1cNDP5yjU5vjeR8qMf4grg,90,2433412,https://i.scdn.co/image/030819be90d9cd2438d122215868eb46ed880ebf,False,False,False,False,False,False,False,False,False,False,False,False,False,True,False
global,633.0,5F8ffc8KWKNawllr5WsW0r,22431693,Surtada - Remix Brega Funk,Dadá Boladão,https://open.spotify.com/track/5F8ffc8KWKNawllr5WsW0r,-0.03367730133503545,1.0229867506641532,-0.43167218336453356,-0.16948173859978888,0.05651476757948849,-0.19751037056930576,-0.6255628351692664,1.7849007349130777,1.0387665588806103,152784,36SRwzRkX5zW3ABjJrevqX,75,68660,https://i.scdn.co/image/a5866831d2fd4812ae9c1cdca60aca8dc7533008,True,False,False,False,False,True,False,False,False,False,False,False,False,True,False
global,634.0,5bvnqVuq7UFl0txSlHpsfS,22247950,Loyal (feat. Drake),PARTYNEXTDOOR,https://open.spotify.com/track/5bvnqVuq7UFl0txSlHpsfS,1.0095280649189022,1.2492122814928095,-0.5477842627020111,-0.1510804590890544,-0.5863552254187031,0.047047165690261655,-0.7063181542425634,-1.2921906622623707,-0.5596540744698008,197973,2HPaUgqeutzr3jx5a9WyDV,82,2110996,https://i.scdn.co/image/797276c2f8da713f0534e012de4d144f338e1664,False,False,False,False,False,False,False,False,False,False,False,False,False,True,False
global,635.0,5Z3GHaZ6ec9bsiI5BenrbY,22223039,Young Dumb & Broke,Khalid,https://open.spotify.com/track/5Z3GHaZ6ec9bsiI5BenrbY,-0.2283051681734566,0.7967612198354979,-0.4955338270001462,-0.16938367320320674,-0.06852859490299722,0.045606473282252584,-0.7712735195841284,-0.4253404309046853,0.4817342828626868,202547,6LuN9FCkKOj5PcnpouEgny,96,10092177,https://i.scdn.co/image/e52c824585bfeef4d674b509437120805300f557,True,True,False,False,False,False,False,False,False,False,False,False,False,True,False
global,636.0,2qRN7PWiHRLprw4FpDeI9N,22132869,Nothing On You (feat. Paulo Londra & Dave),Ed Sheeran,https://open.spotify.com/track/2qRN7PWiHRLprw4FpDeI9N,0.29329751495351225,0.4574229235925135,0.1430826093559799,-0.16957677944084176,-0.017040151527856158,0.09350949584855965,0.7815108221622016,1.5988229365588098,-1.1110232703809695,200733,6eUKZXaKkcviH0Ku9w2n3V,98,57463755,https://i.scdn.co/image/f55cab0739390cf3b2c2f773b9c779b2f0ae8a99,False,False,False,False,False,False,False,False,False,False,True,False,False,True,False
global,637.0,0TMGV2zMZXOILVtQLtkI3G,22062387,What Am I,Why Don't We,https://open.spotify.com/track/0TMGV2zMZXOILVtQLtkI3G,-0.7355053891543823,-0.4275181234725233,0.13147140142223215,-0.16957677944084176,-0.5172136014577993,0.6470955536261082,-0.6808626732303285,-0.5433409859586111,1.3576565524782511,184665,2jnIB6XdLvnJUeNTy5A0J2,84,1829392,https://i.scdn.co/image/c98c1c47d35678ba9d9ff3246a7035a2de0b3156,False,False,False,False,False,False,False,False,False,False,False,False,False,True,False
global,638.0,2nKYHpmwjLaEOXS3o7QMiz,22006904,Baby,Quality Control,https://open.spotify.com/track/2nKYHpmwjLaEOXS3o7QMiz,-0.6304063410616348,1.941196258145169,-0.9367597284825607,-0.16957677944084176,-0.17150548165327972,-0.2814307033358439,2.071840376920316,-0.1258005603831815,-0.46035489397721024,142417,6i392l38cR3uBPF0DbNs7S,80,500061,https://i.scdn.co/image/3b35185826b88db643ad2221efcfb10fc8b9645f,True,False,False,False,False,False,False,False,False,False,True,False,False,True,False
global,639.0,7Aem1fAapTdGcHwAYyQYU4,21996097,Love Me,Lil Tecca,https://open.spotify.com/track/7Aem1fAapTdGcHwAYyQYU4,1.6050893374444712,0.24450477693024883,-1.0993166395550293,-0.16957677944084176,-0.5025026176363303,-1.3857214340749222,1.062398888504104,1.4218221039779215,2.6665115323240483,117680,4Ga1P7PMIsmqEZqhYZQgDo,88,1508291,https://i.scdn.co/image/87b4d40e2c756869e2264ce9b5899956f8011405,False,False,False,False,False,False,False,False,False,False,False,True,False,True,False
global,640.0,2ve5NyzWHUbIYxL33goCX7,21938465,Wow.,Post Malone,https://open.spotify.com/track/2ve5NyzWHUbIYxL33goCX7,-0.47353628038986734,1.003025674414566,-0.4955338270001462,-0.16955607286837246,-0.5245690933685337,-0.31744801353607466,0.6849555493571725,-0.45257132822482204,-0.7221258899463698,149547,246dkjvS1zLTtiykXe5h60,100,21335421,https://i.scdn.co/image/93fec27f9aac86526b9010e882037afbda4e3d5f,False,False,False,False,False,False,False,False,False,False,False,True,False,True,False
global,641.0,39JRmdKFka1Oe09FoOCPI4,21893363,Selah,Kanye West,https://open.spotify.com/track/39JRmdKFka1Oe09FoOCPI4,1.5155605186987973,0.11143093526633341,-0.03689111361711035,-0.15958411328852393,1.071572651260844,0.2898038364398179,0.5884002765521437,-1.5508841868036694,-1.043814877159993,164620,5K4W6rqBFWDnAN6FQUkS6x,94,10995470,https://i.scdn.co/image/bd1c6fdf3705cf9b7d0c8ac8e7bbed98e31a1559,False,False,False,False,False,False,False,False,False,True,False,False,True,False,False
global,642.0,14rWuS6yllHOdfZ8sZsZUj,21830592,Feel Special,TWICE,https://open.spotify.com/track/14rWuS6yllHOdfZ8sZsZUj,-0.8877043810220276,0.2045826244310742,1.9428198390868807,-0.14770691638338249,-0.4951471257255959,1.8507940605178244,-0.6115184318521714,0.7092802907676776,0.22246936257295336,206868,7n2Ycct7Beij7Dj7meI4X0,83,4498433,https://i.scdn.co/image/6b7377383979d8d8985786c1489503b356a55146,True,True,False,False,False,False,False,False,False,False,False,False,False,True,False
global,643.0,7vGuf3Y35N4wmASOKLUVVU,21813214,Silence,Marshmello,https://open.spotify.com/track/7vGuf3Y35N4wmASOKLUVVU,-0.00642939997765646,-1.052965179292925,0.7933102536458538,-0.1695190802276689,-0.03175113534932488,1.2190504396057746,-0.39207463002255993,-0.9154965826671463,0.6451824914611098,180823,64KEffDW9EtZ1y2vBYgq8T,90,20341696,https://i.scdn.co/image/eb88f6dde0844337248826abb86c6e0b0ef05973,True,False,False,False,True,False,False,False,False,False,False,False,False,True,False
global,644.0,7oK9VyNzrYvRFo7nQEYkWN,21633715,Mr. Brightside,The Killers,https://open.spotify.com/track/7oK9VyNzrYvRFo7nQEYkWN,-0.9989925952802369,-2.1441706809370307,1.7396237002462955,-0.16957677944084176,-0.581206381081189,0.9860184426102807,-0.43157451435189,-1.1605746585483767,0.8419582519521625,222587,0C0XlULifJtAgn6ZNCW2eu,82,5086937,https://i.scdn.co/image/a841f0ee4f2d88c42f55f76c2cc6b588841f5d2f,True,True,False,False,False,False,False,False,False,False,False,False,False,True,False
global,645.0,5EKHbW7mXcAR4hCyS3YXjb,21481126,Atrasadinha - Ao Vivo,Felipe Araújo,https://open.spotify.com/track/5EKHbW7mXcAR4hCyS3YXjb,0.9355694755203021,-0.014989214314385498,1.2751753828963852,-0.16957677944084176,5.087671234521858,1.109917989699075,-0.18404190588808836,1.036051058609318,1.2309532716989475,172767,47uyFQHOD02S0lj9ptRpoB,77,2674269,https://i.scdn.co/image/e855010882e5f141198779b2df15dec7da0d35dc,True,False,False,False,False,False,False,True,False,False,False,False,False,True,False
global,646.0,1DcxnVNFAyVl2sDQ646pXS,21480836,PPP,Kevin Roldan,https://open.spotify.com/track/1DcxnVNFAyVl2sDQ646pXS,0.4100742350565648,0.7169169148371486,0.1488882133228538,-0.1686263710303128,-0.384814747064579,-0.13015800049487425,-0.18404190588808836,1.01789712706256,-0.9494627551514648,129040,1RBzGO6Nm3uyhUSxP7EDWO,76,2831405,https://i.scdn.co/image/ed56890749e61820fa97d8c9dbf3acc15fb6ae83,True,False,False,False,True,False,False,False,False,False,False,False,False,True,False
global,647.0,4Tvw0lweq9l2JPQKFbpbBQ,21389971,Better When You're Gone,David Guetta,https://open.spotify.com/track/4Tvw0lweq9l2JPQKFbpbBQ,-0.755746687305578,-0.20794628472706286,0.9907007885195658,-0.16957677944084176,0.10064771904389529,1.055171678194724,-0.8142845047427322,-0.3572631876043437,0.19021584311436365,192402,1Cs0zKBU1kc0i8ypK3B9ai,90,20802505,https://i.scdn.co/image/3a8476a71714e7718a41a1157c40f93abb8cc750,False,True,False,False,False,False,False,False,False,False,False,False,False,True,False
global,648.0,3TKpJrY9q49Mj1JOsM9zGL,21335599,Family,The Chainsmokers,https://open.spotify.com/track/3TKpJrY9q49Mj1JOsM9zGL,0.6553053472729755,-0.6271288859683964,-0.10075275725272304,-0.16957677944084176,-0.5392800771900026,-0.04587749462633401,-0.8283289080598273,-0.5161100886384744,-0.14094415738124744,194827,69GGBxA162lTqCwzJG5jLp,91,15139114,https://i.scdn.co/image/960547a625bc2eb742bb3dd170cbc049d2e94cf9,True,False,False,False,False,False,False,False,False,False,False,True,False,True,False
global,649.0,4LIbjDbLweGCrHVw8QbMSb,21065042,Allergic,Post Malone,https://open.spotify.com/track/4LIbjDbLweGCrHVw8QbMSb,-0.40347024832803574,-0.08817982722953897,0.6771981743083763,-0.16922546568321664,1.255459949029205,1.002586405302387,-0.45000779370557725,0.3734325571526579,0.742724164334362,156893,246dkjvS1zLTtiykXe5h60,100,21335421,https://i.scdn.co/image/93fec27f9aac86526b9010e882037afbda4e3d5f,True,False,False,False,False,False,False,False,False,False,False,False,False,True,False
global,650.0,4R9ATNRRl1uth17i5qDCc0,21028212,I.F.L.Y.,Bazzi,https://open.spotify.com/track/4R9ATNRRl1uth17i5qDCc0,0.4723551524448597,0.8899129090002387,-0.6116459063376238,-0.16957677944084176,-0.3259708117787033,0.5959509731417802,-0.8028734270475923,0.3008168309656271,-0.5595889815950107,165714,4GvEc3ANtPPjt1ZJllr5Zl,86,2722028,https://i.scdn.co/image/45509320e642ccb504b927598857768df0468dc6,True,False,True,False,False,False,False,False,False,False,False,False,False,True,False
global,651.0,6K4t31amVTZDgR3sKmwUJJ,21017108,The Less I Know The Better,Tame Impala,https://open.spotify.com/track/6K4t31amVTZDgR3sKmwUJJ,-0.9581596688175361,-0.25452212930943324,0.6713925703415023,-0.09070567756340883,-0.05381761108152828,0.8624790686234888,-0.8915287229867552,1.3492063777908903,-0.17147271565789404,216320,5INjqkS1o8h1imAzPqGZBb,84,3187891,https://i.scdn.co/image/a7cb9fc6df8b68fdb071156add87284c3c941a04,True,False,False,False,True,False,False,False,False,False,False,False,False,True,False
global,652.0,4pCEIQ6wBVuaJdER5bALtO,20982159,That's a Rack,Lil Uzi Vert,https://open.spotify.com/track/4pCEIQ6wBVuaJdER5bALtO,-0.7697598937179444,1.1560605923280687,-1.116733451455651,-0.16957677944084176,-0.20828294120695204,-0.5627258959996466,3.2568369068002174,-1.0425741034944507,0.582400413725873,236571,4O15NlyKLIASxsJ0PrXPfz,92,7585654,https://i.scdn.co/image/a6dd2fabeba127e6eea02bd234545de91c44e604,False,True,False,False,False,False,False,False,False,False,False,False,False,True,False
global,653.0,2WsuSYJNXGKXVYkHPnq2yp,20961236,Ransom (with Juice WRLD) - Remix,Lil Tecca,https://open.spotify.com/track/2WsuSYJNXGKXVYkHPnq2yp,-0.9566026458828288,0.03824032235118067,0.2708058966272053,-0.16957677944084176,-0.7165474322387031,0.019313836836083897,1.395953467285113,-0.17118538925007606,1.8824678554749805,171253,4Ga1P7PMIsmqEZqhYZQgDo,88,1508291,https://i.scdn.co/image/87b4d40e2c756869e2264ce9b5899956f8011405,False,False,True,False,False,False,False,False,False,False,False,False,False,True,False
global,654.0,7rvyVWja33WG9R97oeJAjx,20892603,Envy Me,Calboy,https://open.spotify.com/track/7rvyVWja33WG9R97oeJAjx,-0.09206566138656175,0.4108470790101431,-0.7916196293107141,-0.16957677944084176,0.49048879031282155,-0.42730080964677875,1.2291761778946089,0.43697131756631025,0.8753183502821873,120133,0HkcYmcjrBR3SCw9Ld5VZk,74,330925,https://i.scdn.co/image/5a39e17edf447d3393bc091fc00225492745cce3,False,True,False,False,False,False,False,False,False,False,False,False,False,True,False
global,655.0,12iDo4Kdw9vA2X1lN3UTVu,20884227,Focus (feat. 21 Savage),Bazzi,https://open.spotify.com/track/12iDo4Kdw9vA2X1lN3UTVu,-0.9759097302732002,0.4906913840084924,0.4565852235671688,-0.16957677944084176,-0.23034941693915545,0.43567394275075305,-0.29025270597362024,0.2282011047785958,-1.4687086173536241,155134,4GvEc3ANtPPjt1ZJllr5Zl,86,2722028,https://i.scdn.co/image/45509320e642ccb504b927598857768df0468dc6,True,True,False,False,False,False,False,False,False,False,False,False,False,True,False
global,656.0,4AjWbAwRpxk2worpjNH5CS,20643988,Quizás,Rich Music LTD,https://open.spotify.com/track/4AjWbAwRpxk2worpjNH5CS,-0.9024960989017478,0.32434908192859807,1.1068128678570428,-0.16957677944084176,0.4169338712054771,1.44920105178525,0.20217918533202758,0.8590502260284296,1.7551461923851692,216067,2kqUKsTuEj1lPbm6BSn1AU,84,28778,https://i.scdn.co/image/7eff816abb6777c0d9efdd9b9aba473407bb28f5,True,False,False,True,False,False,False,False,False,False,False,False,False,True,False
global,657.0,3H9GDhVVTlmFQSmpt51qiP,20617670,Solo Pienso En Ti (feat. De La Ghetto & Justin Quiles),Paulo Londra,https://open.spotify.com/track/3H9GDhVVTlmFQSmpt51qiP,-0.6058832298399939,1.2092901289936349,0.4217515997659255,-0.16957677944084176,-0.112661546367404,0.6305275909340019,-0.51057428301055,0.44604828333968916,0.25485306778112377,268794,3vQ0GE3mI0dAaxIMYe5g7z,86,9006523,https://i.scdn.co/image/cff7f6bb72fd3d318a98557b3891cae1b438c695,True,True,False,False,False,False,False,False,False,False,False,False,False,True,False
global,658.0,214nt20w5wOxJnY462klLw,20560966,Miss Americana & The Heartbreak Prince,Taylor Swift,https://open.spotify.com/track/214nt20w5wOxJnY462klLw,-0.8939324727608572,-0.10814090347912629,0.7120317981096195,-0.09803440826883401,-0.26712687649282757,-0.16149306036907501,-0.49477432927881804,-0.003261522442566443,0.9093619237975097,234147,06HL4z0CvFAxyc27GXpf02,95,25846444,https://i.scdn.co/image/62b33d12e2b9a033cf77585f6e3d4b2c6b3a63a1,False,False,False,False,False,False,False,False,False,False,False,True,False,True,False
global,659.0,6sBWmE23q6xQHlnEZ8jYPT,20465666,Step Into Christmas,Elton John,https://open.spotify.com/track/6sBWmE23q6xQHlnEZ8jYPT,-0.6058832298399939,-1.0130430267937505,1.7454293042131694,-0.1694732465784953,0.9612402725998269,0.32185924251802356,-0.8221844816085981,1.5035147959383313,0.5910577660729817,272394,3PhoLpVuITZKcymswpck5b,87,4361424,https://i.scdn.co/image/f50ae3e5cf3637c5f486b6205468c245644be36e,True,False,True,False,False,False,False,False,False,False,False,False,False,True,False
global,660.0,3GVkPk8mqxz0itaAriG1L7,20455258,Everybody Dies In Their Nightmares,XXXTENTACION,https://open.spotify.com/track/3GVkPk8mqxz0itaAriG1L7,2.294071986052482,0.3709249265109685,-0.3155601040270566,-0.16932783525497494,-0.45836966617192354,-0.21191729464939812,0.026624143868338595,0.9135120206687026,0.25403940684624493,95467,15UsOTVnJzReFVN1VCnxy4,95,17294420,https://i.scdn.co/image/942afa81f0a2298ead0c154fb7b4b606de48d9e6,False,False,False,False,False,False,False,True,False,False,False,False,False,True,False
global,661.0,6piAUJJQFD8oHDUr0b7l7q,20410151,VALENTINO,24kGoldn,https://open.spotify.com/track/6piAUJJQFD8oHDUr0b7l7q,-0.2283051681734566,0.4574229235925135,0.5378636791034032,-0.16957677944084176,-0.31125982795723434,0.5894678573057387,0.43040073923482336,0.16012386147825397,0.9379051493930531,179133,6fWVd57NKTalqvmjRd2t8Z,77,55258,https://i.scdn.co/image/24b280806e83e76cfef4fa15f56a30d89e0c533e,False,False,False,False,False,False,False,False,False,True,False,False,False,True,False
global,662.0,4hDoWaIklSVAKLocU3IDBr,20316233,I'm Gonna Be,Post Malone,https://open.spotify.com/track/4hDoWaIklSVAKLocU3IDBr,1.7335437295578289,0.45076923150931775,-0.3794217476626686,-0.16957677944084176,-0.1935719573854831,0.889492051273662,-0.863439916352565,-0.5433409859586111,-0.1368433062694589,200680,246dkjvS1zLTtiykXe5h60,100,21335421,https://i.scdn.co/image/93fec27f9aac86526b9010e882037afbda4e3d5f,True,False,False,False,False,True,False,False,False,False,False,False,False,True,False
global,663.0,2YWtcWi3a83pdEg3Gif4Pd,20293823,I Think He Knows,Taylor Swift,https://open.spotify.com/track/2YWtcWi3a83pdEg3Gif4Pd,-0.9683192434665017,1.4554767360718783,-1.4999033132693267,-0.16547036366462733,-0.7562670885566692,-0.5587639918776215,-0.6413627889009983,-0.32549380739751754,-0.7207263931383784,173387,06HL4z0CvFAxyc27GXpf02,95,25846444,https://i.scdn.co/image/62b33d12e2b9a033cf77585f6e3d4b2c6b3a63a1,True,False,False,False,False,False,False,False,False,False,False,False,False,True,False
global,664.0,24bnCCysWnbNRNUT4LpHcP,20048663,Everything We Need,Kanye West,https://open.spotify.com/track/24bnCCysWnbNRNUT4LpHcP,0.21155381088137526,1.4355156598222911,-1.2096231149256331,-0.16957677944084176,-0.20828294120695204,-0.12439523086283731,-0.6685738203278702,-0.11218511172311313,-0.16883645422888757,116560,5K4W6rqBFWDnAN6FQUkS6x,94,10995470,https://i.scdn.co/image/bd1c6fdf3705cf9b7d0c8ac8e7bbed98e31a1559,False,False,False,False,False,False,False,False,False,True,False,False,False,True,False
global,665.0,2leIuE4fdcJoNMSKu5Yr7a,19991063,Staring At The Sun (feat. SZA),Post Malone,https://open.spotify.com/track/2leIuE4fdcJoNMSKu5Yr7a,-0.03756985867180388,0.30438800567901075,0.8571718972814665,-0.16957677944084176,0.9833067483320302,0.7522660994107823,0.4742894996007456,-0.6386491265790898,-0.8811477830590532,168280,246dkjvS1zLTtiykXe5h60,100,21335421,https://i.scdn.co/image/93fec27f9aac86526b9010e882037afbda4e3d5f,False,False,False,False,False,False,True,False,False,False,False,False,False,True,False
global,666.0,2xyx0o4xNOLLjBSbOOdcbA,19857643,Playing Games (with Bryson Tiller) - Extended Version,Summer Walker,https://open.spotify.com/track/2xyx0o4xNOLLjBSbOOdcbA,1.3442879958809866,0.3176953898454023,-1.2560679466606242,-0.16957677944084176,0.37280091974107027,-0.04623766772833612,-0.6018629045716682,-0.13033904326987095,-0.2027498419946293,143227,57LYzLEk2LcFghVwuWbcuS,85,821531,https://i.scdn.co/image/a38579606746ef34c38c349f4cdb250784f3aee8,False,False,False,False,False,False,False,False,False,False,False,True,False,True,False
global,667.0,35RDmXJ59YYGNlv1KfTGsP,19763528,Power is Power,SZA,https://open.spotify.com/track/35RDmXJ59YYGNlv1KfTGsP,-0.9868478163895194,-1.13946317637447,0.11405458952161053,-0.16957677944084176,0.3139569844551946,-0.3628298243883657,-0.5781629739740703,-1.4328836317497438,1.8800594191077402,211267,7tYKF4w9nC0nq9CsPZTHyP,84,3024407,https://i.scdn.co/image/e1e46c441024525643a19402b3a12188de219420,True,False,False,False,True,False,False,False,False,False,False,False,False,True,False
global,668.0,7uzmGiiJyRfuViKKK3lVmR,19419211,Mine,Bazzi,https://open.spotify.com/track/7uzmGiiJyRfuViKKK3lVmR,-0.9402539050684013,0.21123631651426997,0.9558671647183224,-0.16954455629154966,2.0351420915670584,0.9377552469419713,-0.5070631821812762,1.0405895414960074,0.6763619784856597,131064,4GvEc3ANtPPjt1ZJllr5Zl,86,2722028,https://i.scdn.co/image/45509320e642ccb504b927598857768df0468dc6,True,False,False,False,True,False,False,False,False,False,False,False,False,True,False
global,669.0,7pMRoGLEJuFM2wl5pt0R99,19410192,Legacy (feat. Travis Scott & 21 Savage),Offset,https://open.spotify.com/track/7pMRoGLEJuFM2wl5pt0R99,-0.3100488722455936,1.1028310556625025,-0.646479530138867,-0.16957677944084176,-0.6606456937171211,-0.8252920873593301,1.7997300626515984,-0.6522645752391582,0.19324266179211236,244941,4DdkRBBYG6Yk9Ka8tdJ9BW,89,1389641,https://i.scdn.co/image/d718d632faa01221dd271f4e60a421596718fda0,True,True,False,False,False,False,False,False,False,False,False,False,False,True,False
global,670.0,3pHkh7d0lzM2AldUtz2x37,19396190,The Archer,Taylor Swift,https://open.spotify.com/track/3pHkh7d0lzM2AldUtz2x37,-0.5358171977781622,-2.5700069742615597,-0.29233768815956107,-0.10338554497438256,-0.7945156464924884,-1.043556987172729,-0.7888290237304972,-1.4601145290698803,0.07148643949687064,211240,06HL4z0CvFAxyc27GXpf02,95,25846444,https://i.scdn.co/image/62b33d12e2b9a033cf77585f6e3d4b2c6b3a63a1,True,False,False,False,False,False,False,False,False,False,False,False,False,True,False
global,671.0,12M5uqx0ZuwkpLp5rJim1a,19154120,Cornelia Street,Taylor Swift,https://open.spotify.com/track/12M5uqx0ZuwkpLp5rJim1a,2.0371632018257664,0.9697572139985872,-0.002057489815867073,-0.1673781602292142,-0.5466355691007371,-1.170698092179544,-0.41489678541283953,-1.0879589323613454,-0.6553406004115301,287267,06HL4z0CvFAxyc27GXpf02,95,25846444,https://i.scdn.co/image/62b33d12e2b9a033cf77585f6e3d4b2c6b3a63a1,True,False,False,False,False,False,False,False,False,False,False,False,False,True,False
global,672.0,5sdQ7VUx6GOfsRoSxnK1YG,19127787,110,Capital Bra,https://open.spotify.com/track/5sdQ7VUx6GOfsRoSxnK1YG,1.071808982307197,-1.3191128626207558,0.7236430060433673,-0.16957677944084176,-0.5488422166739575,0.51167046727324,2.6511720137504904,-0.3118783587374492,1.8521671222601002,194534,4WZGDpNwrC0vNQyl9QzF7d,86,2984316,https://i.scdn.co/image/d03852fe340cb703676ef25a2e66368c788c4b95,False,True,False,False,False,False,False,False,False,False,False,False,False,True,False
global,673.0,4rMWDm28mERZcRPc1f3yir,19124012,Santa Claus Is Coming To Town,The Jackson 5,https://open.spotify.com/track/4rMWDm28mERZcRPc1f3yir,0.07531430409448052,0.11808462734952918,-0.35039372782829986,-0.16547036366462733,-0.3039043360464999,-1.5578841768320264,-0.8151622799500506,2.0163633621342396,0.7993875118393117,148160,2iE18Oxc8YSumAU232n4rW,79,882142,https://i.scdn.co/image/19f768d93f6c80f7d4ca5b906e1c0376a3704389,True,False,False,False,False,False,False,False,False,False,False,False,False,True,False
global,674.0,4fzyvSu73BhGvi96p2zwjL,18996878,Christmas Lights,Coldplay,https://open.spotify.com/track/4fzyvSu73BhGvi96p2zwjL,-0.49299906707370944,-2.436933132597644,-1.1980119069918853,-0.16167803634721684,-0.6672656364367823,-0.9610773468142008,-0.880995420498934,-1.1378822441149294,0.2814435071329574,242496,4gzpq5DPGxSnKTe4SA8HAU,92,24034836,https://i.scdn.co/image/c942640d486338e4ae144a497f0cfd3f35ceb7af,True,False,False,False,False,False,False,True,False,False,False,False,False,True,False
global,675.0,1OjmlSFuzYflWjSMTCyTJv,18982019,Like It's Christmas,Jonas Brothers,https://open.spotify.com/track/1OjmlSFuzYflWjSMTCyTJv,-0.9316902789275108,0.3110416977622065,-0.3097545000601827,-0.16957677944084176,-0.9004347300070645,0.1695060203710469,-0.2454861704003796,0.5549718726202361,0.777451213034983,200880,7gOdHgIoIKoe4i9Tta6qdD,87,3492262,https://i.scdn.co/image/a6607686d8bb0913324c84360ee921e94c5aadf3,True,True,False,False,False,False,False,False,False,False,False,False,False,True,False
global,676.0,1LLXZFeAHK9R4xUramtUKw,18851220,London Boy,Taylor Swift,https://open.spotify.com/track/1LLXZFeAHK9R4xUramtUKw,-0.9071671677058697,0.11143093526633341,0.497224451335286,-0.16836695722915251,-0.3039043360464999,-0.05812338009441244,-0.7019292782059711,0.3144322796256955,1.1644283536632696,190240,06HL4z0CvFAxyc27GXpf02,95,25846444,https://i.scdn.co/image/62b33d12e2b9a033cf77585f6e3d4b2c6b3a63a1,True,True,False,False,False,False,False,False,False,False,False,False,False,True,False
global,677.0,5hnbE5BF2e8BCk9OMR1UVC,18801822,Mikrokosmos,BTS,https://open.spotify.com/track/5hnbE5BF2e8BCk9OMR1UVC,-0.51635441109432,-0.6537436543011795,1.3564538384326195,-0.16957677944084176,-0.9129390662553132,0.45584363646288234,-0.14015314552216607,-0.05772331708283991,1.6888816458486517,224225,3Nrfpe0tUJi4K4DXYWgMUX,93,15652748,https://i.scdn.co/image/0c9057cb30520f9f883a220051260fc66a2f3ffa,True,False,False,False,False,False,False,False,True,False,False,False,True,False,False
global,678.0,643PW82aBMUa1FiWi5VQY7,18785599,Babushka Boi,A$AP Rocky,https://open.spotify.com/track/643PW82aBMUa1FiWi5VQY7,0.18041335218722784,1.4554767360718783,0.688809382242124,-0.1690602784196975,-0.27448236840356205,0.3715631305943421,0.807844078381755,1.8938243241936246,0.4176178011942492,187105,13ubrt8QOOCPljQ2FL1Kca,88,6374178,https://i.scdn.co/image/cce607c4d975ae49d68b484eaef51a6413fa73b1,False,False,False,False,False,False,False,False,False,False,True,False,False,True,False
global,679.0,4c1WgUnHXq2LEncGHKgj1I,18648089,Dream Glow (BTS World Original Soundtrack) - Pt. 1,BTS,https://open.spotify.com/track/4c1WgUnHXq2LEncGHKgj1I,-0.6265137837248664,0.37757861859416425,0.6713925703415023,-0.16957677944084176,-0.5392800771900026,0.9510816517160567,-0.6852515492669207,0.24181655343866415,0.6444339234010216,187458,3Nrfpe0tUJi4K4DXYWgMUX,93,15652748,https://i.scdn.co/image/0c9057cb30520f9f883a220051260fc66a2f3ffa,False,False,False,False,False,False,False,False,False,False,False,False,False,True,False
global,680.0,6dNB3XdAzx7kTf5wa8Rg89,18590676,Wieso tust Du dir das an?,Apache 207,https://open.spotify.com/track/6dNB3XdAzx7kTf5wa8Rg89,0.14148777881954355,1.1826753606608518,-0.8554812729463268,4.320724890867288,-0.3921702389753135,-0.17445929204115798,-0.6580405178400489,-0.1258005603831815,0.38451807436338487,176067,1qQLhymHXFPtP5U8KNKsm6,86,459884,https://i.scdn.co/image/fc9cc19386528672abb07589b53b7b92db397042,False,False,False,False,False,False,True,False,False,False,False,False,False,True,False
global,681.0,507tQXutCPYNFkpOq8tmKF,18487210,Don't Worry Bout Me,Zara Larsson,https://open.spotify.com/track/507tQXutCPYNFkpOq8tmKF,-0.6926872584499296,0.4906913840084924,0.4740020354677904,-0.16082883421785807,-0.3333263036894378,0.07333980213643033,-0.5825518500106626,-0.7158033356528102,0.09417130636128751,208812,1Xylc3o4UrD53lo9CvFvVg,84,6527316,https://i.scdn.co/image/239ab578b400c47a455df2bb945ac81c180db2bc,True,False,False,False,False,True,False,False,False,False,False,False,False,True,False
global,682.0,6KUE0HSSudAp9AOycaF6SH,18423901,Make It Right,BTS,https://open.spotify.com/track/6KUE0HSSudAp9AOycaF6SH,-0.9624414818879814,-0.2678295134758248,0.4565852235671688,-0.16957677944084176,-0.31125982795723434,-0.5029371610672636,2.7565050386287036,-1.0289586548343823,-0.5331612744301517,226321,3Nrfpe0tUJi4K4DXYWgMUX,93,15652748,https://i.scdn.co/image/0c9057cb30520f9f883a220051260fc66a2f3ffa,True,False,False,False,False,False,False,True,False,False,False,False,False,True,False
global,683.0,6VSaNvPPagk4U5Skxp6XfV,18400088,Au DD,PNL,https://open.spotify.com/track/6VSaNvPPagk4U5Skxp6XfV,0.13759522148277514,0.6570336860883866,0.4275572037327994,-0.16930689602438803,-0.614306094679494,-0.44242807993087596,-0.5228631359130083,-1.6734232247442846,-0.07109950273126407,247161,3NH8t45zOTqzlZgBvZRjvB,80,2607096,https://i.scdn.co/image/5183e0a003fb8679a63fbdac311df70c79bc9851,False,False,False,False,False,False,True,False,False,False,False,False,False,True,False
global,684.0,0oPOuDmmkVp3h6puekhs6P,18230812,Use This Gospel,Kanye West,https://open.spotify.com/track/0oPOuDmmkVp3h6puekhs6P,1.3871061265854392,-0.44747919972211064,-0.9599821443500562,-0.16957677944084176,-0.35539277942164116,0.9190262456378513,-0.7703957443768099,-1.4101912173162965,0.850517964987086,213878,5K4W6rqBFWDnAN6FQUkS6x,94,10995470,https://i.scdn.co/image/bd1c6fdf3705cf9b7d0c8ac8e7bbed98e31a1559,False,False,False,False,False,False,False,False,False,False,False,False,False,True,False
global,685.0,15xWRPHQMeqgdkGzInx3PY,18126954,Falling Like The Stars,James Arthur,https://open.spotify.com/track/15xWRPHQMeqgdkGzInx3PY,2.20065060997004,-2.5433922059287766,-1.586987372772435,-0.16955933008201932,-0.4730806499933925,-1.1022652027991056,-0.8327177840964196,-1.3511909397893336,1.8046493236631866,212720,4IWBUUAFIplrNtaOHcJPRM,87,5297706,https://i.scdn.co/image/dd8ceb41c23ec3352cfc19df178e7f243d6182e4,True,False,False,False,False,False,True,False,False,False,False,False,True,False,False
global,686.0,1M4qEo4HE3PRaCOM7EXNJq,18000746,Adore You,Harry Styles,https://open.spotify.com/track/1M4qEo4HE3PRaCOM7EXNJq,-0.9106704693089613,-0.014989214314385498,0.8513662933145926,-0.16949534909967037,-0.5319245852792682,1.0094296942404308,-0.7168514567303846,0.36889407426596843,-0.7518082408507428,207133,6KImCVD70vtIoJWnq6nGn3,95,5911371,https://i.scdn.co/image/b2163e7456f3d618a0e2a4e32bc892d6b11ce673,True,False,False,False,False,False,False,False,True,False,False,False,False,True,False
global,687.0,2bPtwnrpFNEe8N7Q85kLHw,17983282,Combatchy (feat. MC Rebecca),Anitta,https://open.spotify.com/track/2bPtwnrpFNEe8N7Q85kLHw,0.4879253817919334,0.9830645981649787,0.6133365306727635,-0.16522607264111316,-1.137281569532714,1.2410209988279153,-0.4306967391445715,0.5322794581867888,0.9108590599176862,157600,7FNnA9vBm6EKceENgCGRMb,89,8588071,https://i.scdn.co/image/7cabfa639a2b6734f8f9df2f42e7d7a9187682bc,True,True,False,False,False,False,False,False,False,False,False,False,False,True,False
global,688.0,0n2nEtLP3OzDdi12ziIekx,17980462,SOS,Avicii,https://open.spotify.com/track/0n2nEtLP3OzDdi12ziIekx,0.05585151741063838,0.823375988168281,0.11986019348848441,-0.16957677944084176,-0.4068812227967824,0.10683590062264504,-0.5132076086325055,-0.5070331228650955,-0.7207914860131686,157202,1vCWHaC5f2uS3yhpwWbIA6,89,16559762,https://i.scdn.co/image/81b19a403109c4fe528ee3972137127b85be9519,False,False,False,False,False,True,False,False,False,False,False,False,False,True,False
global,689.0,11o2y87vqODipLK98a1v34,17961130,All Day And Night - Jax Jones & Martin Solveig Present Europa,Jax Jones,https://open.spotify.com/track/11o2y87vqODipLK98a1v34,0.044173845400333096,-0.6204751938852007,0.9152279369502053,-0.16957677944084176,-0.1347280220996074,0.8559959527874473,-0.3534525209005483,0.15104689570487506,-0.007796681997704822,169303,4Q6nIcaBED8qUel8bBx6Cr,81,662652,https://i.scdn.co/image/b09786939d10dc3240d760e7f4023b33ca1c9902,False,True,False,False,False,False,False,False,False,False,False,False,False,True,False
global,690.0,0bzbvANY6oETSJLc0wlVGY,17929666,Lover,Taylor Swift,https://open.spotify.com/track/0bzbvANY6oETSJLc0wlVGY,0.9122141314996915,-2.1242096046874432,-0.4723114111326507,-0.16939297952791205,-0.4142367147075169,-0.39776661528258944,-0.33414146633954256,-0.15756994059000767,-1.7449302315262283,221307,06HL4z0CvFAxyc27GXpf02,95,25846444,https://i.scdn.co/image/62b33d12e2b9a033cf77585f6e3d4b2c6b3a63a1,True,False,False,False,False,False,False,True,False,False,False,False,False,True,False
global,691.0,6cFZ4PLC19taNlpl9pbGMf,17876457,Somebody To Love - 2011 Mix,Queen,https://open.spotify.com/track/6cFZ4PLC19taNlpl9pbGMf,-0.26333818420437244,-1.2060000972064278,0.39852918389843,-0.16957677944084176,0.29924600063372564,-0.19679002436530124,-0.6448738897302723,-0.5887258148255057,-0.3452706913479739,296493,1dfeR4HaWDbWqFHLkxsg1d,93,22898929,https://i.scdn.co/image/b040846ceba13c3e9c125d68389491094e7f2982,True,False,False,False,False,False,False,False,True,False,False,False,True,False,False
global,692.0,4IO8X9W69dIQe0EC5ALXhq,17805139,Immortal,21 Savage,https://open.spotify.com/track/4IO8X9W69dIQe0EC5ALXhq,-0.9712775870424457,0.4175007710933389,1.4261210860351061,-0.16957677944084176,-0.44365868235045464,1.0746210257028486,3.2743924109465863,0.7955114656147773,2.0193907175963597,254723,1URnnhqYAYcrqrcwql10ft,90,7271390,https://i.scdn.co/image/cfd6e47fbe4446750ec209dfa37bc919cb55c86f,False,False,False,False,False,False,True,False,False,False,False,False,False,True,False
global,693.0,1pfgsjmxVZhoZpeDx6POKv,17583158,Bones (feat. OneRepublic),Galantis,https://open.spotify.com/track/1pfgsjmxVZhoZpeDx6POKv,-0.9849015377211351,-0.13475567181190937,1.0429512242214307,-0.16957677944084176,0.027092799936550633,0.26747310411567465,-0.80989562870614,0.09204661817791213,-0.0683656019900717,205793,4sTQVOfp9vEMCemLw50sbu,80,2850550,https://i.scdn.co/image/5f57c69e2c34edb9847af7ada2e67449d1754df1,True,False,False,False,False,False,False,False,False,False,False,False,False,True,False
global,694.0,3GCdLUSnKSMJhs4Tj6CV3s,17550201,All The Stars (with SZA),Kendrick Lamar,https://open.spotify.com/track/3GCdLUSnKSMJhs4Tj6CV3s,-0.7674243593158834,0.13139201151592073,0.05019294588599785,-0.16731999569980607,-0.6010662092401721,0.5516496815954965,-0.6167850830960819,0.29173986519224815,-0.8209368738780328,232187,2YZyLoL8N0Wb9xBt1NhZWg,91,13824880,https://i.scdn.co/image/3a836196bfb341f736c7fe2704fb75de53f8dfbb,True,False,False,False,False,False,False,False,True,False,False,False,False,True,False
global,695.0,2ijef6ni2amuunRoKTlgww,17529449,Sin Pijama,Becky G,https://open.spotify.com/track/2ijef6ni2amuunRoKTlgww,0.375041219025649,0.7501853752531275,0.7004205901758718,-0.16923593529851008,-0.5172136014577993,1.0022262322003848,-0.7335291856694351,1.5080532788250207,-0.915647006697908,188560,4obzFoKoKRHIphyHzJ35G3,87,7196194,https://i.scdn.co/image/2eed78b05a0585b67e92dd3564e77bae29fe1448,False,False,False,False,False,False,False,False,False,False,False,True,False,True,False
global,696.0,3wwo0bJvDSorOpNfzEkfXx,17450263,Let Me Know (I Wonder Why Freestyle),Juice WRLD,https://open.spotify.com/track/3wwo0bJvDSorOpNfzEkfXx,-0.33340421626620415,-0.2877905897254121,-0.507145034933894,-0.16957677944084176,1.7924108585128207,-0.510500796209312,-0.4105079093762473,-0.4752637426582693,0.0937482026751509,215381,4MCBfE4596Uoi2O4DtmEMz,98,7403812,https://i.scdn.co/image/d8e62447a338a882b490460da20e90aac6d60ae7,False,False,False,False,False,False,False,True,False,False,False,False,False,True,False
global,697.0,60iSKGrGazRzICtMjADNSM,17433257,Hold Me While You Wait,Lewis Capaldi,https://open.spotify.com/track/60iSKGrGazRzICtMjADNSM,0.7214788219980388,0.06485509068396302,-0.5477842627020111,-0.16957677944084176,-0.5503133150561043,0.3495925713722013,-0.8485177378281515,-1.478268460616638,-0.4943659210551379,205687,4GNC7GD6oZMSxPGyXy4MNB,92,2143489,https://i.scdn.co/image/5ed13d249e562fea4e296aaeb745ce06d27ec88f,True,False,False,False,False,False,False,False,False,False,False,True,False,True,False
global,698.0,24Yi9hE78yPEbZ4kxyoXAI,17427506,Roses - Imanbek Remix,SAINt JHN,https://open.spotify.com/track/24Yi9hE78yPEbZ4kxyoXAI,-0.9379183706663403,0.6104578415060162,0.5785029068715203,-0.04743126768375534,1.3143038843150807,0.3578765527182543,-0.7063181542425634,1.8620549439867984,-0.005648617129625104,176840,0H39MdGGX6dbnnQPt6NQkZ,81,220136,https://i.scdn.co/image/8558ff0c9f672450134e2082134c0f2042e1a0bb,True,False,False,False,False,False,False,False,True,False,False,False,False,True,False
global,699.0,6dPyzkyZwoj9LqjQXOFdVv,17160465,Press,Cardi B,https://open.spotify.com/track/6dPyzkyZwoj9LqjQXOFdVv,-0.8900399154240888,1.3955935073231165,-0.5768122825363805,-0.16951070453543413,-0.27448236840356205,0.2926852212558364,1.5363975004560646,-1.1106513467947927,0.38520154954868346,143792,4kYSro6naA4h99UJvo89HB,92,10412486,https://i.scdn.co/image/85145039b32b56e911bd2ad39f28f96277aea9f3,True,True,False,False,False,False,False,False,False,False,False,False,False,True,False
global,700.0,4E6RdcCWMiHTu7zy1VTNDo,17128250,Todo Mundo Vai Sofrer - Ao Vivo,Marília Mendonça,https://open.spotify.com/track/4E6RdcCWMiHTu7zy1VTNDo,0.09088453344155423,-0.3809422788901529,0.688809382242124,-0.16957677944084176,1.7409224151376794,0.9413569779619946,-0.4930187788641811,0.4233558689062419,-0.34803713852656154,154661,1yR65psqiazQpeM79CcGh8,90,12972222,https://i.scdn.co/image/1f399aa92438efbbaad112193271dd52603ab913,True,False,False,True,False,False,False,False,False,False,False,False,False,True,False
global,701.0,41MCdlvXOl62B7Kv86Bb1v,16961188,Empty,Juice WRLD,https://open.spotify.com/track/41MCdlvXOl62B7Kv86Bb1v,-0.7078682320633265,0.444115539426122,-0.36781053972892086,-0.16957677944084176,-0.3039043360464999,0.5793830104496742,-0.43245228955920845,-0.17572387213676552,-1.4512637269098259,248431,4MCBfE4596Uoi2O4DtmEMz,98,7403812,https://i.scdn.co/image/d8e62447a338a882b490460da20e90aac6d60ae7,True,False,False,False,False,False,False,False,False,False,False,False,False,True,False
global,702.0,1vG3YuKRYqPwTmNmYgqkpg,16912054,Liberdade Provisória,Henrique & Juliano,https://open.spotify.com/track/1vG3YuKRYqPwTmNmYgqkpg,1.4377093719634289,-0.06821875097995167,0.34627874819656573,-0.16957677944084176,5.506934273433722,0.1947181375112083,-0.6782293476083732,0.9634353324222866,-0.45596112492886537,187986,3p7PcrEHaaKLJnPUGOtRlT,84,9577443,https://i.scdn.co/image/f9e65e111cbb16276d2c27dcdd5b8759b23f6d10,True,True,False,False,False,False,False,False,False,False,False,False,False,True,False
global,703.0,2pnPe4pJtq7689i5ydzvJJ,16692795,Run Rudolph Run - Single Version,Chuck Berry,https://open.spotify.com/track/2pnPe4pJtq7689i5ydzvJJ,2.1578324792655876,0.018279246101593358,0.5262524711696553,-0.16946708113837802,-0.7106630387101155,-1.4880105950435782,-0.3402858927907716,2.1298254343014755,0.9758868418331885,165733,293zczrfYafIItmnmM3coR,75,1032792,https://i.scdn.co/image/d58323616d4f5d22b51e9dfe0ba53aedabe53cd4,False,False,False,False,False,False,False,True,False,False,False,False,False,True,False
global,704.0,5lwVd35Zg6DJ4qibVMq99H,16540923,Date La Vuelta,Luis Fonsi,https://open.spotify.com/track/5lwVd35Zg6DJ4qibVMq99H,-0.8133565358897508,0.4574229235925135,1.1648689075257814,-0.16957677944084176,-0.4951471257255959,1.287483328986213,-0.6439961145229538,1.7168234916127358,-0.915907378197069,219773,4V8Sr092TqfHkfAA5fXXqG,84,7880988,https://i.scdn.co/image/6004641991ca63396cccdd8553f9120d69ea58d0,True,False,False,False,False,False,True,False,False,False,False,False,False,True,False
global,705.0,2E82gORVSA7UMEz5M1IP3b,16540156,Punto G,KAROL G,https://open.spotify.com/track/2E82gORVSA7UMEz5M1IP3b,-0.9664118903714852,0.7501853752531275,0.7062261941427457,-0.16821572945269136,-0.36274827133237564,0.6344894950560274,-0.34467476882736386,1.8938243241936246,1.4270455570047025,183160,790FomKkXshlbRYZFtlgla,92,7947851,https://i.scdn.co/image/f67a7967874f13a1af7f3e90df067eea5199c1d9,True,False,False,False,False,False,True,False,False,False,False,False,False,True,False
global,706.0,0WdGQhoAP2LBsqr5Jhit2g,16537918,What Lovers Do,Maroon 5,https://open.spotify.com/track/0WdGQhoAP2LBsqr5Jhit2g,-0.6961905600530213,0.8034149119186936,-0.15880879692146183,-0.16951093719355176,-0.5466355691007371,0.4850176577250692,-0.6044962301936236,-0.3118783587374492,-0.39532711206170834,199849,04gDigrS5kc9YWfZHwBETP,94,21668307,https://i.scdn.co/image/608c7b23420c9556a7eabd9097f7e171a91d3871,False,False,False,False,False,True,False,False,False,False,False,False,False,True,False
global,707.0,2MShy1GSSgbmGUxADNIao5,16514370,Calling My Spirit,Kodak Black,https://open.spotify.com/track/2MShy1GSSgbmGUxADNIao5,-0.615225367448238,1.5419747331534235,-1.4999033132693267,-0.16957677944084176,0.6375986285275108,-1.2520972132320662,-0.3148304117785367,1.1449746478898648,-0.07038348110857068,152000,46SHBwWsqBkxI7EeeBEQG7,87,5428094,https://i.scdn.co/image/7e3b329829c210144d51035a91b92ce3f55d79fb,True,True,False,False,False,False,False,False,False,False,False,False,False,True,False
global,708.0,5CLGzJsGqhCEECcpnFQA8x,16494067,These Days,Rudimental,https://open.spotify.com/track/5CLGzJsGqhCEECcpnFQA8x,-0.24776795485729874,-0.16802413222788823,1.0719792440558,-0.16957677944084176,-0.06852859490299722,0.8718435692755487,-0.7247514335962507,0.28266289941886924,-0.974263140446566,210773,4WN5naL3ofxrVBgFpguzKo,78,1132015,https://i.scdn.co/image/bc4c973b7e8fc98d054aeb6e82cdbaca118f92f2,True,False,False,False,False,False,False,False,False,False,False,False,False,True,False
global,709.0,7sQKy5vlPQllr0k9IjYJv3,16489286,Sigues Con El,Dimelo Flow,https://open.spotify.com/track/7sQKy5vlPQllr0k9IjYJv3,-0.5747427711458464,1.3623250469071377,0.2533890847265836,-0.16342297222946092,-0.7422916539262736,1.2680339814780885,-0.14893089759535053,0.8545117431417402,-1.1122925814393803,226533,3fZk3Gm5dN5v5yfYMQ04Bx,86,60095,https://i.scdn.co/image/59778573cb3e067dc449307bc57c9271de248d67,True,False,False,False,False,False,False,False,False,True,False,False,False,True,False
global,710.0,2dgFqt3w9xIQRjhPtwNk3D,16488150,Death By A Thousand Cuts,Taylor Swift,https://open.spotify.com/track/2dgFqt3w9xIQRjhPtwNk3D,0.7642969527024915,0.2245437006806615,0.6249477386065113,-0.16957677944084176,1.0642171593501095,-0.0995432868246777,-0.5886962764618917,-0.792957544726531,-0.9137918597663847,198533,06HL4z0CvFAxyc27GXpf02,95,25846444,https://i.scdn.co/image/62b33d12e2b9a033cf77585f6e3d4b2c6b3a63a1,True,False,False,False,True,False,False,False,False,False,False,False,False,True,False
global,711.0,7lthOBXNue2IvedLRfkod8,16442038,HOME,BTS,https://open.spotify.com/track/7lthOBXNue2IvedLRfkod8,-0.9476497640082614,-0.30109797389180365,1.0139232043870612,-0.16957677944084176,0.14478067050830207,0.6672652473382376,-0.7642513179255808,0.21458565611852742,0.6783798576041591,234178,3Nrfpe0tUJi4K4DXYWgMUX,93,15652748,https://i.scdn.co/image/0c9057cb30520f9f883a220051260fc66a2f3ffa,False,False,False,False,False,False,False,True,False,False,False,False,False,True,False
global,712.0,1iSqfoUFnQwV0QW1EfUit8,16412364,Suicidal,YNW Melly,https://open.spotify.com/track/1iSqfoUFnQwV0QW1EfUit8,0.29719007229028066,0.38423231067736,-1.4824865013687052,-0.16957677944084176,-0.35539277942164116,-1.154130129487438,-0.5369075392301034,-1.1469592098883084,0.5811961955422524,222997,1cNDP5yjU5vjeR8qMf4grg,90,2433412,https://i.scdn.co/image/030819be90d9cd2438d122215868eb46ed880ebf,False,False,False,False,False,False,False,False,False,True,False,False,False,True,False
global,713.0,5b195aHKKd6oTr4f7DoRCo,16386031,Olabilir,MERO,https://open.spotify.com/track/5b195aHKKd6oTr4f7DoRCo,0.2582644989225964,0.39753969484375157,0.9036167290164575,-0.16954758084707888,-0.554726610202545,-0.07180995797049994,-0.8379844353403302,1.3219754804707535,0.5782344697392939,208023,5wyWp867LWGjFmYZXVSFnZ,76,1151567,https://i.scdn.co/image/615afe66fedb5c97875da1619efd391fd0657ff1,True,False,False,False,False,False,True,False,False,False,False,False,False,True,False
global,714.0,5MvLsT03RBp67RLoeISCdl,16337902,Do You Mean (feat. Ty Dolla $ign & bülow),The Chainsmokers,https://open.spotify.com/track/5MvLsT03RBp67RLoeISCdl,-0.6058832298399939,-0.5206698126372641,0.24177787679283588,-0.16957677944084176,-0.4142367147075169,-1.2063552292777726,-0.7949734501817264,0.35527862560590007,-0.7211820432619103,193176,69GGBxA162lTqCwzJG5jLp,91,15139114,https://i.scdn.co/image/960547a625bc2eb742bb3dd170cbc049d2e94cf9,True,False,False,False,False,False,False,False,False,False,False,True,False,True,False
global,715.0,2x8TNY9KwNvD19gVGs4WOP,16061241,Ela É do Tipo,MC Kevin o Chris,https://open.spotify.com/track/2x8TNY9KwNvD19gVGs4WOP,2.6755426050557873,-0.3077516659749994,-1.3141239863293626,-0.16957677944084176,0.3948673954732737,-0.04947922564635702,2.133284641432607,0.6593569790140936,-1.0236686324123978,204931,2UMj7NCbuqy1yUZmiSYGjJ,84,1139072,https://i.scdn.co/image/984dfbcdcf7880b022478b4433ae006b2a108b03,True,False,False,False,False,False,True,False,False,False,False,False,False,True,False
global,716.0,1ZDmxwg7Lywlx68b7SsJjj,16044099,MEGATRON,Nicki Minaj,https://open.spotify.com/track/1ZDmxwg7Lywlx68b7SsJjj,-0.5046767390840148,1.4288619677390952,0.09663777762098888,-0.1686391672267826,-0.6496124558510196,1.2341777098898714,1.2467316820409777,1.285667617377238,-0.9155493673857226,190747,0hCNtLu0JehylgoiP8L4Gh,94,16813531,https://i.scdn.co/image/4233ffd43c44fff4f1ffdcdf19484c94aa103ebd,True,True,False,False,False,False,False,False,False,False,False,False,False,True,False
global,717.0,7r55d7IhAj5UGKiYbXBwRP,15959029,Prinzessa,Capital Bra,https://open.spotify.com/track/7r55d7IhAj5UGKiYbXBwRP,1.017313179592439,0.35761754234457693,-0.24008725245769616,-0.1693476111949737,-0.4877916338148614,-0.10386536404870557,-0.043597872717137096,-0.9563429286473512,-0.7057224854992161,178000,4WZGDpNwrC0vNQyl9QzF7d,86,2984316,https://i.scdn.co/image/d03852fe340cb703676ef25a2e66368c788c4b95,True,False,False,False,False,False,False,True,False,False,False,False,False,True,False
global,718.0,3LgWsmilsrWXiPYQFRD0T7,15893634,goodbye,Billie Eilish,https://open.spotify.com/track/3LgWsmilsrWXiPYQFRD0T7,2.2551464126847978,-3.494870173825771,-2.8235810177165703,6.22852145545416,0.5861101851523696,-5.546441108405594,-0.6992959525840158,-1.9852169990598498,-1.556681637632704,119410,6qqNVTkY8uBg9cP3Jd7DAH,98,18867904,https://i.scdn.co/image/2622edec99d68d1d141886be593c88cbe509f6d8,False,False,False,False,False,False,True,False,False,False,False,False,True,False,False
global,719.0,5rU6kDNXZLXIinFezpbWbO,15876992,Tap (feat. Meek Mill),NAV,https://open.spotify.com/track/5rU6kDNXZLXIinFezpbWbO,-0.7514648742351329,1.4820915044046614,0.2998339164615747,-0.16957677944084176,-0.6474058082777991,-0.20003158228332213,1.062398888504104,-0.16210842347669713,-1.2084347575046415,148278,7rkW85dBwwrJtlHRDkJDAC,83,1763142,https://i.scdn.co/image/819c7e7c7126e367b35ff23e0653b1779069128f,True,False,True,False,False,False,False,False,False,False,False,False,False,True,False
global,720.0,6YJdPrH3i2POzu7hdHIRrb,15819824,Santa Baby,Ariana Grande,https://open.spotify.com/track/6YJdPrH3i2POzu7hdHIRrb,-0.8090747228193055,0.4640766156757093,0.8861999171158359,-0.16957677944084176,0.8067749424744032,0.2624306806876426,0.05295740008789198,1.276590651603859,-0.8514654321546798,170933,66CXWjxzNUsdJxJ2JdwvnR,97,40958727,https://i.scdn.co/image/b1dfbe843b0b9f54ab2e588f33e7637d2dab065a,True,False,False,False,False,False,False,False,False,False,False,False,False,True,False
global,721.0,18HNGxDOcshRU2Hdu8tMOM,15719311,Popopop,Gambi,https://open.spotify.com/track/18HNGxDOcshRU2Hdu8tMOM,-0.8172490932265192,1.0296404427473491,0.16049942125660158,-0.16797143842917722,-0.21563843311768652,0.10215365029661506,1.5802862608219868,-0.33457077317089645,0.25563418227860735,155632,1lB3I3SI30v2ZOpR4XQqzJ,75,200205,https://i.scdn.co/image/e0e5f40fcb4f20f30e34b30d72c6e13803680246,False,False,False,False,False,False,False,False,False,False,False,False,False,True,False
global,722.0,4YgtN1HasxdDlrrZIggYxn,15523040,Myself,Post Malone,https://open.spotify.com/track/4YgtN1HasxdDlrrZIggYxn,-0.6058832298399939,-1.3457276309535389,0.44497401563342104,-0.16957677944084176,0.497844282223556,0.8080929302211403,-0.8344733345110564,-0.3754171191511013,1.3583074812261542,158120,246dkjvS1zLTtiykXe5h60,100,21335421,https://i.scdn.co/image/93fec27f9aac86526b9010e882037afbda4e3d5f,True,False,False,False,False,False,False,False,False,False,False,False,False,True,False
global,723.0,200cTjC6si5Xz9af2QeHi2,15395306,Wolke 10,MERO,https://open.spotify.com/track/200cTjC6si5Xz9af2QeHi2,-0.7452367824963034,0.6104578415060162,1.0023119964533136,-0.16953245806943276,-0.6510835542331664,0.5376029306174063,-0.5325186631935112,-0.4298789137913748,-0.7207263931383784,172827,5wyWp867LWGjFmYZXVSFnZ,76,1151567,https://i.scdn.co/image/615afe66fedb5c97875da1619efd391fd0657ff1,False,False,False,False,False,False,False,False,False,False,True,False,False,True,False
global,724.0,6jmZlyf9DxcIoRrjw02YXm,15230971,Old Town Road - Remix,Lil Nas X,https://open.spotify.com/track/6jmZlyf9DxcIoRrjw02YXm,-0.7787127755925118,1.4155545835727037,-0.7045355698076059,-0.16957677944084176,-0.7209607273851437,0.25234583383157777,0.8429550866744928,0.8454347773683613,0.4511406317112487,171293,7jVv8c5Fj3E9VhNjxT4snq,87,2218983,https://i.scdn.co/image/12d5ab979779aa41e697ce823328d527e643e4cf,True,False,False,False,False,False,True,False,False,False,False,False,False,True,False
global,725.0,0Oqc0kKFsQ6MhFOLBNZIGX,15180782,Doin' Time,Lana Del Rey,https://open.spotify.com/track/0Oqc0kKFsQ6MhFOLBNZIGX,0.44510725108748067,-0.19463890056067132,-0.50133943096702,-0.09605681426895739,-0.5826774794633359,-1.6994322059189333,-0.6852515492669207,0.03758482353763866,0.7430821751457094,202193,00FQb4jTyendYWaN8pK0wa,89,9718093,https://i.scdn.co/image/6e8dc460cfb6b89d7970302259febd0aa73b38c6,False,False,False,False,False,False,False,True,False,False,False,False,False,True,False
global,726.0,6JdS5rJvJaRA7B1tcm7kxZ,15134946,Dionysus,BTS,https://open.spotify.com/track/6JdS5rJvJaRA7B1tcm7kxZ,-0.847221784719636,-1.172731636790449,1.6583452447100613,-0.16957677944084176,1.0642171593501095,1.3357465246545226,-0.20159741003445728,0.45512524911306806,1.755439110321726,249215,3Nrfpe0tUJi4K4DXYWgMUX,93,15652748,https://i.scdn.co/image/0c9057cb30520f9f883a220051260fc66a2f3ffa,True,False,False,False,False,False,False,True,False,False,False,False,False,True,False
global,727.0,5NPzbTzFxIQPaheZuPhn4f,15075580,Forever Alone,Paulo Londra,https://open.spotify.com/track/5NPzbTzFxIQPaheZuPhn4f,0.9355694755203021,1.235904897326418,-1.1515670752568943,-0.16692447689983073,-0.21563843311768652,-0.6895068279044594,-0.648384990559546,-0.048646351309461,0.25407195328364024,215963,3vQ0GE3mI0dAaxIMYe5g7z,86,9006523,https://i.scdn.co/image/cff7f6bb72fd3d318a98557b3891cae1b438c695,False,False,False,False,False,False,False,True,False,False,False,False,False,True,False
global,728.0,12mGwph2YzDIlChtq3EdXP,15069185,Alone,Marshmello,https://open.spotify.com/track/12mGwph2YzDIlChtq3EdXP,-0.9079456791732234,-0.28113689764221633,1.9079862152856375,0.0212028770178456,-0.4877916338148614,0.9860184426102807,-0.8309622336817826,-0.41172498224461695,0.6464843489569154,273803,64KEffDW9EtZ1y2vBYgq8T,90,20341696,https://i.scdn.co/image/eb88f6dde0844337248826abb86c6e0b0ef05973,True,False,True,False,False,False,False,False,False,False,False,False,False,True,False
global,729.0,3VHrwffnUZFb7FidvPV3OA,15065892,Kill This Love,BLACKPINK,https://open.spotify.com/track/3VHrwffnUZFb7FidvPV3OA,0.24269426957552268,0.39753969484375157,1.3738706503332412,-0.14921919414799403,1.1083501108145162,0.841589028707355,0.9395103594795217,0.41881738601955243,0.3198157568218346,189052,41MozSoPIsD1dJM0CLPjZF,83,10276873,https://i.scdn.co/image/254b0e0fc1d4cf39de56960ed983c1ff7e3dff00,True,False,True,False,False,False,False,False,False,False,False,False,False,True,False
global,730.0,3KLo7ByvjCNyBrfz5DZ2mO,15030690,Splashin,Rich The Kid,https://open.spotify.com/track/3KLo7ByvjCNyBrfz5DZ2mO,-0.9954503681037777,1.7548928798156873,-1.4070136497993446,-0.16957677944084176,-0.6054795043866128,-0.5839761090177832,3.8098352874108374,-0.49341767420502713,-0.7202707430148465,177864,1pPmIToKXyGdsCF6LmqLmI,84,1933809,https://i.scdn.co/image/b7b47be84cfa8c949717987366f03f60450a93c3,True,False,False,False,False,False,False,False,False,False,True,False,False,True,False
global,731.0,1YscJ7yVTlFxW3eF6pv5ba,14931162,Allergic,Post Malone,https://open.spotify.com/track/1YscJ7yVTlFxW3eF6pv5ba,-0.40347024832803574,-0.08817982722953897,0.6771981743083763,-0.16922546568321664,1.255459949029205,1.002586405302387,-0.45000779370557725,0.3734325571526579,0.742724164334362,156893,246dkjvS1zLTtiykXe5h60,100,21335421,https://i.scdn.co/image/93fec27f9aac86526b9010e882037afbda4e3d5f,True,False,False,False,False,False,False,False,False,False,False,False,False,True,False
global,732.0,6cjSh516BbrNUs213jDAGm,14924743,Graduation (with Juice WRLD),benny blanco,https://open.spotify.com/track/6cjSh516BbrNUs213jDAGm,-0.5864204431561517,0.35096385026138116,0.1488882133228538,-0.16957677944084176,-0.37010376324311006,0.42919082691471155,1.2379539299677933,0.5322794581867888,1.068188538285822,177847,5CiGnKThu5ctn9pBxv7DGa,83,458671,https://i.scdn.co/image/6397158bae9bf66c29bb425edba14961dbf14a20,True,False,False,False,False,False,False,False,False,False,False,False,False,True,False
global,733.0,703iVQrfbQsXt7Uzgy1h8k,14922980,Cristina,Sebastian Yatra,https://open.spotify.com/track/703iVQrfbQsXt7Uzgy1h8k,0.12591754947246986,-1.7782176163612637,-0.6755075499732365,-0.16957677944084176,-0.37745925515384454,0.769194235204891,-0.6518960913888198,0.8182038800482245,-1.3079617630589981,201627,07YUOmWljBTXwIseAUd9TW,89,10046817,https://i.scdn.co/image/212a1f446c0940ee9ce636f2e2496849a0240df4,True,False,False,False,False,True,False,False,False,False,False,False,True,False,False
global,734.0,3SZqA7rQvROJsCbUu2v0xa,14893726,Go Loko,YG,https://open.spotify.com/track/3SZqA7rQvROJsCbUu2v0xa,0.1609505655033857,1.3423639706575503,0.2650002926603314,-0.1695176842789631,-0.7842179578174602,0.4644877909109378,-0.7642513179255808,-1.5690381183504272,-0.6884403272423933,299227,0A0FS04o6zMoto8OKPsDwY,86,2020926,https://i.scdn.co/image/d1e573d166fe6f42bba50cb9754ed38c9ecf8105,True,False,True,False,False,False,False,False,False,False,False,False,False,True,False
global,735.0,3Kd6Wp3lG5HXMB2dlvuy7y,14808553,Death,Trippie Redd,https://open.spotify.com/track/3Kd6Wp3lG5HXMB2dlvuy7y,-0.7775450083914812,0.823375988168281,1.1358408876914121,-0.16957677944084176,-0.18621646547474865,0.1831925982471344,0.14073492081973635,0.5685873212803044,1.362310693025757,172196,6Xgp2XMz1fhVYe7i6yNAax,92,3998147,https://i.scdn.co/image/955a9b53451b9c97a6571202eccfe0b2b94a9e50,False,False,False,False,False,False,False,False,False,False,True,False,False,True,False
global,736.0,2dxky69jKzbtUfA3Hl8Nuo,14773431,Soldi,Mahmood,https://open.spotify.com/track/2dxky69jKzbtUfA3Hl8Nuo,-0.8456647617849287,0.07816247485035456,-0.2516984603914439,-0.16957677944084176,-0.465725158082658,-1.2081560947877845,-0.7317736352547982,-0.5251870544118533,-0.886680677416228,195476,06nvjg4wBANK6DCHjqtPNd,75,445431,https://i.scdn.co/image/64b9b700a2cd286c21d9d8891532bb27356b057e,False,False,False,True,False,False,False,False,False,False,False,False,False,True,False
global,737.0,5QvBXUm5MglLJ3iBfTX2Wo,14766793,RUNNING OUT OF TIME,"Tyler, The Creator",https://open.spotify.com/track/5QvBXUm5MglLJ3iBfTX2Wo,0.14927289349308043,-2.1175559126042476,-1.3547632140974797,-0.16485381965290108,-0.3333263036894378,-1.4847690371255573,-0.6773515724010547,-1.478268460616638,-1.232421481864864,177227,4V8LLVI7PbaPR0K2TGSxFF,87,3689916,https://i.scdn.co/image/fe839f5bd121774e64f377b5eead237c69a01711,True,False,False,False,False,False,True,False,False,False,False,False,False,True,False
global,738.0,260R90ctQ1SiPax90PuEsT,14731761,Hobby Hobby,MERO,https://open.spotify.com/track/260R90ctQ1SiPax90PuEsT,0.4723551524448597,0.3908860027605558,0.7294486100102412,-0.16957677944084176,-0.3186153198679688,0.004906912755991534,1.4749532359437734,1.6759771456325308,-1.3081244952459739,153308,5wyWp867LWGjFmYZXVSFnZ,76,1151567,https://i.scdn.co/image/615afe66fedb5c97875da1619efd391fd0657ff1,True,False,False,False,False,False,False,False,True,False,False,False,False,True,False
global,739.0,735RSTb2xbtWbDtKD9XDYi,14729102,Somebody,Internet Money,https://open.spotify.com/track/735RSTb2xbtWbDtKD9XDYi,0.4100742350565648,-0.32105905014139097,0.2708058966272053,-0.16957677944084176,-0.4510141742611891,-0.06532684213445845,1.1062876488700264,-0.7021878869927418,-1.0488595749562404,174333,6MPCFvOQv5cIGfw3jODMF0,72,15132,https://i.scdn.co/image/bb65d69c25b6ce3c48d139812ba976a96df35446,False,False,False,False,False,False,True,False,False,False,False,False,False,True,False
global,740.0,2S93hylQBYLndMnaJuso8S,14717721,"Nicki Nicole: Bzrp Music Sessions, Vol. 13",Bizarrap,https://open.spotify.com/track/2S93hylQBYLndMnaJuso8S,-0.981359310544676,0.8766055248338471,-0.89031489674757,-0.1672850969821612,-0.29654884413576543,0.5152721982932633,-0.7054403790352449,-0.4389558795647537,-1.5343873280170288,143292,716NhGYqD1jl2wI1Qkgq36,82,563077,https://i.scdn.co/image/c2ce59dc0f1b49ce094f7fc6ba1cb23b7854c46a,True,False,False,False,False,False,False,False,True,False,False,False,False,True,False
global,741.0,1h9P5WJwyvK8OB7O2YiXgp,14680935,Ibiza,Ozuna,https://open.spotify.com/track/1h9P5WJwyvK8OB7O2YiXgp,-0.029784743998267024,0.07816247485035456,0.497224451335286,-0.16957677944084176,-0.4877916338148614,0.48033540739903924,1.7997300626515984,1.0814358874762124,2.2756613656457403,200747,1i8SpTcr7yvPOmcqrbnVXY,98,21123358,https://i.scdn.co/image/f9ede0c1b199df8dfc4a29b784342e9af2e15a2c,True,False,False,False,False,True,False,False,False,False,False,False,False,True,False
global,742.0,2sfZgYusD8bBvB7qWekvSx,14580472,I Know,Post Malone,https://open.spotify.com/track/2sfZgYusD8bBvB7qWekvSx,0.9316769181835337,-0.08152613514634321,-0.12397517312021855,-0.16957677944084176,-0.45836966617192354,0.29052418264382246,-0.4710743986812199,-1.0244201719476929,-0.6251375065088346,141413,246dkjvS1zLTtiykXe5h60,100,21335421,https://i.scdn.co/image/93fec27f9aac86526b9010e882037afbda4e3d5f,True,True,False,False,False,False,False,False,False,False,False,False,False,True,False
global,743.0,1KdwnsWOvhM53vezy5ROuf,14533168,No Te Debí Besar,C. Tangana,https://open.spotify.com/track/1KdwnsWOvhM53vezy5ROuf,-0.51635441109432,-0.04160398264716858,0.34627874819656573,0.13404206406963018,0.06387025949022296,0.286562278521797,1.6329527732610936,0.6003567014871306,-1.5269016474161452,182816,5TYxZTjIPqKM8K8NuP9woO,78,806818,https://i.scdn.co/image/592d6e3bb5127890c1241a1cef879c8d6d6bad13,False,False,False,False,False,False,False,False,False,True,False,False,True,False,False
global,744.0,4RzpCjByV1NWUGKVQGuej6,14360613,Internet,Post Malone,https://open.spotify.com/track/4RzpCjByV1NWUGKVQGuej6,2.2707166420318714,-1.3923034755359094,-0.7858140253438403,-0.16957677944084176,-0.5245690933685337,0.14645494184289912,-0.865195466767202,-1.3012676280357496,-1.5666083010382232,123387,246dkjvS1zLTtiykXe5h60,100,21335421,https://i.scdn.co/image/93fec27f9aac86526b9010e882037afbda4e3d5f,True,False,False,False,False,False,False,False,False,False,False,False,False,True,False
global,745.0,4au7FRcgZzChASRYu279xH,14358101,Con Calma - Remix,Daddy Yankee,https://open.spotify.com/track/4au7FRcgZzChASRYu279xH,-0.3567595602868146,0.38423231067736,1.4145098781013583,-0.16955956274013695,-0.9739896491144092,1.2489448070719662,-0.7423069377426197,0.5685873212803044,-0.9152564494491663,181280,4VMYDCV2IEDYJArk749S6m,95,15857952,https://i.scdn.co/image/01dae15758ba1a3d18e6e35c27681dcf9da6ce21,False,False,False,False,False,False,False,False,True,False,False,False,False,True,False
global,746.0,2u8AXJyk8pICzj2wyPBL0b,14196728,2002,Sido,https://open.spotify.com/track/2u8AXJyk8pICzj2wyPBL0b,-0.17380936545869874,-0.14140936389510514,0.38691797596468225,-0.16957677944084176,-0.5539910610114716,-0.5148228734333399,0.9307326074063371,0.023969374877570292,1.2354121336220825,237157,4Yttlv9ndGjCDCVLqM7ACq,81,971137,https://i.scdn.co/image/d48ad60c3784e32dc2e7bee61d8a205e82d82260,False,False,False,False,False,False,False,False,True,False,False,False,False,True,False
global,747.0,7HwvPmK74MBRDhCIyMXReP,14181352,blun7 a swishland,tha Supreme,https://open.spotify.com/track/7HwvPmK74MBRDhCIyMXReP,-0.4968916244104779,0.0914698590167461,0.9732839766189441,-0.16957677944084176,0.593465677063104,0.1777900017170999,1.0097323760649972,0.35527862560590007,0.25176115622858497,167760,19i93sA0D7yS9dYoVNBqAA,86,510487,https://i.scdn.co/image/523766e72e9a82dada6e341a97b3143a574c2b61,True,False,False,False,False,False,False,True,False,False,False,False,False,True,False
global,748.0,40nPimvmG05WYS7983bawZ,14156991,Cry for Me,Camila Cabello,https://open.spotify.com/track/40nPimvmG05WYS7983bawZ,-0.8082962113519518,0.28442692942942344,1.0487568281883046,-0.16957677944084176,-0.1567944978318108,0.844110240421371,-0.3271192646809949,0.7501266367478827,-0.1331004659690168,189133,4nDoRrQiYLoBzwC5BhVJzF,96,14245838,https://i.scdn.co/image/667daebca4856db3f4cbe8f51a4881091e62c401,False,False,False,False,False,False,False,False,False,True,False,False,False,True,False
global,749.0,4EAV2cKiqKP5UPZmY6dejk,14119265,Everyday,Logic,https://open.spotify.com/track/4EAV2cKiqKP5UPZmY6dejk,-0.837490391377715,-0.07487244306314744,0.6771981743083763,-0.16957677944084176,-0.7224318257672906,0.8567162989914519,-0.8090178534988215,-0.2982629100773808,0.9035035650663832,204747,4xRYI6VqpkE3UwrDrAZL8L,87,4329265,https://i.scdn.co/image/efa0b73c2cdaf40b1767b4b1e1254b1cfc5b51db,True,True,False,False,False,False,False,False,False,False,False,False,False,True,False
global,750.0,6s2wpWPFPAgKg2LXxi1Oee,14102265,"Santa Claus Is Comin' to Town - Live at C.W. Post College, Greenvale, NY - December 1975",Bruce Springsteen,https://open.spotify.com/track/6s2wpWPFPAgKg2LXxi1Oee,0.4061816777197964,-2.1508243730202263,0.2533890847265836,-0.16956247096660737,4.065257858929768,-0.70823582920858,-0.7177292319377032,-0.3391092560575859,0.5723761110081683,267600,3eqjTLE0HfPfh78zjh6TqT,82,2802030,https://i.scdn.co/image/3c09e1a1dfefa33f99b78b1ce09024656c394b76,True,False,False,False,False,False,False,False,False,False,False,False,False,True,False
global,751.0,77KMttn3Lic7ZQKDlPqp8v,14075996,INTRO,DaBaby,https://open.spotify.com/track/77KMttn3Lic7ZQKDlPqp8v,-0.8697986172728929,1.2225975131600264,0.3520843521634396,-0.16957677944084176,0.21833558961564653,-0.4399068682168596,0.9833991198454439,0.8363578115949823,-0.7200429179530803,172800,4r63FhuTkUYltbVAg5TQnk,95,1799463,https://i.scdn.co/image/f68192e6516d89a77a2b16904725a77b75b42056,True,False,False,False,False,False,False,False,False,False,False,False,False,True,False
global,752.0,6woeVu3fVMflqen1t4N6pg,14069124,Old Town Road (feat. RM of BTS) - Seoul Town Road Remix,Lil Nas X,https://open.spotify.com/track/6woeVu3fVMflqen1t4N6pg,-0.7281095302145223,1.408900891489508,-0.646479530138867,-0.16957677944084176,-0.5319245852792682,0.17346792449307202,0.21095693740521204,0.5549718726202361,0.4514986425225961,114133,7jVv8c5Fj3E9VhNjxT4snq,87,2218983,https://i.scdn.co/image/12d5ab979779aa41e697ce823328d527e643e4cf,True,True,False,False,False,False,False,False,False,False,False,False,False,True,False
global,753.0,4WzhjxvLP95y7AMDy0Atwb,14044875,Out Of Love,Alessia Cara,https://open.spotify.com/track/4WzhjxvLP95y7AMDy0Atwb,2.1111217912243663,-1.2392685576224067,-2.0746581059898404,-0.16957677944084176,0.5493327255986973,-0.9985353494224406,-0.8458844122061963,-1.5917305327838744,-0.1454355657417773,227693,2wUjUUtkb5lvLKcGKsKqsR,85,6587644,https://i.scdn.co/image/56dcc0e8f919ea86b139b4ccd084439e10a8704e,True,False,False,False,False,False,False,True,False,False,False,False,True,False,False
global,754.0,5lCxlSBFyP5g4EhVypAoOu,14014084,Au DD,PNL,https://open.spotify.com/track/5lCxlSBFyP5g4EhVypAoOu,0.13759522148277514,0.6570336860883866,0.4275572037327994,-0.16930689602438803,-0.614306094679494,-0.44242807993087596,-0.5228631359130083,-1.6734232247442846,-0.07109950273126407,247161,3NH8t45zOTqzlZgBvZRjvB,80,2607096,https://i.scdn.co/image/5183e0a003fb8679a63fbdac311df70c79bc9851,False,False,False,False,False,False,True,False,False,False,False,False,False,True,False
global,755.0,45S5WTQEGOB1VHr1Q4FuPl,14003540,Golden,Harry Styles,https://open.spotify.com/track/45S5WTQEGOB1VHr1Q4FuPl,-0.18548703746900402,-1.5320310092830203,1.240341759095142,-0.1680528687703486,-0.3186153198679688,0.4396358468727785,-0.6518960913888198,-1.0607280350412087,0.5765746014321419,208907,6KImCVD70vtIoJWnq6nGn3,95,5911371,https://i.scdn.co/image/b2163e7456f3d618a0e2a4e32bc892d6b11ce673,False,False,False,False,True,False,False,False,False,False,False,False,False,True,False
global,756.0,3Y7a0typ6ik1KscmebXd6D,13984144,No New Friends,Sia,https://open.spotify.com/track/3Y7a0typ6ik1KscmebXd6D,-0.7506863627677791,0.30438800567901075,0.4507796196002949,-0.1665987555351452,-0.3921702389753135,0.6683457666442445,-0.7642513179255808,0.9089735377820132,-0.5241133648343014,175823,5WUlDfRSoLAfcVSX1WnrxN,90,15317280,https://i.scdn.co/image/652b6bb0dfaf8aa444f4414ee018699260e74306,True,False,False,False,False,False,False,True,False,False,False,False,False,True,False
global,757.0,4SHhui9S7lFYGHXikfneGo,13900116,Drugs & The Internet,Lauv,https://open.spotify.com/track/4SHhui9S7lFYGHXikfneGo,0.2465868269122911,-1.4921088567838456,-0.24008725245769616,-0.16945347063849653,1.1598385541896574,-0.0426359367083131,0.026624143868338595,-1.233190384735408,-1.0744736211862205,178550,5JZ7CnR6gTvEMKX4g70Amv,91,2139634,https://i.scdn.co/image/d763de4ee1f230d55719b5fcccd76984fcc2d290,True,False,True,False,False,False,False,False,False,False,False,False,False,True,False
global,758.0,6xRWoYwfwIKnT8bQGzKbxR,13885448,God Is,Kanye West,https://open.spotify.com/track/6xRWoYwfwIKnT8bQGzKbxR,-0.3411893309397409,-0.19463890056067132,0.055998549852871726,-0.16957677944084176,0.15213616241903655,0.7504652339007708,-0.9178619792063086,-1.2104979703019607,-0.5564319771676812,203141,5K4W6rqBFWDnAN6FQUkS6x,94,10995470,https://i.scdn.co/image/bd1c6fdf3705cf9b7d0c8ac8e7bbed98e31a1559,True,True,False,False,False,False,False,False,False,False,False,False,False,True,False
global,759.0,0lTurWECr2XL607eJAj1A3,13875317,I'll Be Home,Meghan Trainor,https://open.spotify.com/track/0lTurWECr2XL607eJAj1A3,0.23490915490198583,-1.4388793201182795,-1.4766808974018313,-0.16952047617637467,-0.4877916338148614,-0.4687207163770443,-0.9064509015111689,-0.9200350655538357,-1.2175477599752824,219653,6JL8zeS1NmiOftqZTRgdTz,84,8448899,https://i.scdn.co/image/d36be4a159ad3f66c13c81c9a2bdd49dcd4e6700,True,False,True,False,False,False,False,False,False,False,False,False,False,True,False
global,760.0,3g0mEQx3NTanacLseoP0Gw,13867900,Takeaway,The Chainsmokers,https://open.spotify.com/track/3g0mEQx3NTanacLseoP0Gw,-0.5124618537575516,-0.9997356426273589,-0.6580907380726149,-0.16957677944084176,-0.5392800771900026,-0.6001838986078871,-0.8564177146940175,-0.6204951950323319,-0.7175693887110494,209880,69GGBxA162lTqCwzJG5jLp,91,15139114,https://i.scdn.co/image/960547a625bc2eb742bb3dd170cbc049d2e94cf9,True,False,False,True,False,False,False,False,False,False,False,False,False,True,False
global,761.0,5ixqGGFu0hdHfErdp32QwT,13846360,Jenifer,Gabriel Diniz,https://open.spotify.com/track/5ixqGGFu0hdHfErdp32QwT,-0.14656146410131973,0.5971504573396247,1.7976797399150344,-0.16955665451366655,-0.6540257509974602,1.4207473767270675,-0.743184712949938,1.9437476359472086,1.2354772264968732,160640,3WQ1s2QFvL6crxBvrVhwzj,65,961614,https://i.scdn.co/image/34ac7af1da87ca5c0d7f65cc8902e326da598444,True,False,False,False,False,False,False,False,True,False,False,False,False,True,False
global,762.0,1mdJ39D1lrR3aWIOhgeNaE,13784193,Wir ticken,Capital Bra,https://open.spotify.com/track/1mdJ39D1lrR3aWIOhgeNaE,0.06752918942094366,-0.32105905014139097,0.3927235799315561,-0.16957677944084176,-0.05381761108152828,0.549848816085485,2.607283253384568,1.5080532788250207,1.878887747361515,203067,4WZGDpNwrC0vNQyl9QzF7d,86,2984316,https://i.scdn.co/image/d03852fe340cb703676ef25a2e66368c788c4b95,False,False,False,False,False,False,False,True,False,False,False,False,False,True,False
global,763.0,1Hd2XLitkt1PYCWSbfF5qV,13776791,Wish Wish (feat. Cardi B & 21 Savage),DJ Khaled,https://open.spotify.com/track/1Hd2XLitkt1PYCWSbfF5qV,-0.9944383031962178,1.2159438210768307,0.24177787679283588,-0.16957677944084176,0.71850903954559,0.46736917572695624,1.869952079237074,1.6578232140857727,0.7451000542642079,202625,0QHgL1lAIqAw0HtD7YldmP,82,4390256,https://i.scdn.co/image/94e2383b16d3a8f0af23b45ab9edd767b4107bbf,False,False,False,False,False,False,False,False,True,False,False,False,False,True,False
global,764.0,2xGO2UjzxeVQSIkyg98vck,13686524,Thank God It's Christmas - Non-Album Single,Queen,https://open.spotify.com/track/2xGO2UjzxeVQSIkyg98vck,-0.1699168081219303,-2.5433922059287766,-1.1805950950912638,-0.16957677944084176,0.42428936311621157,-0.8692332058036117,-0.8906509477794369,-0.6931109212193629,-1.2602812322751091,261627,1dfeR4HaWDbWqFHLkxsg1d,93,22898929,https://i.scdn.co/image/b040846ceba13c3e9c125d68389491094e7f2982,True,False,False,False,False,False,False,True,False,False,False,False,False,False,True
global,765.0,2mvabkN1i2gLnGAPUVdwek,13606740,Christmas Tree Farm,Taylor Swift,https://open.spotify.com/track/2mvabkN1i2gLnGAPUVdwek,-0.7693706379842676,0.11143093526633341,0.3230563323290702,-0.16957677944084176,1.1009946189037818,0.7104860195785146,-0.8502732882427885,-0.23018566677703897,0.3858199318591914,228027,06HL4z0CvFAxyc27GXpf02,95,25846444,https://i.scdn.co/image/62b33d12e2b9a033cf77585f6e3d4b2c6b3a63a1,True,False,False,False,False,False,False,True,False,False,False,False,False,True,False
global,766.0,1E6DEDWDKHoOW0fcFuDghV,13589374,Don't Pretend (feat. SAFE),Khalid,https://open.spotify.com/track/1E6DEDWDKHoOW0fcFuDghV,0.0013557146958803952,0.12473831943272495,-0.42586657939765965,-0.10547946803307545,-0.37010376324311006,-0.8483431658874778,-0.42543008790066084,-1.2195749360753396,-1.07883484379717,165840,6LuN9FCkKOj5PcnpouEgny,96,10092177,https://i.scdn.co/image/e52c824585bfeef4d674b509437120805300f557,True,False,False,False,False,False,False,False,False,False,False,True,False,True,False
global,767.0,4O4HtthxTvVL1Z1PuDb7GX,13530298,Old Town Road (feat. Billy Ray Cyrus) - Remix,Lil Nas X,https://open.spotify.com/track/4O4HtthxTvVL1Z1PuDb7GX,-0.795450772140616,1.3290565864911588,-0.031085509650236473,-0.16957677944084176,-0.4510141742611891,0.33050339696607894,-0.2454861704003796,0.6865878763342304,0.45218211770789374,157067,7jVv8c5Fj3E9VhNjxT4snq,87,2218983,https://i.scdn.co/image/12d5ab979779aa41e697ce823328d527e643e4cf,True,False,False,False,False,False,True,False,False,False,False,False,False,True,False
global,768.0,3GmJxfnUDrIs1iCfKUELFz,13497987,Supera - Ao Vivo,Marília Mendonça,https://open.spotify.com/track/3GmJxfnUDrIs1iCfKUELFz,-0.7678136150495601,-0.08817982722953897,0.688809382242124,-0.16957677944084176,5.771731982220162,0.7360583098206784,-0.6431183393156353,0.77281905118133,0.30676463542638166,147748,1yR65psqiazQpeM79CcGh8,90,12972222,https://i.scdn.co/image/1f399aa92438efbbaad112193271dd52603ab913,True,False,False,False,True,False,False,False,False,False,False,False,False,True,False
global,769.0,7tgjDlQsMR8RvkdlNCJA58,13480663,6 Kiss,Trippie Redd,https://open.spotify.com/track/7tgjDlQsMR8RvkdlNCJA58,-0.5786353284826149,0.058201398600767985,-1.018038184018795,-0.16957677944084176,0.7920639586529342,-1.290635735146313,0.21095693740521204,-1.174190107208445,0.647688567140536,199437,6Xgp2XMz1fhVYe7i6yNAax,92,3998147,https://i.scdn.co/image/955a9b53451b9c97a6571202eccfe0b2b94a9e50,True,False,True,False,False,False,False,False,False,False,False,False,False,True,False
global,770.0,3AlpkljBS1AU7HFVPms8K6,13454203,Santa's Coming For Us,Sia,https://open.spotify.com/track/3AlpkljBS1AU7HFVPms8K6,-0.9231266527866203,-0.0615650588967559,1.333231422565124,-0.16957677944084176,-0.9364766403696633,0.7173293085165585,-0.2639194497540669,0.9952047126291128,-0.9467939472850626,206533,5WUlDfRSoLAfcVSX1WnrxN,90,15317280,https://i.scdn.co/image/652b6bb0dfaf8aa444f4414ee018699260e74306,True,True,False,False,False,False,False,False,False,False,False,False,False,True,False
global,771.0,5DSfqrLkUHLZ9bW0SS3rVy,13363378,Ransom (with Juice WRLD) - Remix,Lil Tecca,https://open.spotify.com/track/5DSfqrLkUHLZ9bW0SS3rVy,-0.9620522261543045,0.0315866302679849,0.24758348075970976,-0.16957677944084176,-0.7231673749583641,0.014991759612056349,1.2818426903337157,-0.5206485715251639,1.8830536913480933,171227,4Ga1P7PMIsmqEZqhYZQgDo,88,1508291,https://i.scdn.co/image/87b4d40e2c756869e2264ce9b5899956f8011405,False,False,True,False,False,False,False,False,False,False,False,False,False,True,False
global,772.0,1WnqWQcWcuQbVzgE7ecfCY,13362143,Every Hour,Kanye West,https://open.spotify.com/track/1WnqWQcWcuQbVzgE7ecfCY,0.8110076407437127,-0.6005141176356134,0.979089580585818,-0.16205028933542892,5.4333793543263775,0.08918741862453178,-0.4438633672543482,0.9362044351021499,-1.4694897318511078,112239,5K4W6rqBFWDnAN6FQUkS6x,94,10995470,https://i.scdn.co/image/bd1c6fdf3705cf9b7d0c8ac8e7bbed98e31a1559,True,False,False,False,False,False,False,True,False,False,False,False,False,False,True
global,773.0,1SymEzIT3H8UZfibCs3TYi,13338610,Afterglow,Taylor Swift,https://open.spotify.com/track/1SymEzIT3H8UZfibCs3TYi,-0.4968916244104779,0.5173061523412754,-1.018038184018795,-0.16957677944084176,-0.44365868235045464,-0.8170081060132771,-0.8388622105476486,-0.40264801647123805,-0.3624552102926112,223293,06HL4z0CvFAxyc27GXpf02,95,25846444,https://i.scdn.co/image/62b33d12e2b9a033cf77585f6e3d4b2c6b3a63a1,True,False,False,False,False,False,False,False,False,True,False,False,False,True,False
global,774.0,454Epa1vrCGFddHXKyC1kb,13179475,Water,Kanye West,https://open.spotify.com/track/454Epa1vrCGFddHXKyC1kb,1.2158336037676285,-1.1527705605408616,-1.9933796504536059,-0.16662202134690843,-0.08323957872446613,-2.1345213131377223,-0.26304167454674837,-0.9291120313272146,-1.295659209723633,168420,5K4W6rqBFWDnAN6FQUkS6x,94,10995470,https://i.scdn.co/image/bd1c6fdf3705cf9b7d0c8ac8e7bbed98e31a1559,True,False,True,False,False,False,False,False,False,False,False,False,False,True,False
global,775.0,7h0d2h0fUmzbs7zeFigJPn,13117339,HIGHEST IN THE ROOM (feat. ROSALÍA & Lil Baby) - REMIX,Travis Scott,https://open.spotify.com/track/7h0d2h0fUmzbs7zeFigJPn,-0.8954894956955645,-0.3809422788901529,-0.8148420451782096,-0.16956386691531317,-0.465725158082658,-0.20003158228332213,-0.8485177378281515,-1.4918839092767064,-1.4846238252398507,244874,7A8S43ryYdbWpJKeHRZRcq,84,81773,https://i.scdn.co/image/6ff70bad6cce3e82af9d6ad0c18734cbb53ede85,False,False,True,False,False,False,False,False,False,False,False,False,False,True,False
global,776.0,1ckLp8lCl8LipXI0ypX72m,13110741,I'm Gonna Be,Post Malone,https://open.spotify.com/track/1ckLp8lCl8LipXI0ypX72m,1.7335437295578289,0.45076923150931775,-0.3794217476626686,-0.16957677944084176,-0.1935719573854831,0.889492051273662,-0.863439916352565,-0.5433409859586111,-0.1368433062694589,200680,246dkjvS1zLTtiykXe5h60,100,21335421,https://i.scdn.co/image/93fec27f9aac86526b9010e882037afbda4e3d5f,True,False,False,False,False,True,False,False,False,False,False,False,False,True,False
global,777.0,0PowxVSTY2uh1CPc8EPKyX,13101321,Project Dreams,Marshmello,https://open.spotify.com/track/0PowxVSTY2uh1CPc8EPKyX,0.631950003252365,0.6570336860883866,1.1997025313270249,-0.16957677944084176,-0.5098581095470648,1.566257309936,0.41284523508845444,1.376437275111027,1.2369418161796544,167898,64KEffDW9EtZ1y2vBYgq8T,90,20341696,https://i.scdn.co/image/eb88f6dde0844337248826abb86c6e0b0ef05973,True,False,False,False,False,False,False,False,True,False,False,False,False,True,False
global,778.0,6eiztdXRkooWsBt2xToMWI,13039181,Make Believe,Juice WRLD,https://open.spotify.com/track/6eiztdXRkooWsBt2xToMWI,-0.51635441109432,-1.418918243868692,1.2519529670288896,-0.16957677944084176,-0.26712687649282757,0.7663128503888725,-0.5070631821812762,0.8363578115949823,-1.242185413083408,142026,4MCBfE4596Uoi2O4DtmEMz,98,7403812,https://i.scdn.co/image/d8e62447a338a882b490460da20e90aac6d60ae7,True,False,False,False,False,False,False,False,False,False,False,False,False,True,False
global,779.0,0eeeyCAGnGZInPtpkdYiPa,12992565,Jamais Vu,BTS,https://open.spotify.com/track/0eeeyCAGnGZInPtpkdYiPa,-0.12320612008070918,-0.4674402759716979,-0.8961205007144439,-0.16957677944084176,-0.5738508891704546,-0.0908991323766226,-0.7651290931328991,-1.1197283125681716,-1.3392063429583383,227275,3Nrfpe0tUJi4K4DXYWgMUX,93,15652748,https://i.scdn.co/image/0c9057cb30520f9f883a220051260fc66a2f3ffa,True,False,False,False,False,False,False,False,True,False,False,False,False,True,False
global,780.0,2FXd6kKCtBIc6UfN1gH1pA,12972648,FANCY,TWICE,https://open.spotify.com/track/2FXd6kKCtBIc6UfN1gH1pA,-0.9554348786817983,0.12473831943272495,1.4493435019026015,-0.16957677944084176,3.3297086678563224,1.558693674793952,-0.7458180385718934,1.3038215489239957,0.32137798581680166,213886,7n2Ycct7Beij7Dj7meI4X0,83,4498433,https://i.scdn.co/image/6b7377383979d8d8985786c1489503b356a55146,False,False,False,False,False,True,False,False,False,False,False,False,False,True,False
global,781.0,7AYuSG1LoaaFVKjOxsB6Vh,12964860,Crushed Up,Future,https://open.spotify.com/track/7AYuSG1LoaaFVKjOxsB6Vh,-0.8581209452625876,0.6903021465043655,-0.14719758898771407,-0.16957677944084176,0.005026324204347238,-0.12223419225082337,0.6937333014303569,0.44604828333968916,1.1668367900305099,150323,1RyvyyTE3xzB2ZywiAwp0i,91,8253537,https://i.scdn.co/image/287c505d7b76d3971a8c5b2fbb3935f9b2dbc3ce,False,False,False,False,False,False,False,False,False,False,True,False,False,True,False
global,782.0,5KE9b4x7Zj2A8XtbkqhqTe,12956366,Staring At The Sun (feat. SZA),Post Malone,https://open.spotify.com/track/5KE9b4x7Zj2A8XtbkqhqTe,-0.03756985867180388,0.30438800567901075,0.8571718972814665,-0.16957677944084176,0.9833067483320302,0.7522660994107823,0.4742894996007456,-0.6386491265790898,-0.8811477830590532,168280,246dkjvS1zLTtiykXe5h60,100,21335421,https://i.scdn.co/image/93fec27f9aac86526b9010e882037afbda4e3d5f,False,False,False,False,False,False,True,False,False,False,False,False,False,True,False
global,783.0,78pn8k7RogKo2oxl0DyX6d,12919718,One More Sleep,Leona Lewis,https://open.spotify.com/track/78pn8k7RogKo2oxl0DyX6d,0.8187927554172495,-0.261175821392629,1.1068128678570428,-0.16957677944084176,1.2481044571184707,0.9482002669000382,-0.8230622568159165,1.226667339850275,-0.2982085428745928,239587,5lKZWd6HiSCLfnDGrq9RAm,78,2092198,https://i.scdn.co/image/00edc3117a942b34040046a637202d409aed3305,True,False,False,False,False,False,False,False,False,False,False,True,False,True,False
global,784.0,2IOFZdYYkFxEHVz1w34PoL,12888381,Cherry,Harry Styles,https://open.spotify.com/track/2IOFZdYYkFxEHVz1w34PoL,1.3909986839222077,-0.9864282584609674,-0.652285134105741,-0.11687971579707021,-0.3333263036894378,-1.0024972535444656,-0.9134731031697164,-0.3481862218309648,-0.8527672896504859,259187,6KImCVD70vtIoJWnq6nGn3,95,5911371,https://i.scdn.co/image/b2163e7456f3d618a0e2a4e32bc892d6b11ce673,True,False,False,False,False,False,False,True,False,False,False,False,False,True,False
global,785.0,7jzldCBnJjpJM3epzJ85KE,12745487,Tongue Tied (with YUNGBLUD & blackbear),Marshmello,https://open.spotify.com/track/7jzldCBnJjpJM3epzJ85KE,-0.9219588855855898,-0.3343664343077825,1.141646491658286,-0.16957677944084176,1.8512547937986965,1.3530348335506335,-0.6799848980230101,-0.10310814594973422,-0.9486165477791907,186024,64KEffDW9EtZ1y2vBYgq8T,90,20341696,https://i.scdn.co/image/eb88f6dde0844337248826abb86c6e0b0ef05973,False,True,False,False,False,False,False,False,False,False,False,False,False,True,False
global,786.0,0fv2KH6hac06J86hBUTcSf,12725062,NEW MAGIC WAND,"Tyler, The Creator",https://open.spotify.com/track/0fv2KH6hac06J86hBUTcSf,-0.6265137837248664,-0.3809422788901529,0.6133365306727635,-0.1680528687703486,3.6680612957501078,0.383088669858416,-0.20159741003445728,-0.10764662883642367,0.5669083095257836,195320,4V8LLVI7PbaPR0K2TGSxFF,87,3689916,https://i.scdn.co/image/fe839f5bd121774e64f377b5eead237c69a01711,False,False,False,False,False,True,False,False,False,False,False,False,False,True,False
global,787.0,2SBr3MK1sdMs8IxdRcN6qz,12719510,Santa Baby,Kylie Minogue,https://open.spotify.com/track/2SBr3MK1sdMs8IxdRcN6qz,1.9126013670491766,-0.02164290639758127,-1.395402441865597,-0.16957677944084176,-0.05381761108152828,-0.2313666421575229,-0.7466958137792119,-0.32549380739751754,-1.1454899475824292,201653,4RVnAU35WRWra6OZ3CbbMA,78,929944,https://i.scdn.co/image/9eca2ca7a8140577894b424f0412e6a7fa3758c2,True,True,False,False,False,False,False,False,False,False,False,False,False,True,False
global,788.0,7IkZpSOJKGXCGhqAvHs7FG,12682374,Nautilus,Shindy,https://open.spotify.com/track/7IkZpSOJKGXCGhqAvHs7FG,-0.9991521901310444,0.297734313595815,0.13147140142223215,-0.16947010569390725,0.6155321527953075,0.11295884335668442,1.7646190543588605,-1.4828069435033275,1.6345290953987583,183692,5j21TGkrNEAJe3gG9VlS34,76,608268,https://i.scdn.co/image/f5f8bbf2fb41a3f0cbcc90f2bedc9505e9032345,True,True,False,False,False,False,False,False,False,False,False,False,False,True,False
global,789.0,6vN77lE9LK6HP2DewaN6HZ,12611824,Yes Indeed,Lil Baby,https://open.spotify.com/track/6vN77lE9LK6HP2DewaN6HZ,-0.8666845714034782,1.9012741056459943,-1.6160153926068044,-0.16957677944084176,-0.4877916338148614,-1.0197855624405765,3.511391716922567,0.33712469405914275,-0.07126223491823964,142273,5f7VJjfbwm532GiveGC0ZK,93,3258508,https://i.scdn.co/image/063f9f09ac26d99e3294686c105d4d9e2dfec6b2,False,False,False,False,False,True,False,False,False,False,False,False,False,True,False
global,790.0,1jg9clsGCDqOumfS0X5xm9,12525972,Living Proof,Camila Cabello,https://open.spotify.com/track/1jg9clsGCDqOumfS0X5xm9,-0.5786353284826149,0.37757861859416425,-0.6406739261719933,-0.16957677944084176,1.3584368357794876,0.3650800147583003,-0.42104121186406857,0.13289296415811722,-1.4509708089732696,194440,4nDoRrQiYLoBzwC5BhVJzF,96,14245838,https://i.scdn.co/image/667daebca4856db3f4cbe8f51a4881091e62c401,True,False,False,False,False,False,False,True,False,False,False,False,False,True,False
global,791.0,3jq1RpStaB1YGyN3rRZGca,12493544,Sauce!,XXXTENTACION,https://open.spotify.com/track/3jq1RpStaB1YGyN3rRZGca,1.2625442918088496,0.011625554018397587,-1.8076003235136422,-0.16957677944084176,0.11535870286536422,-2.59122080647665,-0.8362288849256932,-0.3754171191511013,0.4194078552509815,144724,15UsOTVnJzReFVN1VCnxy4,95,17294420,https://i.scdn.co/image/942afa81f0a2298ead0c154fb7b4b606de48d9e6,False,False,False,True,False,False,False,False,False,False,False,False,False,True,False
global,792.0,577YBGuskWkVDCxZrLRB4v,12328503,Pure Cocaine,Lil Baby,https://open.spotify.com/track/577YBGuskWkVDCxZrLRB4v,-0.9979805303726771,1.9012741056459943,-0.797425233277588,-0.1695003512491995,-0.43630319043972016,0.14645494184289912,2.554616740945461,-1.727885019384558,0.15955709908813587,154024,5f7VJjfbwm532GiveGC0ZK,93,3258508,https://i.scdn.co/image/063f9f09ac26d99e3294686c105d4d9e2dfec6b2,False,False,False,False,False,False,False,False,False,False,True,False,False,True,False
global,793.0,6RyuoOJXNzlVWpfC5xQyeI,12219733,Alocao (With Bad Gyal),Omar Montes,https://open.spotify.com/track/6RyuoOJXNzlVWpfC5xQyeI,-0.1699168081219303,-0.03495029056397281,0.7410598179439889,-0.16955898109484288,-0.5025026176363303,0.6384513991780528,-0.6431183393156353,0.9588968495355972,1.8179608165578012,209320,3lY9Fxceu60W1rbon7PkuF,76,98853,https://i.scdn.co/image/01b318c78c841abe164439171ee6756693f20f94,False,False,False,False,False,False,False,False,False,False,False,True,False,True,False
global,794.0,7hvO2qCwJVZxiyoA7c9i5d,12071459,BLOW (with Chris Stapleton & Bruno Mars),Ed Sheeran,https://open.spotify.com/track/7hvO2qCwJVZxiyoA7c9i5d,-1.0019704016428648,-0.3144053580581952,0.9965063924864396,-0.03579836180212808,1.5129021659049113,0.4061397483865638,-0.7888290237304972,0.4914331122065837,-0.9659312524734087,209120,6eUKZXaKkcviH0Ku9w2n3V,98,57463755,https://i.scdn.co/image/f55cab0739390cf3b2c2f773b9c779b2f0ae8a99,True,True,False,False,False,False,False,False,False,False,False,False,False,True,False
global,795.0,07rmSXN6vNoquX1AsWd9pP,12017351,Lalala,Y2K,https://open.spotify.com/track/07rmSXN6vNoquX1AsWd9pP,-0.2983712002352883,0.11143093526633341,-1.3547632140974797,-0.16957677944084176,-0.27448236840356205,-0.5119414886173214,-0.39909683168110743,0.03758482353763866,0.2546577891567529,160615,6USMTwO0MNDnKte5a5h0xx,81,134196,https://i.scdn.co/image/10df130e3c229399bcecc55ce0eda289b60e0047,True,False,True,False,False,False,False,False,False,False,False,False,False,True,False
global,796.0,4NN6N5TxBO5k9uqu0W4gfQ,12004074,Floating (feat. 21 Savage),ScHoolboy Q,https://open.spotify.com/track/4NN6N5TxBO5k9uqu0W4gfQ,-0.2983712002352883,1.5153599648206404,-0.4607002031989029,-0.16957677944084176,-0.6128349962973473,0.5404843154334247,1.878729831310258,0.25089351921204306,0.5788203056124066,186827,5IcR3N7QB1j6KBL8eImZ8m,81,2913150,https://i.scdn.co/image/16e1c84dcb5ab6b682f113a048ed172ca3ca2ef6,False,False,False,False,False,False,False,False,False,False,False,True,False,True,False
global,797.0,7KhHA3mzt7A3LFlOJEAKpI,11990578,On My Way,Alan Walker,https://open.spotify.com/track/7KhHA3mzt7A3LFlOJEAKpI,-0.9215696298519129,-1.1261557922080785,0.3753067680309345,-0.16957677944084176,0.931818304956889,0.5577726243295356,-0.2454861704003796,-0.8655732709135623,1.5602581252630348,193798,7vk5e3vY1uw9plTHJAMwjN,89,17470399,https://i.scdn.co/image/c5c098af718b187525fb2f78527ebf89ea1b0466,False,True,False,False,False,False,False,False,False,False,False,False,False,True,False
global,798.0,7o0oY5wRcoV7oPuDhD2J1z,11987768,Fingías,Paloma Mami,https://open.spotify.com/track/7o0oY5wRcoV7oPuDhD2J1z,-0.26333818420437244,0.3376564660949896,1.0487568281883046,2.4478270439252956,-0.6135705454884207,0.953602863430073,0.4742894996007456,-0.6477260923524687,2.273252929278499,225373,7rOlQwf8OuFLFQp4aydjBt,75,563466,https://i.scdn.co/image/972ba21440b1ec3ec99a9dfdb0e13426d6c003a0,True,False,False,False,False,False,True,False,False,False,False,False,False,True,False
global,799.0,1jlnBQGP2DtSEhMgQaz7a7,11936580,Haute (feat. J Balvin & Chris Brown),Tyga,https://open.spotify.com/track/1jlnBQGP2DtSEhMgQaz7a7,-0.7000831173897897,1.7815076481484704,0.5726973029046464,-0.16957677944084176,-0.8349708520015279,1.0033067515063916,-0.14015314552216607,-0.6295721608057108,-0.6246167635105121,160877,5LHRHt1k9lMyONurDHEdrp,92,5328383,https://i.scdn.co/image/67c4bd718cbf584ba2d297ccbb1e6e62a9772d0a,True,False,False,False,False,False,False,False,False,True,False,False,False,True,False
global,800.0,1TaQciB8qqRZ9fxWGhS65X,11757946,Don't Know What To Do,BLACKPINK,https://open.spotify.com/track/1TaQciB8qqRZ9fxWGhS65X,-0.6167823903829454,-0.3343664343077825,0.090832173654115,-0.16957677944084176,-0.26712687649282757,0.833305047361302,-0.7107070302791556,-0.3572631876043437,0.24954799848571463,201081,41MozSoPIsD1dJM0CLPjZF,83,10276873,https://i.scdn.co/image/254b0e0fc1d4cf39de56960ed983c1ff7e3dff00,True,False,False,False,False,False,True,False,False,False,False,False,False,True,False
global,801.0,2iwS33Jfev1QBiuhWVWZHY,11730958,i'm so tired...,Lauv,https://open.spotify.com/track/2iwS33Jfev1QBiuhWVWZHY,-0.31783398691913045,-0.5273235047204599,0.6307533425733852,-0.16957677944084176,0.497844282223556,-0.20903590983337966,0.6410667889912505,0.21004717323183797,-0.648863859369896,162583,5JZ7CnR6gTvEMKX4g70Amv,91,2139634,https://i.scdn.co/image/d763de4ee1f230d55719b5fcccd76984fcc2d290,True,False,False,False,False,False,False,False,False,False,False,True,False,True,False
global,802.0,6ofuqm2qLMi9lBFEF9mJMb,11729029,Hasta Que Salga el Sol,Ozuna,https://open.spotify.com/track/6ofuqm2qLMi9lBFEF9mJMb,-0.9227373970529434,1.1893290527440477,1.1532576995920338,-0.16061944191198876,-0.8460040898676296,0.8131353536491727,-0.687884874888876,0.3734325571526579,-0.8494475530361808,188600,1i8SpTcr7yvPOmcqrbnVXY,98,21123358,https://i.scdn.co/image/f9ede0c1b199df8dfc4a29b784342e9af2e15a2c,True,False,False,False,False,False,False,False,False,False,False,True,False,True,False
global,803.0,03T4ttRCiLXST6MZjeMwmR,11714278,Orphans,Coldplay,https://open.spotify.com/track/03T4ttRCiLXST6MZjeMwmR,-0.904053121836455,-1.1660779447072531,1.0661736400889261,-0.15073147191260558,2.814824234104911,0.513831505885254,-0.7458180385718934,-0.9291120313272146,-0.4612661942242745,197533,4gzpq5DPGxSnKTe4SA8HAU,92,24034836,https://i.scdn.co/image/c942640d486338e4ae144a497f0cfd3f35ceb7af,False,False,False,False,False,False,False,False,False,False,False,True,False,True,False
global,804.0,14SaZBTjxlorHJQxXh01Hu,11699933,Girls Need Love (with Drake) - Remix,Summer Walker,https://open.spotify.com/track/14SaZBTjxlorHJQxXh01Hu,0.7214788219980388,-0.1480630559783009,-1.116733451455651,-0.16957677944084176,-0.31125982795723434,-1.0817353359849737,0.7639553180158326,-1.8064007733242855,-0.8177473230133085,222374,57LYzLEk2LcFghVwuWbcuS,85,821531,https://i.scdn.co/image/a38579606746ef34c38c349f4cdb250784f3aee8,False,False,False,False,False,False,True,False,False,False,False,False,False,True,False
global,805.0,6oX9RuILbVIglevEhbg8iM,11677080,KARMA,Nimo,https://open.spotify.com/track/6oX9RuILbVIglevEhbg8iM,-0.46185860837956205,0.13139201151592073,0.055998549852871726,-0.1695198945310806,1.2039715056540643,0.12844628674278344,-0.48950767803490736,0.18281627591170124,1.2317018397590358,255133,3ZuBEj9ppJe8GSdKaMTfMN,82,848130,https://i.scdn.co/image/37fdbd3fc9039ea843c4bd52be217a894b1519e5,False,False,False,False,False,False,False,False,False,False,False,False,False,True,False
global,806.0,1JkrD47SDpAbyvqKtolcea,11676982,"Thotiana (feat. Cardi B, YG) [Remix]",Blueface,https://open.spotify.com/track/1JkrD47SDpAbyvqKtolcea,-0.8612349911320024,1.5486284252366191,0.5610860949708987,-0.16957677944084176,-0.465725158082658,0.5923492421217572,1.3169536986264534,0.9180505035553921,-0.5870581747565137,297546,3Fl1V19tmjt57oBdxXKAjJ,81,1765266,https://i.scdn.co/image/6924d354dc0667e20868cc9d10c3117249fa6373,False,False,False,False,False,False,False,False,False,False,True,False,False,True,False
global,807.0,7f5trao56t7sB7f14QDTmp,11671382,Juicy (feat. Tyga),Doja Cat,https://open.spotify.com/track/7f5trao56t7sB7f14QDTmp,-0.6058832298399939,0.7169169148371486,0.16049942125660158,-0.16957677944084176,-0.7695069739959912,1.3940945671788965,-0.5535852681691539,-0.021415453989324266,1.5584355247689072,203093,5cj0lLjcoR7YOSnhnX0Po5,86,836522,https://i.scdn.co/image/c0492ddbdf41c4595ee1334d3f896ea786005fe9,True,False,False,False,False,False,False,False,False,False,False,False,False,True,False
global,808.0,7r6aR2f57resC5r93LwMfK,11663676,Hands On,Kanye West,https://open.spotify.com/track/7r6aR2f57resC5r93LwMfK,1.1691229157264078,-1.0928873317920997,-1.343152006163732,-0.16957677944084176,0.7920639586529342,-0.8076436053612172,3.5026139648493824,0.5005100779799626,-1.4355763440853655,203174,5K4W6rqBFWDnAN6FQUkS6x,94,10995470,https://i.scdn.co/image/bd1c6fdf3705cf9b7d0c8ac8e7bbed98e31a1559,False,True,False,False,False,False,False,False,False,False,False,False,False,True,False
global,809.0,4aPB8rSxGFISs0o6V2LrTy,11560846,Gold Roses (feat. Drake),Rick Ross,https://open.spotify.com/track/4aPB8rSxGFISs0o6V2LrTy,-0.8009003524120918,-0.6470899622179838,0.10244338158786276,-0.16957677944084176,0.06387025949022296,0.41766528765063765,2.4317282119208787,0.21912413900521688,-1.3671311862433737,345160,1sBkRIssrMs1AbVkOJbc7a,86,3714784,https://i.scdn.co/image/d385491147314cbbe2826da3a379902891f97213,True,True,False,False,False,False,False,False,False,False,False,False,False,True,False
global,810.0,2VUTPdW21gPVVTEmvdSwos,11479788,Ela,Reynmen,https://open.spotify.com/track/2VUTPdW21gPVVTEmvdSwos,0.5774542005376072,0.55722830484045,-0.2749208762589394,-0.16957677944084176,-0.5937107173294376,-0.10458571025271012,-0.6834959988522837,0.20550869034514851,0.2581728043954288,185783,1Fg19vpUJpAAPFjnKaVYVW,64,958512,https://i.scdn.co/image/f4854fdfce7b0686ea9e8fcc228bc00863edb128,False,False,False,False,False,False,False,False,True,False,False,False,False,True,False
global,811.0,3IWs9dAwTqN0EFhOIcBDfs,11409968,Be Honest,Jorja Smith,https://open.spotify.com/track/3IWs9dAwTqN0EFhOIcBDfs,0.3361156456579647,0.5904967652564289,0.7062261941427457,-0.16957677944084176,-0.4730806499933925,0.2112861002033146,-0.21037516210764173,0.6684339447874725,-0.7846150497450498,207031,1CoZyIx7UvdxT5c8UkMzHd,80,1259084,https://i.scdn.co/image/a781161f9e412f54e7b2a9d2fdc07a32cb75b42b,False,False,False,False,True,False,False,False,False,False,False,False,False,True,False
global,812.0,01Qb6dN5suQNu87VJ1mIpf,11335143,Did It Again,Lil Tecca,https://open.spotify.com/track/01Qb6dN5suQNu87VJ1mIpf,-0.15434657877485658,0.1380457035991165,-0.28653208419268716,-0.16957677944084176,-0.45836966617192354,-1.2405716739679922,0.25484569777113436,-1.1514976927749978,0.866368079998522,116240,4Ga1P7PMIsmqEZqhYZQgDo,88,1508291,https://i.scdn.co/image/87b4d40e2c756869e2264ce9b5899956f8011405,True,True,False,False,False,False,False,False,False,False,False,False,False,True,False
global,813.0,2BkyYZmU4JuWW2sYi9EzpC,11283105,7 Minutes,Dean Lewis,https://open.spotify.com/track/2BkyYZmU4JuWW2sYi9EzpC,1.044561080949818,-0.4341718155557191,0.6655869663746284,-0.16957677944084176,-0.18621646547474865,-0.0001355106720405527,-0.8678287923891573,1.01789712706256,-0.5591984243462689,211453,3QSQFmccmX81fWCUSPTS7y,83,926350,https://i.scdn.co/image/666aa7bc7c5386cceb3a484bffdc07ab89e6634e,True,False,False,False,False,False,False,False,False,False,True,False,False,True,False
global,814.0,4mUIe9gfsdtsVP2zFIl74x,11228502,Maze,Juice WRLD,https://open.spotify.com/track/4mUIe9gfsdtsVP2zFIl74x,-0.5124618537575516,-0.02829659848077704,0.590114114805268,-0.16955863210766645,-0.43630319043972016,0.9597258061641122,0.09684616045381404,-0.20295476945690225,1.2341428225636724,144090,4MCBfE4596Uoi2O4DtmEMz,98,7403812,https://i.scdn.co/image/d8e62447a338a882b490460da20e90aac6d60ae7,False,False,False,False,False,False,False,False,False,False,False,True,False,True,False
global,815.0,62o8KoI44JfN7aYxgTnPvh,11227586,Mala Mía,Maluma,https://open.spotify.com/track/62o8KoI44JfN7aYxgTnPvh,0.2037686962078384,0.47073030775890506,0.7410598179439889,-0.16957677944084176,0.42428936311621157,0.5743405870216418,1.8875075833834425,1.8756703926468667,1.88448573459348,183753,1r4hJ1h58CWwUQe3MxPuau,92,18201306,https://i.scdn.co/image/d12586e8e67dffd2ea281d6eeefbe4b06b06b69a,True,False,False,False,False,False,True,False,False,False,False,False,False,True,False
global,816.0,38lQ7lYhN3eSWepnZHaiBF,11210438,Rolex,Capital Bra,https://open.spotify.com/track/38lQ7lYhN3eSWepnZHaiBF,0.3439007603315016,0.8965666010834337,-0.19944802468957898,-0.16957677944084176,-1.0357757811645785,-0.023186589200188335,1.8875075833834425,1.036051058609318,-0.9816837281726591,235955,4WZGDpNwrC0vNQyl9QzF7d,86,2984316,https://i.scdn.co/image/d03852fe340cb703676ef25a2e66368c788c4b95,False,False,False,False,True,False,False,False,False,False,False,False,False,True,False
global,817.0,4dTiQezDWmEOWcdCbWVWMp,11181043,Numb Numb Juice,ScHoolboy Q,https://open.spotify.com/track/4dTiQezDWmEOWcdCbWVWMp,-0.9981751582395155,1.382286123156725,-0.8961205007144439,-0.1691859138032191,-0.3921702389753135,-0.4604367350309913,2.879393567653286,-1.3784218371094703,1.1342252597605742,114973,5IcR3N7QB1j6KBL8eImZ8m,81,2913150,https://i.scdn.co/image/16e1c84dcb5ab6b682f113a048ed172ca3ca2ef6,True,False,False,False,False,False,True,False,False,False,False,False,False,True,False
global,818.0,0B3FovCVaGKS5w1FTidEUP,11155049,BROWN SKIN GIRL,Blue Ivy,https://open.spotify.com/track/0B3FovCVaGKS5w1FTidEUP,-0.8121887686887203,-0.5007087363876768,-0.12978077708709243,-0.16957677944084176,0.7699974829207312,-0.2180402373834375,0.8780660949672306,0.48689462931989425,-0.07956157645400173,248472,6vWDO969PvNqNYHIOW5v0m,90,21495344,https://i.scdn.co/image/9fef2047e4e3f05031807d5fa9e121b7862ba259,True,False,False,False,False,False,True,False,False,False,False,False,False,False,True
global,819.0,7hzlzoOwCZ4D3Ow5YZK4kj,11104433,Insomnia,Daya,https://open.spotify.com/track/7hzlzoOwCZ4D3Ow5YZK4kj,-0.6354666655994339,0.5039987681748839,0.16630502522347546,-0.16957677944084176,1.5349686416371149,0.4979838893971525,-0.6044962301936236,-0.49341767420502713,0.030477928378986958,179746,6Dd3NScHWwnW6obMFbl1BH,79,1028506,https://i.scdn.co/image/6dcfbf8e78a3dc84e2535db44a0a062d6ccf5980,True,False,False,False,False,False,False,True,False,False,False,False,False,True,False
global,820.0,2ktxr00GpTtbMNeBjNeY8D,11094939,Who Needs Love,Trippie Redd,https://open.spotify.com/track/2ktxr00GpTtbMNeBjNeY8D,1.9670971697639346,1.1427532081616771,-0.6290627182382454,-0.16957677944084176,-0.6231326849723755,-0.42730080964677875,-0.5140853838398238,1.7531313547062515,-0.42911031407787026,158532,6Xgp2XMz1fhVYe7i6yNAax,92,3998147,https://i.scdn.co/image/955a9b53451b9c97a6571202eccfe0b2b94a9e50,False,False,False,False,False,False,False,False,False,False,False,False,False,True,False
global,821.0,7oqftogUN82Q7VNy2TmTJW,11012020,MOOD 4 EVA (feat. Oumou Sangaré),Beyoncé,https://open.spotify.com/track/7oqftogUN82Q7VNy2TmTJW,-0.5397097551149306,-0.4674402759716979,0.49141884736841207,-0.16957677944084176,1.1966160137433297,0.10899693923465899,2.142062393505792,1.0042816784024917,-0.5339423889276352,272069,6vWDO969PvNqNYHIOW5v0m,90,21495344,https://i.scdn.co/image/9fef2047e4e3f05031807d5fa9e121b7862ba259,True,False,False,False,False,False,False,True,False,False,False,False,False,True,False
global,822.0,6wWaVoUOzLQJHd3bWAUpdZ,10996102,"Never Recover (Lil Baby & Gunna, Drake)",Lil Baby,https://open.spotify.com/track/6wWaVoUOzLQJHd3bWAUpdZ,-0.7393979464911508,0.11143093526633341,0.3578899561303135,-0.16957677944084176,0.13742517859756762,0.38272849675641357,1.352064706919191,1.807593149346525,0.322452018250842,194732,5f7VJjfbwm532GiveGC0ZK,93,3258508,https://i.scdn.co/image/063f9f09ac26d99e3294686c105d4d9e2dfec6b2,False,True,False,False,False,False,False,False,False,False,False,False,False,True,False
global,823.0,4h8VwCb1MTGoLKueQ1WgbD,10989396,Wake Me Up,Avicii,https://open.spotify.com/track/4h8VwCb1MTGoLKueQ1WgbD,-0.9881323603106529,-0.9731208742945758,0.9210335409170792,-0.15561729238288904,-0.09795056254593507,0.2811596819917625,-0.6817404484376469,0.7047418078809882,0.06289418002455223,247427,1vCWHaC5f2uS3yhpwWbIA6,89,16559762,https://i.scdn.co/image/81b19a403109c4fe528ee3972137127b85be9519,True,False,True,False,False,False,False,False,False,False,False,False,False,True,False
global,824.0,51RN0kzWd7xeR4th5HsEtW,10926306,IGOR'S THEME,"Tyler, The Creator",https://open.spotify.com/track/51RN0kzWd7xeR4th5HsEtW,-0.9811646826778376,-1.4056108597023005,0.2766115005940792,2.6572193497945866,3.182598829641633,-0.32177009076010255,2.1683956497253454,-1.919408997202853,1.3328561671831498,200693,4V8LLVI7PbaPR0K2TGSxFF,87,3689916,https://i.scdn.co/image/fe839f5bd121774e64f377b5eead237c69a01711,False,False,False,False,False,False,False,False,False,False,True,False,False,True,False
global,825.0,71pEiUWwfDFiRO6RmFpnBf,10916176,MOJAITA,J Balvin,https://open.spotify.com/track/71pEiUWwfDFiRO6RmFpnBf,-0.9363613477316329,-1.5187236251166287,1.2635641749626374,-0.16957677944084176,1.490835690172708,1.0357223306865995,-0.2454861704003796,1.8030546664598355,1.624765164180214,187333,1vyhD5VmyZ7KMfW5gqLgo5,99,17106207,https://i.scdn.co/image/84a8ce44cf41f5991178c3d7d8060d2e65624d1f,True,False,False,False,False,False,False,False,False,False,False,False,False,True,False
global,826.0,5T03itPFOPGGkvVPvPiyla,10834365,Put It All on Me (feat. Ella Mai),Ed Sheeran,https://open.spotify.com/track/5T03itPFOPGGkvVPvPiyla,-0.018107071987961743,-0.3410201263909783,-0.17622560882208346,-0.16957677944084176,1.46141372252977,-0.6585319411322608,-0.7212403327669769,-0.4480328453381326,-0.6880172235562568,197093,6eUKZXaKkcviH0Ku9w2n3V,98,57463755,https://i.scdn.co/image/f55cab0739390cf3b2c2f773b9c779b2f0ae8a99,True,False,False,False,False,False,False,True,False,False,False,False,False,True,False
global,827.0,40rXWke6SnXiGkSmaT8ZUr,10787388,Fantasía,Ozuna,https://open.spotify.com/track/40rXWke6SnXiGkSmaT8ZUr,-0.11931356274394074,0.11143093526633341,0.5494748870371509,-0.1675875525350835,-0.6319592752652567,0.1943579644092062,-0.3481858696566376,1.3310524462441324,1.8852993955283588,175187,1i8SpTcr7yvPOmcqrbnVXY,98,21123358,https://i.scdn.co/image/f9ede0c1b199df8dfc4a29b784342e9af2e15a2c,True,False,True,False,False,False,False,False,False,False,False,False,False,True,False
global,828.0,711MglQhnhOF3UAiAs9A59,10764351,Robbery,Juice WRLD,https://open.spotify.com/track/711MglQhnhOF3UAiAs9A59,0.07920686143124894,-0.0615650588967559,0.3404731442296918,-0.16957677944084176,0.6890870719026521,0.4709709067469793,-0.6668182699132333,0.414278903132863,1.231832025508617,240437,4MCBfE4596Uoi2O4DtmEMz,98,7403812,https://i.scdn.co/image/d8e62447a338a882b490460da20e90aac6d60ae7,True,False,True,False,False,False,False,False,False,False,False,False,False,True,False
global,829.0,5xjei7JnROsAzLY2a7RdZU,10742516,Shots,Lil Tecca,https://open.spotify.com/track/5xjei7JnROsAzLY2a7RdZU,1.0406685236130497,1.003025674414566,-0.24589285642457004,-0.16957677944084176,-0.7239029241494376,0.27251552754370706,-0.776540170828039,0.10112358395129104,-0.4595412330423314,109373,4Ga1P7PMIsmqEZqhYZQgDo,88,1508291,https://i.scdn.co/image/87b4d40e2c756869e2264ce9b5899956f8011405,False,False,False,False,False,False,False,True,False,False,False,False,False,True,False
global,830.0,5qFeMRz4TvetPmzjre9Dq7,10738438,No Es Justo,J Balvin,https://open.spotify.com/track/5qFeMRz4TvetPmzjre9Dq7,-0.37622234697065676,0.03824032235118067,1.0835904519895478,-0.16535403460581105,-0.6415214147492116,0.71444792370054,-0.5140853838398238,1.0587434730427652,-1.1157425038032656,250840,1vyhD5VmyZ7KMfW5gqLgo5,99,17106207,https://i.scdn.co/image/84a8ce44cf41f5991178c3d7d8060d2e65624d1f,True,False,False,False,False,False,False,True,False,False,False,False,False,True,False
global,831.0,020wG4EHTwBy5h2rbpxqvK,10580175,SUPREME - L'ego (feat. tha Supreme & Sfera Ebbasta),Marracash,https://open.spotify.com/track/020wG4EHTwBy5h2rbpxqvK,-0.7358946448880591,-0.1480630559783009,0.2127498569584665,-0.16957677944084176,-0.36274827133237564,0.21236661950932156,-0.6123962070594897,0.09658510106460158,0.6121478575050361,223045,5AZuEF0feCXMkUCwQiQlW7,83,836175,https://i.scdn.co/image/c9a2915a62d687f45de7d5f30c0ce8ff14a198da,True,False,False,False,False,False,False,False,False,True,False,False,False,True,False
global,832.0,3CYH422oy1cZNoo0GTG1TK,10473244,Psycho,Red Velvet,https://open.spotify.com/track/3CYH422oy1cZNoo0GTG1TK,-0.25166051219406715,-0.09483351931273475,0.24177787679283588,-0.16957677944084176,-0.6540257509974602,1.5396045003878291,-0.7493291394011672,-0.3754171191511013,0.5806103596691399,210560,1z4g3DjTBBZKhvAroFlhOM,82,2883044,https://i.scdn.co/image/76f0a6ebc5f5595d21756e66429aa16225e09204,True,False,False,False,False,False,False,False,True,False,False,False,False,True,False
global,833.0,04cd1MHVq1D8v1nuTZoCdv,10444408,Puntos Suspensivos,Piso 21,https://open.spotify.com/track/04cd1MHVq1D8v1nuTZoCdv,-0.32172654425589886,0.9631035219153914,0.6191421346396374,-0.16957677944084176,-0.3186153198679688,1.1088374703930681,-0.23670841832719514,2.1071330198680283,0.9723718265945126,186316,4bw2Am3p9ji3mYsXNXtQcd,84,4845869,https://i.scdn.co/image/b9ad111f39b296a60ac317d1ff7405bdb9ad630f,False,False,False,False,False,False,False,False,False,False,False,True,False,True,False
global,834.0,5hQSXkFgbxjZo9uCwd11so,10436781,False God,Taylor Swift,https://open.spotify.com/track/5hQSXkFgbxjZo9uCwd11so,1.861998121671187,0.40419338692694734,-1.7669610957455248,-0.16786674227624257,-0.465725158082658,-1.5791343898501624,0.9570658636258905,-0.6204951950323319,-1.3727291734753386,200307,06HL4z0CvFAxyc27GXpf02,95,25846444,https://i.scdn.co/image/62b33d12e2b9a033cf77585f6e3d4b2c6b3a63a1,False,False,False,False,False,False,False,False,False,False,False,True,False,True,False
global,835.0,0vmANNClszGQZ0FISySK61,10436455,I Saw Mommy Kissing Santa Claus,The Jackson 5,https://open.spotify.com/track/0vmANNClszGQZ0FISySK61,0.16873568017692256,-0.7136268830499415,-0.2284760445239484,-0.1693545909385027,3.778393674411124,-1.8787984107160836,-0.6597960682546857,1.1086667847963492,0.2063263296249606,179667,2iE18Oxc8YSumAU232n4rW,79,882142,https://i.scdn.co/image/19f768d93f6c80f7d4ca5b906e1c0376a3704389,True,False,False,True,False,False,False,False,False,False,False,False,False,True,False
global,836.0,01DOm09B2AbiTARAbXVI6g,10407677,CHopstix (with Travis Scott),ScHoolboy Q,https://open.spotify.com/track/01DOm09B2AbiTARAbXVI6g,-0.8507250863227277,1.8613519531468197,-0.1413919850208402,-0.16957677944084176,0.7332200233670589,-0.18670517750923674,-0.10504213722942833,0.5413564239601677,0.18829560330805012,181153,5IcR3N7QB1j6KBL8eImZ8m,81,2913150,https://i.scdn.co/image/16e1c84dcb5ab6b682f113a048ed172ca3ca2ef6,False,False,False,False,False,False,False,False,False,True,False,False,False,True,False
global,837.0,6SQLk9HSNketfgs2AyIiMs,10404729,She,Harry Styles,https://open.spotify.com/track/6SQLk9HSNketfgs2AyIiMs,-1.0008532376872123,-0.9531597980449885,-0.600034698403876,4.146231302642878,0.11535870286536422,0.1929172720011968,-0.9020620254745767,-0.13941600904324986,0.5818796707275511,362653,6KImCVD70vtIoJWnq6nGn3,95,5911371,https://i.scdn.co/image/b2163e7456f3d618a0e2a4e32bc892d6b11ce673,True,False,False,False,False,False,False,False,False,False,False,False,True,False,False
global,838.0,4ricyQVd20UQde1jpXCSuJ,10338670,Winter Wonderland,Tony Bennett,https://open.spotify.com/track/4ricyQVd20UQde1jpXCSuJ,2.239576183337724,-1.5054162409502372,-1.4999033132693267,-0.16957677944084176,-0.7018364484172341,-2.7633835492337537,-0.776540170828039,0.6412030474673358,-0.2324321928990027,133867,2lolQgalUvZDfp5vvVtTYV,76,485062,https://i.scdn.co/image/cdc8a7ef4d569d7519c12758067715f5833bd4c9,False,False,False,False,False,False,False,False,False,False,False,False,False,True,False
global,839.0,6gi6y1xwmVszDWkUqab1qw,10316065,OUT WEST (feat. Young Thug),JACKBOYS,https://open.spotify.com/track/6gi6y1xwmVszDWkUqab1qw,-0.9624414818879814,0.823375988168281,-0.1936424207227051,-0.16957677944084176,0.159491654329771,0.5700185097976143,0.8341773346013084,-0.8111114762732888,0.5766071478695372,157712,7A8S43ryYdbWpJKeHRZRcq,84,81773,https://i.scdn.co/image/6ff70bad6cce3e82af9d6ad0c18734cbb53ede85,True,False,False,False,False,False,False,False,True,False,False,False,False,True,False
global,840.0,2QrXzOqLCVDRZHkToA0tSR,10243846,Never Go Back,Dennis Lloyd,https://open.spotify.com/track/2QrXzOqLCVDRZHkToA0tSR,-0.9503745541439993,-1.711680695529306,0.16630502522347546,-0.16957677944084176,-0.44365868235045464,0.5862262993877182,2.352728443262219,1.1132052676830386,-1.417317792706689,175424,3EOEK57CV77D4ovYVcmiyt,76,364822,https://i.scdn.co/image/a275593777ddc157570cedd0649e6ba8eee215c6,False,False,False,False,False,False,False,False,False,True,False,False,False,True,False
global,841.0,1nXZnTALNXiPlvXotqHm66,10230984,A BOY IS A GUN*,"Tyler, The Creator",https://open.spotify.com/track/1nXZnTALNXiPlvXotqHm66,1.2352963904514707,0.11143093526633341,0.3753067680309345,-0.16957677944084176,2.3661392275501085,-0.6570912487242517,0.4216229871616389,0.07843116951784376,-1.3858128413081874,210253,4V8LLVI7PbaPR0K2TGSxFF,87,3689916,https://i.scdn.co/image/fe839f5bd121774e64f377b5eead237c69a01711,False,False,True,False,False,False,False,False,False,False,False,False,False,True,False
global,842.0,08aYFNUTIOMGq93e2VSArQ,10185839,Que Le De,Rauw Alejandro,https://open.spotify.com/track/08aYFNUTIOMGq93e2VSArQ,-0.26333818420437244,0.6104578415060162,0.7294486100102412,-0.16957677944084176,-0.8276153600907934,1.3551958721626474,-0.4517633441202142,0.5504333897335466,-0.7209216717627492,225600,1mcTU81TzQhprhouKaTkpq,89,472527,https://i.scdn.co/image/a7d7f547bd026af653b776c7f2a730acfe9bc261,True,False,False,False,False,False,False,False,False,False,False,False,False,True,False
global,843.0,1Bdptrvb7nQkq8kCw3siE9,10145015,Feels (feat. Young Thug & J Hus),Ed Sheeran,https://open.spotify.com/track/1Bdptrvb7nQkq8kCw3siE9,-0.5669576564723096,-0.08817982722953897,0.3230563323290702,-0.16957677944084176,-0.5760575367436749,0.5685778173896049,1.4047312193582977,0.9180505035553921,-0.9919358559521301,150787,6eUKZXaKkcviH0Ku9w2n3V,98,57463755,https://i.scdn.co/image/f55cab0739390cf3b2c2f773b9c779b2f0ae8a99,True,False,True,False,False,False,False,False,False,False,False,False,False,True,False
global,844.0,6bWBLZLBRQEJ5KsLicouNB,10128370,I Think I'm OKAY (with YUNGBLUD & Travis Barker),Machine Gun Kelly,https://open.spotify.com/track/6bWBLZLBRQEJ5KsLicouNB,-0.8939324727608572,-0.32771274222458674,0.6075309267058897,-0.16957677944084176,0.836196910117341,0.6244046481999629,-0.855539939486699,-0.8338038907067361,-0.07002547029722421,170440,6TIYQ3jFPwQSRmorSezPxX,84,1813344,https://i.scdn.co/image/3cc72d9980641a907e68e30b595c3975d6c5e5d0,True,False,False,False,False,False,False,True,False,False,False,False,False,True,False
global,845.0,3707IBa4HnS3zDDoWfeUBl,10117166,I Warned Myself,Charlie Puth,https://open.spotify.com/track/3707IBa4HnS3zDDoWfeUBl,1.1846931450734814,-1.2658833259551898,-1.8192115314473898,-0.16320194701771001,-0.09795056254593507,-1.7970391165615593,1.466175483870589,0.414278903132863,2.016721909729958,159783,6VuMaDnrHyPL1p4EHjYLi7,85,9096895,https://i.scdn.co/image/6402030b18deb0ba5d7cdbf2e6727a1f36c86030,False,False,False,False,False,False,False,False,False,False,True,False,False,True,False
global,846.0,5ug4vqGZ3eisGhY1IsziNX,10056035,Best Part of Me (feat. YEBBA),Ed Sheeran,https://open.spotify.com/track/5ug4vqGZ3eisGhY1IsziNX,1.963204612427166,-0.7535490355491161,-2.219798205161687,-0.16946859341614262,0.8141304343851375,-0.6805025003544022,-0.8616843659379282,-1.1378822441149294,-1.3178233335897274,243267,6eUKZXaKkcviH0Ku9w2n3V,98,57463755,https://i.scdn.co/image/f55cab0739390cf3b2c2f773b9c779b2f0ae8a99,True,False,True,False,False,False,False,False,False,False,False,False,False,True,False
global,847.0,4AYtqFyFbX0Xkc2wtcygTr,10038462,Soon You’ll Get Better (feat. Dixie Chicks),Taylor Swift,https://open.spotify.com/track/4AYtqFyFbX0Xkc2wtcygTr,2.5276254262585875,-1.6318363905309567,-2.5681344431741198,-0.16957677944084176,-0.37745925515384454,-2.1928693556620966,-0.5781629739740703,-0.30280139296407027,2.7771368730301496,201587,06HL4z0CvFAxyc27GXpf02,95,25846444,https://i.scdn.co/image/62b33d12e2b9a033cf77585f6e3d4b2c6b3a63a1,True,False,False,False,False,False,False,False,False,False,False,False,False,True,False
global,848.0,20ZP3Om9DvDazXrNUC7WM2,10032535,These Days,Rudimental,https://open.spotify.com/track/20ZP3Om9DvDazXrNUC7WM2,-0.2711232988779093,-0.16137044014469246,1.0081176004201873,-0.16957677944084176,-0.17886097356401418,0.8621188955214867,-0.744940263364575,0.3915864886994157,-0.974458419070937,211760,4WN5naL3ofxrVBgFpguzKo,78,1132015,https://i.scdn.co/image/bc4c973b7e8fc98d054aeb6e82cdbaca118f92f2,True,False,False,False,False,False,False,False,False,False,False,False,False,True,False
global,849.0,6MF4tRr5lU8qok8IKaFOBE,10031440,Under The Sun (with J. Cole & Lute feat. DaBaby),Dreamville,https://open.spotify.com/track/6MF4tRr5lU8qok8IKaFOBE,0.9861727208982917,0.08481616693355033,0.090832173654115,-0.16957677944084176,1.7262114313162105,0.013190894102044843,2.0981736331398695,-1.4737299777299486,0.5378117944945229,202040,1iNqsUDUraNWrj00bqssQG,78,186560,https://i.scdn.co/image/a18511aae6029596c9dfca3b9d38fb8383386d0e,True,False,False,False,False,False,False,False,False,False,False,False,False,True,False
global,850.0,10hMM5nsZQf66ldBlgWBfG,10023057,All For Us - from the HBO Original Series Euphoria,Labrinth,https://open.spotify.com/track/10hMM5nsZQf66ldBlgWBfG,-0.938696882133694,-2.197400217602597,0.16049942125660158,-0.16650569228809217,1.1451275703681885,-0.24037096970758043,-0.32360816385172114,-1.4328836317497438,-1.6661027601551848,192987,2feDdbD5araYcm6JhFHHw7,83,1024987,https://i.scdn.co/image/d9a7e54f8df26abde79fd1be03f40d4e8569f590,True,False,False,True,False,False,False,False,False,False,False,False,False,True,False
global,851.0,2QpxC2yag7Ec7Ut1dovXKb,10008216,Diamonds (feat. Capital Bra),Summer Cem,https://open.spotify.com/track/2QpxC2yag7Ec7Ut1dovXKb,-0.6576542424190138,0.5638819969236458,-0.7509804015425969,-0.16957677944084176,-0.7673003264227708,-0.7950375467911363,1.2467316820409777,-0.6386491265790898,1.0625254581790675,197013,3drqpTL4sQOckmAfF9i1wg,81,818637,https://i.scdn.co/image/bcdeb11f063818e198921abce79f8631b3fde6c1,False,False,False,False,True,False,False,False,False,False,False,False,False,True,False
global,852.0,6IJTc8xo6XasOU8fpxMU57,9916717,Call You Mine (feat. Bebe Rexha),The Chainsmokers,https://open.spotify.com/track/6IJTc8xo6XasOU8fpxMU57,-0.1270986774174776,-0.580553041386026,0.4507796196002949,-0.16957677944084176,1.7629888908698828,0.3196982039060096,-0.8871398469501631,0.06027723797108594,-0.5905406435577943,217653,69GGBxA162lTqCwzJG5jLp,91,15139114,https://i.scdn.co/image/960547a625bc2eb742bb3dd170cbc049d2e94cf9,True,False,False,False,False,False,False,True,False,False,False,False,False,True,False
global,853.0,5yH8pYxNckOU1cxfPsMIaz,9799691,Agora é Tudo Meu,Dennis DJ,https://open.spotify.com/track/5yH8pYxNckOU1cxfPsMIaz,1.7218660575475235,1.1294458239952856,1.7918741359481605,-0.1695440909753144,0.07122575140095742,1.1423335688792828,-0.21037516210764173,0.08296965240453322,0.5809683704804863,171998,6xlRSRMLgZbsSNd0BMobwy,77,1392819,https://i.scdn.co/image/963c52d6eb4f400109a80b82548cd217890c4af2,False,False,False,False,False,True,False,False,False,False,False,False,False,True,False
global,854.0,6bOkaEXc5CopinGazSLokx,9689955,WHAT'S GOOD,"Tyler, The Creator",https://open.spotify.com/track/6bOkaEXc5CopinGazSLokx,-0.7822160771956034,-1.4654940884510625,1.6525396407431874,-0.16952722326178601,-0.4730806499933925,-0.027148493322213776,3.133948377775635,-0.17572387213676552,-0.12760011804923724,205627,4V8LLVI7PbaPR0K2TGSxFF,87,3689916,https://i.scdn.co/image/fe839f5bd121774e64f377b5eead237c69a01711,True,True,False,False,False,False,False,False,False,False,False,False,False,True,False
global,855.0,7kuRvjpeUcn6qNV9IBXC2C,9677878,Ta To Gucci (Remix),Cauty,https://open.spotify.com/track/7kuRvjpeUcn6qNV9IBXC2C,0.4879253817919334,0.3443101581781854,0.13727700538910603,-0.16827389398209952,-0.5245690933685337,0.02615712577412781,2.17717340179853,0.8499732602550507,2.14296954038573,304859,2QUvtLq6oQaX0LNsYY2fas,72,130509,https://i.scdn.co/image/b2a7de6ca80d550b6ef5e1e6d8e501f8422919ff,False,True,False,False,False,False,False,False,False,False,False,False,False,True,False
global,856.0,20JtELGPfOAMq7FpUt8eSM,9670463,Yellow Hearts,Ant Saunders,https://open.spotify.com/track/20JtELGPfOAMq7FpUt8eSM,-0.5474948697884674,1.2492122814928095,-1.3083183823624887,-0.16957677944084176,-0.7753913675245787,-1.6065075456023379,-0.486874352412952,1.0224356099492495,0.22455233456624246,223256,4jpsw9CQS439N0B7SecMgf,78,27094,https://i.scdn.co/image/459c48f7a24c035b5f935ecc69a6317aaddf3c80,True,False,False,False,False,False,False,True,False,False,False,False,False,True,False
global,857.0,7G2XZhDNHo7SSDWSVxC0UT,9659413,Terremoto,Anitta,https://open.spotify.com/track/7G2XZhDNHo7SSDWSVxC0UT,0.2777272856064385,0.11143093526633341,1.0487568281883046,-0.16957677944084176,0.7552864990992623,0.23109562081344148,-0.35257474569322983,2.17521026316837,-0.8820916297435123,146276,7FNnA9vBm6EKceENgCGRMb,89,8588071,https://i.scdn.co/image/7cabfa639a2b6734f8f9df2f42e7d7a9187682bc,False,False,False,False,False,False,False,False,True,False,False,False,False,True,False
global,858.0,4RbbzNY4MEcgzewYWkIsGu,9643332,Price On My Head (feat. The Weeknd),NAV,https://open.spotify.com/track/4RbbzNY4MEcgzewYWkIsGu,0.4918179391287018,0.5971504573396247,-0.29233768815956107,-0.16938483649379493,1.1892605218325953,0.13456922947682282,0.05295740008789198,-0.9518044457606617,-1.5361448356363667,217776,7rkW85dBwwrJtlHRDkJDAC,83,1763142,https://i.scdn.co/image/819c7e7c7126e367b35ff23e0653b1779069128f,False,False,False,False,False,False,True,False,False,False,False,False,False,True,False
global,859.0,3oDkdAySo1VQQG0ptV7uwa,9623926,Lean Wit Me,Juice WRLD,https://open.spotify.com/track/3oDkdAySo1VQQG0ptV7uwa,-0.8417722044481603,-0.08817982722953897,0.15469381728972767,-0.16957677944084176,-0.6231326849723755,0.3467111865561828,0.22851244155158096,-1.1378822441149294,1.360032442408097,175755,4MCBfE4596Uoi2O4DtmEMz,98,7403812,https://i.scdn.co/image/d8e62447a338a882b490460da20e90aac6d60ae7,True,True,False,False,False,False,False,False,False,False,False,False,False,True,False
global,860.0,3RIgHHpnFKj5Rni1shokDj,9588477,Norman fucking Rockwell,Lana Del Rey,https://open.spotify.com/track/3RIgHHpnFKj5Rni1shokDj,2.761178866464693,-3.0623801884180466,-2.376549512267282,0.8157303487329886,-0.5848841270365563,-2.165496199909921,-0.8177956055720059,-1.587192049897185,-1.4778541662616604,248934,00FQb4jTyendYWaN8pK0wa,89,9718093,https://i.scdn.co/image/6e8dc460cfb6b89d7970302259febd0aa73b38c6,True,False,False,False,False,True,False,False,False,False,False,False,False,False,False
global,861.0,2pmhboG1a2XfDiTvMwO8sd,9584863,Panini,Lil Nas X,https://open.spotify.com/track/2pmhboG1a2XfDiTvMwO8sd,0.3283305309844281,0.1646604719318996,-0.17622560882208346,-0.16957677944084176,-0.37745925515384454,0.1194419591927259,-0.48072992596172287,-0.05772331708283991,1.0317365284032594,114893,7jVv8c5Fj3E9VhNjxT4snq,87,2218983,https://i.scdn.co/image/12d5ab979779aa41e697ce823328d527e643e4cf,False,False,False,False,False,True,False,False,False,False,False,False,False,True,False
global,862.0,1L8LtC2s161XwY6YrtnQjw,9530455,Affalterbach,Shindy,https://open.spotify.com/track/1L8LtC2s161XwY6YrtnQjw,-0.9523208328123834,0.9364887535826083,0.28822270852782694,-0.16957677944084176,1.5423241335478493,0.6535786694621497,1.7295080460661227,1.2629752029437906,-0.2034333171799274,173220,5j21TGkrNEAJe3gG9VlS34,76,608268,https://i.scdn.co/image/f5f8bbf2fb41a3f0cbcc90f2bedc9505e9032345,True,False,False,False,False,False,True,False,False,False,False,False,False,False,True
global,863.0,5KBARWIxeMGkvUax9VtVC9,9445521,My Type,Saweetie,https://open.spotify.com/track/5KBARWIxeMGkvUax9VtVC9,-1.0002888168733808,1.4687841202382699,1.0835904519895478,-0.16957677944084176,-0.7878957037728274,0.06613634009638432,1.1238431530163953,0.4505867662263786,-0.5568550808538183,126446,6cK3NBO6uP7hh0oyuVELFl,77,510376,https://i.scdn.co/image/d49665e1ffe841d1c87198d07d135f69495f2cfd,True,False,True,False,False,False,False,False,False,False,False,False,False,True,False
global,864.0,6uJONCdr2rC65BNmCnTBWK,9392629,GANG GANG,JACKBOYS,https://open.spotify.com/track/6uJONCdr2rC65BNmCnTBWK,-0.7265525072798149,1.2026364369104392,-0.1413919850208402,-0.16957677944084176,1.3143038843150807,0.665464381828226,1.5012864921633267,0.364355591379279,0.02829731707351194,244761,7A8S43ryYdbWpJKeHRZRcq,84,81773,https://i.scdn.co/image/6ff70bad6cce3e82af9d6ad0c18734cbb53ede85,False,False,False,False,False,False,False,True,False,False,False,False,False,True,False
global,865.0,52UVKsw31NTOCTNPTpwbFJ,9348717,Eiskalt,Loredana,https://open.spotify.com/track/52UVKsw31NTOCTNPTpwbFJ,-0.8962680071629182,0.7967612198354979,-0.09494715328584916,-0.16881831397735966,-0.5025026176363303,0.17166705898306053,0.08806840838062982,0.8590502260284296,1.88334660928465,151558,2Im8m4STDBosjfmb5hmP80,78,565240,https://i.scdn.co/image/fcde3e64e69b8dc2b12e6d5d464d5bea616cf7eb,True,False,False,False,False,False,False,True,False,False,False,False,False,True,False
global,866.0,6Cs7b9bu3fy5XhMwBA9Tz4,9342647,Contando Lunares (feat. Cruz Cafuné),Don Patricio,https://open.spotify.com/track/6Cs7b9bu3fy5XhMwBA9Tz4,0.7253713793348072,1.1826753606608518,-0.5884234904701283,-0.16957677944084176,-0.8871948445677426,-1.4419084379872826,0.009068639721969671,1.0042816784024917,-0.5276609265103721,219667,6vPXtLmNd3mW0dd1Rb9eQ9,74,251643,https://i.scdn.co/image/1ffb579b5749d7398e09ed9124c88f40cfdfb7cf,False,False,False,False,True,False,False,False,False,False,False,False,False,True,False
global,867.0,5JiH89mHrv9oWHlD0T326z,9319160,To Be So Lonely,Harry Styles,https://open.spotify.com/track/5JiH89mHrv9oWHlD0T326z,1.402676355932513,0.530613536507667,-1.0935110355881554,-0.16938948965614756,1.1819050299218608,-0.28503243435586695,-0.7739068452060837,0.5322794581867888,-0.5594262494080346,192080,6KImCVD70vtIoJWnq6nGn3,95,5911371,https://i.scdn.co/image/b2163e7456f3d618a0e2a4e32bc892d6b11ce673,True,False,False,False,False,False,False,False,False,False,False,False,False,True,False
global,868.0,6hLkeOMrhZ2CMLBp2of576,9318845,Wanted,OneRepublic,https://open.spotify.com/track/6hLkeOMrhZ2CMLBp2of576,-0.3645446749603515,-0.06821875097995167,-0.5245618468345156,-0.16957677944084176,-0.5466355691007371,-0.039034205688290094,-0.5465630665106064,1.0133586441758706,0.7703235432454463,136248,5Pwc4xIPtQLFEnJriah9YJ,86,9208531,https://i.scdn.co/image/7995187182d03b7fdcf236939dd8659db5bbd818,True,True,False,False,False,False,False,False,False,False,False,False,False,True,False
global,869.0,14f1n3XCW3fQhAODW0CwLK,9227834,Wolke 10,MERO,https://open.spotify.com/track/14f1n3XCW3fQhAODW0CwLK,-0.7452367824963034,0.6104578415060162,1.0023119964533136,-0.16953245806943276,-0.6510835542331664,0.5376029306174063,-0.5325186631935112,-0.4298789137913748,-0.7207263931383784,172827,5wyWp867LWGjFmYZXVSFnZ,76,1151567,https://i.scdn.co/image/615afe66fedb5c97875da1619efd391fd0657ff1,False,False,False,False,False,False,False,False,False,False,True,False,False,True,False
global,870.0,5gvrBqNFFEWcxYPt3mamvJ,9211780,quando a bad bater - ao vivo,Luan Santana,https://open.spotify.com/track/5gvrBqNFFEWcxYPt3mamvJ,0.18041335218722784,-0.2012925926438671,0.9558671647183224,-0.16957677944084176,2.630936936336549,0.6161206668539095,-0.7774179460353575,0.19189324168508015,0.19451197285052263,179722,3qvcCP2J0fWi0m0uQDUf6r,80,3742715,https://i.scdn.co/image/a90893e83a689ff19274641f8a7d6ad8173ca47d,True,True,False,False,False,False,False,False,False,False,False,False,False,True,False
global,871.0,4no0eHn4fEB7tN1yZSXMma,9188061,C7osure (You Like),Lil Nas X,https://open.spotify.com/track/4no0eHn4fEB7tN1yZSXMma,0.5424211845066914,1.12279213191209,0.6830037782752502,-0.16957677944084176,-0.28919335222503095,0.3467111865561828,1.0272878802113663,0.32804772828576384,0.3853968281730543,148653,7jVv8c5Fj3E9VhNjxT4snq,87,2218983,https://i.scdn.co/image/12d5ab979779aa41e697ce823328d527e643e4cf,False,False,False,False,False,False,False,False,True,False,False,False,False,True,False
global,872.0,4keoy2fqgwGnbWlm3ZVZFa,9178570,Happy Now,Zedd,https://open.spotify.com/track/4keoy2fqgwGnbWlm3ZVZFa,1.2508666197985443,-1.1660779447072531,0.6771981743083763,-0.16955944641107815,-0.7584737361298894,0.48609817703107616,-0.7282625344255245,-0.1348775261565604,-1.1004782246649423,207030,2qxJFvFYMEDqd7ui6kSAcq,86,4997291,https://i.scdn.co/image/a9c923d081963c77dec430fb842b493724187dcc,True,False,False,False,True,False,False,False,False,False,False,False,True,False,False
global,873.0,58wyJLv6yH1La9NIZPl3ne,9091392,Can We Kiss Forever?,Kina,https://open.spotify.com/track/58wyJLv6yH1La9NIZPl3ne,2.477022180880598,-1.0396577951265336,-2.881637057385309,0.13287877348146743,-0.5900329713740704,-4.408294106078298,-0.8274511328525087,-1.6507308103108373,-0.39581530862263553,187932,4qIVPF0s71ZYW3qzhu5GkF,81,256939,https://i.scdn.co/image/b94b31a2fa825319d0f9ef1812b6ec2163add35e,True,False,False,False,True,False,False,False,False,False,False,False,False,True,False
global,874.0,0wEC0GNF74lAqrEFZJMl1m,9018443,PUPPET,"Tyler, The Creator",https://open.spotify.com/track/0wEC0GNF74lAqrEFZJMl1m,-0.9937765684489671,-1.1328094842912744,-0.3910329555964164,-0.013695840627036245,3.0428444833376784,-0.8966063615557873,-0.7212403327669769,-1.3103445938091285,-1.4507755303488987,179013,4V8LLVI7PbaPR0K2TGSxFF,87,3689916,https://i.scdn.co/image/fe839f5bd121774e64f377b5eead237c69a01711,False,False,False,False,False,False,False,False,True,False,False,False,False,True,False
global,875.0,1fzAuUVbzlhZ1lJAx9PtY6,9006326,Daylight,Taylor Swift,https://open.spotify.com/track/1fzAuUVbzlhZ1lJAx9PtY6,2.1422622499185136,0.11143093526633341,-0.745174797575723,-0.16756428672332024,-0.7143407846654827,-1.1253162813272533,-0.6466294401449091,-1.0108047232876245,0.9059445478710197,293453,06HL4z0CvFAxyc27GXpf02,95,25846444,https://i.scdn.co/image/62b33d12e2b9a033cf77585f6e3d4b2c6b3a63a1,True,False,False,False,False,False,False,False,False,False,False,False,False,True,False
global,876.0,6iYMfxznTBlcVOgRHab2W0,8985629,"Sunflower, Vol. 6",Harry Styles,https://open.spotify.com/track/6iYMfxznTBlcVOgRHab2W0,-1.0007286758524356,-0.7468953434659203,1.286786590830133,-0.16032861926494807,-0.3921702389753135,-0.15356925212502415,-0.833595559303738,1.6895925942925991,1.2326131400061004,221827,6KImCVD70vtIoJWnq6nGn3,95,5911371,https://i.scdn.co/image/b2163e7456f3d618a0e2a4e32bc892d6b11ce673,False,False,False,False,False,False,False,True,False,False,False,False,False,True,False
global,877.0,4vIKzWqtn44umal5jXq4wE,8968082,1000 Nights (feat. Meek Mill & A Boogie Wit da Hoodie),Ed Sheeran,https://open.spotify.com/track/4vIKzWqtn44umal5jXq4wE,0.8149001980804811,0.6636873781715824,-0.19944802468957898,-0.16957677944084176,-0.6187193898259348,0.3348254741901065,1.2291761778946089,0.12381599838473832,-0.7860796394278314,212307,6eUKZXaKkcviH0Ku9w2n3V,98,57463755,https://i.scdn.co/image/f55cab0739390cf3b2c2f773b9c779b2f0ae8a99,True,False,False,False,False,False,False,False,True,False,False,False,False,True,False
global,878.0,2jrAaawDRCn1JjeouxAyDN,8942020,Had Enough (feat. Quavo & Offset),Don Toliver,https://open.spotify.com/track/2jrAaawDRCn1JjeouxAyDN,-0.03367730133503545,0.47073030775890506,0.9616727686851964,-0.16957677944084176,-0.3333263036894378,0.6845535562343483,-0.14893089759535053,0.8454347773683613,0.839842733521478,157133,4Gso3d4CscCijv0lmajZWs,85,180947,https://i.scdn.co/image/703b452ee316bbc4a8a0c8c49ba518a0d8edeef0,True,False,True,False,False,False,False,False,False,False,False,False,False,True,False
global,879.0,5NsCv3I7o0f6vSQScG01f1,8914958,Pass auf wen du liebst,Ufo361,https://open.spotify.com/track/5NsCv3I7o0f6vSQScG01f1,-0.43461070702218313,0.11143093526633341,-0.30394889609330883,-0.16757591962920187,-0.43630319043972016,-0.8991275732698034,0.4830672516739301,-0.7838805789531521,1.3647516758303935,209449,5pVRwX5ZQR7hfJ18w8ZYkl,83,1230672,https://i.scdn.co/image/ae285fbcf49b45b35adfff6dffd59b4cff6f7862,False,False,False,False,False,True,False,False,False,False,False,False,False,True,False
global,880.0,4AO1XhrgJczQ9bNVxdfKQe,8908173,WHAT TO DO? (feat. Don Toliver),JACKBOYS,https://open.spotify.com/track/4AO1XhrgJczQ9bNVxdfKQe,-0.7323913432849676,-0.23456105305984595,-0.17622560882208346,-0.16940693901497,-0.43630319043972016,0.4634072716049308,-0.8669510171818389,-1.3284985253558863,-0.1337839411543149,250142,7A8S43ryYdbWpJKeHRZRcq,84,81773,https://i.scdn.co/image/6ff70bad6cce3e82af9d6ad0c18734cbb53ede85,False,False,False,False,False,False,False,False,False,True,False,False,False,True,False
global,881.0,3kCwyvhvVTyehIzYN2I0nF,8877352,Omertà,Drake,https://open.spotify.com/track/3kCwyvhvVTyehIzYN2I0nF,-0.8717448959412771,-0.21459997681025864,1.5944836010744485,-0.16957677944084176,0.42428936311621157,1.5291594804297624,1.4749532359437734,0.8953580891219453,1.3660209868888038,219507,3TVXtAsR1Inumwj472S9r4,99,43763483,https://i.scdn.co/image/012ecd119617ac24ab56620ace4b81735b172686,True,False,False,False,False,False,True,False,False,False,False,False,False,True,False
global,882.0,4ea9w8c4ROqiZpJVhfBA3m,8852016,Hot (Remix) [feat. Gunna and Travis Scott],Young Thug,https://open.spotify.com/track/4ea9w8c4ROqiZpJVhfBA3m,-0.2711232988779093,1.1094847477456984,0.03858173795225009,-0.16957677944084176,-0.6893321121689855,-0.62251463093203,0.7551775659426482,0.25997048498542197,-0.33082007314452894,279907,50co4Is1HCEo8bhOyUWKpn,94,4744074,https://i.scdn.co/image/10ea494021e8341a2b5a8fcc8cd3b9a000cbc878,False,False,False,False,False,False,False,True,False,False,False,False,False,True,False
global,883.0,5opjywL6TBjJRF22TcFDMo,8846786,Jetzt rufst du an,Loredana,https://open.spotify.com/track/5opjywL6TBjJRF22TcFDMo,0.31276030163735435,0.11143093526633341,-0.8787036888138223,-0.16957677944084176,-0.4730806499933925,-0.29079520398790387,0.05295740008789198,-0.3890325678111697,0.20609850456319442,151888,2Im8m4STDBosjfmb5hmP80,78,565240,https://i.scdn.co/image/fcde3e64e69b8dc2b12e6d5d464d5bea616cf7eb,True,False,False,True,False,False,False,False,False,False,False,False,False,False,True
global,884.0,2isSdmQfVv32j2haL6hk9x,8775556,Intro : Persona,BTS,https://open.spotify.com/track/2isSdmQfVv32j2haL6hk9x,-0.8947109842282108,-1.3923034755359094,1.4261210860351061,-0.16957677944084176,1.0200842078857026,0.721291212638584,1.8611743271638896,0.7455881538611933,-1.1562302719228272,171023,3Nrfpe0tUJi4K4DXYWgMUX,93,15652748,https://i.scdn.co/image/0c9057cb30520f9f883a220051260fc66a2f3ffa,False,False,False,False,False,False,False,False,False,True,False,False,False,True,False
global,885.0,23OXdR7YuUBVWh5hSnYJau,8731764,Chlorine,Twenty One Pilots,https://open.spotify.com/track/23OXdR7YuUBVWh5hSnYJau,-0.7168211139378938,-0.46078658388850213,0.28822270852782694,0.5283975734567948,1.255459949029205,-0.32789303349414156,-0.6597960682546857,-0.7838805789531521,-1.0459954884654676,324467,3YQKmKGau1PzlVlkL1iodx,88,15863544,https://i.scdn.co/image/19e8f3bc875b7a4b9cf0041a5ee696c4be5478aa,False,False,False,False,False,False,False,False,False,False,True,False,False,True,False
global,886.0,3Uq45ipGutypFPmETfaoaH,8724123,Gaiola É o Troco,MC Du Black,https://open.spotify.com/track/3Uq45ipGutypFPmETfaoaH,0.631950003252365,0.2910806215126192,1.2519529670288896,-0.16957677944084176,-0.45836966617192354,1.1661049936114352,-0.4517633441202142,1.6487462483123938,0.910012852545413,187246,6v4PBIzRAGaLp43LVureQc,73,31159,https://i.scdn.co/image/1473ab5813ce8d9f752cd6cff4112ae878af4fd2,False,False,False,False,False,False,False,False,False,False,True,False,False,True,False
global,887.0,0yYwS7CXKIPC4kWPvZQfsT,8684514,No Way!,Bazzi,https://open.spotify.com/track/0yYwS7CXKIPC4kWPvZQfsT,-0.32561910159266727,-0.08817982722953897,0.49141884736841207,-0.16957677944084176,-0.2377049088498899,0.8502331831554104,-0.7835623724865866,-0.5932642977121951,-1.5000508365651495,112105,4GvEc3ANtPPjt1ZJllr5Zl,86,2722028,https://i.scdn.co/image/45509320e642ccb504b927598857768df0468dc6,False,True,False,False,False,False,False,False,False,False,False,False,False,True,False
global,888.0,1hz7SRTGUNAtIQ46qiNv2p,8549842,"GONE, GONE / THANK YOU","Tyler, The Creator",https://open.spotify.com/track/1hz7SRTGUNAtIQ46qiNv2p,-0.16213169344839345,-1.0662725634593166,-0.7683972134432185,-0.15561729238288904,-0.20828294120695204,-0.7053544443925612,0.5532892682594058,-0.07587724862959773,-1.4092462762326925,375387,4V8LLVI7PbaPR0K2TGSxFF,87,3689916,https://i.scdn.co/image/fe839f5bd121774e64f377b5eead237c69a01711,True,False,False,False,False,False,False,False,False,False,True,False,False,True,False
global,889.0,6fDC5DIa4bt6NbPZWR1yxM,8531782,Zombie,Samra,https://open.spotify.com/track/6fDC5DIa4bt6NbPZWR1yxM,-0.15434657877485658,-0.7535490355491161,-0.11816956915334467,-0.16957677944084176,-0.5172136014577993,0.25702808415760775,0.0002908876487852101,-0.7475727158596365,-0.42513964871566245,176535,6h1s4i4XKIYv4ErDelLDN0,84,504708,https://i.scdn.co/image/5b3d25c0f57c1eb87468d4f12879de86406891df,False,False,True,False,False,False,False,False,False,False,False,False,False,True,False
global,890.0,0b6UoVjUzFyZNpHI0aAhKt,8527988,Celebrate (feat. Travis Scott & Post Malone),DJ Khaled,https://open.spotify.com/track/0b6UoVjUzFyZNpHI0aAhKt,0.044173845400333096,-2.1042485284378563,0.5204468672027814,-0.16957677944084176,0.2624685410800533,1.2273344209518278,-0.40787458375429186,-0.8111114762732888,-1.7818378915323239,206499,0QHgL1lAIqAw0HtD7YldmP,82,4390256,https://i.scdn.co/image/94e2383b16d3a8f0af23b45ab9edd767b4107bbf,True,False,False,False,False,False,False,False,False,True,False,False,False,True,False
global,891.0,63THFs9ovzO3WQsz4lzh0H,8500483,DODI,Shindy,https://open.spotify.com/track/63THFs9ovzO3WQsz4lzh0H,-0.9636092490890119,0.9631035219153914,-0.37361614369579477,-0.16924407833262722,-0.35539277942164116,-0.20867573673137754,-0.5886962764618917,-0.5297255372985428,0.8074915747507029,183046,5j21TGkrNEAJe3gG9VlS34,76,608268,https://i.scdn.co/image/f5f8bbf2fb41a3f0cbcc90f2bedc9505e9032345,False,False,False,False,False,False,False,False,False,False,True,False,False,True,False
global,892.0,7sBgFMWqDWQgrsNSpIBoe8,8469816,Jesus Is Lord,Kanye West,https://open.spotify.com/track/7sBgFMWqDWQgrsNSpIBoe8,2.2201133966538817,-2.896037886338152,-2.1152973337579573,-0.1691079733338122,2.630936936336549,0.21668869673334912,-0.873095443633068,-0.7294187843128785,-1.4820852031230292,49293,5K4W6rqBFWDnAN6FQUkS6x,94,10995470,https://i.scdn.co/image/bd1c6fdf3705cf9b7d0c8ac8e7bbed98e31a1559,False,False,False,False,True,False,False,False,False,False,False,False,True,False,False
global,893.0,5d1rmWWF1725tnYjq6rMDB,8455029,Way To Break My Heart (feat. Skrillex),Ed Sheeran,https://open.spotify.com/track/5d1rmWWF1725tnYjq6rMDB,-0.5747427711458464,0.3176953898454023,0.6191421346396374,-0.16953943781296174,-0.5995951108580252,0.06253460907636099,0.25484569777113436,-0.2619550469838652,1.5614948898840506,190293,6eUKZXaKkcviH0Ku9w2n3V,98,57463755,https://i.scdn.co/image/f55cab0739390cf3b2c2f773b9c779b2f0ae8a99,False,True,False,False,False,False,False,False,False,False,False,False,False,True,False
global,894.0,6UTmrvq4nRmx1iQ6iMd1FD,8412072,Almost (Sweet Music),Hozier,https://open.spotify.com/track/6UTmrvq4nRmx1iQ6iMd1FD,-0.9192340954498519,-1.0330041030433377,0.36369556009718734,-0.1695435093300203,0.21098009770491227,0.31573629978398415,-0.21915291418082622,1.0133586441758706,-1.0451167346557988,217480,2FXC3k01G6Gw61bmprjgqS,83,3687145,https://i.scdn.co/image/2e4114631a20bd71903bc335b88f872afdce9a33,True,False,False,False,False,False,False,True,False,False,False,False,False,True,False
global,895.0,2PGA1AsJal6cyMNmKyE56q,8394861,200 km/h,Apache 207,https://open.spotify.com/track/2PGA1AsJal6cyMNmKyE56q,0.044173845400333096,1.4687841202382699,0.2650002926603314,-0.1694162453396753,-0.5098581095470648,0.008148470674012436,0.2899567060638722,-0.3391092560575859,0.8435204809471295,163147,1qQLhymHXFPtP5U8KNKsm6,86,459884,https://i.scdn.co/image/fc9cc19386528672abb07589b53b7b92db397042,True,False,False,False,False,False,False,False,False,False,False,True,False,True,False
global,896.0,0WFgtxiLNr99YaoSdYR3Ud,8374693,Honda Civic,The Cratez,https://open.spotify.com/track/0WFgtxiLNr99YaoSdYR3Ud,0.09477709077832244,0.17131416401509536,0.9152279369502053,-0.080119733211128,-0.7239029241494376,0.3625588030442843,0.2987344581370567,-0.6431876094657792,-0.937257841128285,158061,3pVfscwg2QxhdHtk966inb,76,7160,https://i.scdn.co/image/18dd03cf70922d45b251bd20f621c2e70918cb4b,False,True,False,False,False,False,False,False,False,False,False,False,False,True,False
global,897.0,2pMl9Sx4glsuk5ikZtFBtX,8361904,Old Town Road,Lil Nas X,https://open.spotify.com/track/2pMl9Sx4glsuk5ikZtFBtX,-0.8608457353983255,1.5353210410702276,-0.6232571142713715,-0.16955665451366655,-0.5841485778454828,0.1493363266589176,-0.008486864424399252,-0.07587724862959773,0.4512382710234346,113006,7jVv8c5Fj3E9VhNjxT4snq,87,2218983,https://i.scdn.co/image/12d5ab979779aa41e697ce823328d527e643e4cf,True,True,False,False,False,False,False,False,False,False,False,False,False,True,False
global,898.0,3FHXUqaUer9o231Je1zxIN,8355192,I Don't Want Your Money (feat. H.E.R.),Ed Sheeran,https://open.spotify.com/track/3FHXUqaUer9o231Je1zxIN,0.2193389255549121,-1.3923034755359094,0.03858173795225009,-0.16957677944084176,-0.2524158926713586,-0.03291126295425072,-0.39207463002255993,1.2493597542837223,-1.0001375581757068,204507,6eUKZXaKkcviH0Ku9w2n3V,98,57463755,https://i.scdn.co/image/f55cab0739390cf3b2c2f773b9c779b2f0ae8a99,False,False,False,False,False,False,False,False,True,False,False,False,False,True,False
global,899.0,1IBUPdwV9TvaipSODdt8QY,8319805,Maghreb Gang (feat. French Montana & Khaled),Farid Bang,https://open.spotify.com/track/1IBUPdwV9TvaipSODdt8QY,-0.9071671677058697,0.11143093526633341,-0.32717131196080435,-0.16957677944084176,-0.20828294120695204,0.40938130630458436,0.4918450037471146,-0.40264801647123805,-0.7230046437560383,159800,2JwyRtuXf2l6sTnSnGVIa1,73,641366,https://i.scdn.co/image/1bf4d22999ecf4463d47084ffda3adb07983c1ea,True,False,False,False,False,False,False,False,True,False,False,False,False,True,False
global,900.0,1XJ93XskwJf7PCyIVLbNBt,8259091,Anxiety (with Selena Gomez),Julia Michaels,https://open.spotify.com/track/1XJ93XskwJf7PCyIVLbNBt,1.2197261611043968,0.8300296802514767,-1.395402441865597,-0.16957677944084176,0.14478067050830207,-0.015983127160142312,0.43040073923482336,0.06935420374446485,0.643652808903538,210147,0ZED1XzwlLHW4ZaG4lOT6m,87,2485486,https://i.scdn.co/image/4a629c160228c0bd5295b064437b01a078aef157,True,False,False,False,False,False,False,True,False,False,False,False,False,True,False
global,901.0,2MJdgSby3DtSS7bUJx2cly,8236778,Red Room,Offset,https://open.spotify.com/track/2MJdgSby3DtSS7bUJx2cly,0.861610886121702,1.7149707273165136,-0.3794217476626686,-0.16957677944084176,-0.3333263036894378,-0.7611812752029188,0.2460679456979499,0.13289296415811722,-0.31923354143185717,241440,4DdkRBBYG6Yk9Ka8tdJ9BW,89,1389641,https://i.scdn.co/image/d718d632faa01221dd271f4e60a421596718fda0,False,False,False,False,False,False,False,True,False,False,False,False,False,True,False
global,902.0,3loy88Lp5qoTHhL8GhRfVZ,8232942,Mekanın Sahibi,Norm Ender,https://open.spotify.com/track/3loy88Lp5qoTHhL8GhRfVZ,-0.014214514651193314,0.11143093526633341,0.0327761339853762,-0.16957677944084176,-0.4289476985289857,0.25522721864759623,0.25484569777113436,-0.24380111543710734,0.028687874322253705,191504,3S6gaE89XewFAvZqsMuJDJ,67,789493,https://i.scdn.co/image/283fa61d3dcad5a98239104bf08d99e659db962c,True,False,False,False,False,False,False,False,True,False,False,False,False,True,False
global,903.0,4zj2FEHN6Hw6a5vqN70PvL,8186572,Wieso tust Du dir das an?,Apache 207,https://open.spotify.com/track/4zj2FEHN6Hw6a5vqN70PvL,0.044173845400333096,1.1959827448272433,-0.7800084213769664,3.622750537969651,-0.384814747064579,-0.19210777403927126,-0.64048501369368,-0.16664690636338658,0.38494117804952194,177467,1qQLhymHXFPtP5U8KNKsm6,86,459884,https://i.scdn.co/image/fc9cc19386528672abb07589b53b7b92db397042,False,False,False,False,False,False,True,False,False,False,False,False,False,True,False
global,904.0,4paAidoE8VAemwU4jgCc6l,8186281,all my friends,21 Savage,https://open.spotify.com/track/4paAidoE8VAemwU4jgCc6l,-0.33729677360297244,0.23119739276385728,-0.025279905683362594,-0.16956328527001907,-0.4142367147075169,0.7076046347624961,-0.7703957443768099,-1.2785752136023025,0.25849826876938,211785,1URnnhqYAYcrqrcwql10ft,90,7271390,https://i.scdn.co/image/cfd6e47fbe4446750ec209dfa37bc919cb55c86f,True,False,False,False,False,False,False,False,False,False,False,False,False,True,False
global,905.0,550rQQCGkrTzvp4SfpOPzx,8130872,Hallelujah,Pentatonix,https://open.spotify.com/track/550rQQCGkrTzvp4SfpOPzx,0.7642969527024915,-2.3770499038488824,-1.4360416696337142,-0.16957677944084176,1.2039715056540643,-0.3268125141881346,-0.8239400320232351,-0.5478794688453006,-0.08672179268093383,268960,26AHtbjWKiwYzsoGoUZq53,85,2499652,https://i.scdn.co/image/f14f4142881d3bd59d1fc5ed88453ad37774c3db,True,False,False,False,False,False,False,False,False,False,True,False,False,True,False
global,906.0,7hynhxDoDpgMIV12JuVtNa,8117628,UN PESO,J Balvin,https://open.spotify.com/track/7hynhxDoDpgMIV12JuVtNa,-0.51635441109432,-0.3410201263909783,0.2940283124947008,-0.16957677944084176,-0.7055141943726014,-0.2331675076675344,0.7288443097230948,2.1479793658482333,-1.394209822156135,277107,1vyhD5VmyZ7KMfW5gqLgo5,99,17106207,https://i.scdn.co/image/84a8ce44cf41f5991178c3d7d8060d2e65624d1f,False,False,False,False,False,True,False,False,False,False,False,False,False,True,False
global,907.0,6AFIVhbJLR7YVvW9fLFMu1,8040402,Huracan,Samra,https://open.spotify.com/track/6AFIVhbJLR7YVvW9fLFMu1,0.5073881684757755,0.018279246101593358,0.44497401563342104,-0.16957677944084176,-0.31125982795723434,0.46304709850292836,2.7389495344823347,0.13743144704480667,1.559769928702108,182238,6h1s4i4XKIYv4ErDelLDN0,84,504708,https://i.scdn.co/image/5b3d25c0f57c1eb87468d4f12879de86406891df,False,False,True,False,False,False,False,False,False,False,False,False,False,True,False
global,908.0,6JsHgIkMYHcbNtKfsal2Mg,8005380,Jerry Sprunger (with T-Pain),Tory Lanez,https://open.spotify.com/track/6JsHgIkMYHcbNtKfsal2Mg,-0.46964372305309887,0.5439209206740585,0.7062261941427457,-0.16957677944084176,-0.6165127422527145,0.4129830373246074,0.8517328387476772,-0.17572387213676552,-0.7204660216392174,233546,2jku7tDXc6XoB6MO2hFuqg,87,2680869,https://i.scdn.co/image/c509c5aa8289c3048fa8259d0bce49b2999c320f,False,False,False,False,False,False,False,False,False,False,False,False,False,True,False
global,909.0,524euygKKFWurhvIdSrkg6,7946556,I Tuoi Particolari,Ultimo,https://open.spotify.com/track/524euygKKFWurhvIdSrkg6,1.457172158647271,-0.1281019797287136,-0.21105923262332674,-0.16957677944084176,-0.37010376324311006,0.286562278521797,-0.5878185012545732,-0.8655732709135623,0.44707232703685545,219939,3hN3iJMbbBmqBSAMx5veDa,79,1598243,https://i.scdn.co/image/092ee49114201c3e684d58cfa5c115f8afda9ecd,True,False,False,False,False,False,False,False,False,False,False,False,False,True,False
global,910.0,4BD9yUEFI07WaDJ381DDMq,7827341,DNA,KC Rebell,https://open.spotify.com/track/4BD9yUEFI07WaDJ381DDMq,-0.8009003524120918,0.9963719823313703,0.3578899561303135,-0.16955083806072574,-0.4730806499933925,0.445038443402813,1.176509665455502,0.2554320020987325,1.1028504941116526,253346,5p7mWeX4RlvqBCxylfiXdE,75,912003,https://i.scdn.co/image/12ef7c17c1a98405d87a3020daaae58f09e704d1,True,False,True,False,False,False,False,False,False,False,False,False,False,True,False
global,911.0,7KPGeiXWDsGEvFK62wzU8E,7801764,Benzema,Capital Bra,https://open.spotify.com/track/7KPGeiXWDsGEvFK62wzU8E,0.8849662301423126,0.6969558385875613,0.3927235799315561,-0.16957677944084176,-0.3995257308860479,0.1158402281727029,1.7470635502124916,-1.0334971377210718,-0.718155224584162,159152,4WZGDpNwrC0vNQyl9QzF7d,86,2984316,https://i.scdn.co/image/d03852fe340cb703676ef25a2e66368c788c4b95,False,False,False,False,False,False,False,False,False,False,True,False,False,True,False
global,912.0,1T8IRUJBga0JXioJZvxjBR,7757696,DEUTSCHLAND,Rammstein,https://open.spotify.com/track/1T8IRUJBga0JXioJZvxjBR,-1.002708430513916,-1.0463114872097292,1.5712611852069531,3.8903073732470776,-0.5576688069668387,0.445038443402813,-0.7528402402304409,-1.1378822441149294,-0.06608735137241124,322340,6wWVKhxIU2cEi0K81v7HvP,83,3823990,https://i.scdn.co/image/cdf344b2f5124d1f2f1217c45f12096730c70560,True,False,False,False,False,False,False,True,False,False,False,False,False,True,False
global,913.0,7MtVPRGtZl6rPjMfLoI3Lh,7739583,Fuck it I love you,Lana Del Rey,https://open.spotify.com/track/7MtVPRGtZl6rPjMfLoI3Lh,2.4692370662070613,-0.9731208742945758,-1.0006213721181734,-0.15643159579460295,-0.3480372875109067,-1.504218384633682,-0.7633735427182623,-1.2921906622623707,0.25215171347732673,218288,00FQb4jTyendYWaN8pK0wa,89,9718093,https://i.scdn.co/image/6e8dc460cfb6b89d7970302259febd0aa73b38c6,False,False,False,False,False,False,False,False,False,True,False,False,False,True,False
global,914.0,2OQ6a4CfUeYskpTTgyawyJ,7709619,You Make It Feel Like Christmas (feat. Blake Shelton),Gwen Stefani,https://open.spotify.com/track/2OQ6a4CfUeYskpTTgyawyJ,-0.9422001837367856,-0.2877905897254121,1.4261210860351061,-0.16957677944084176,-0.4142367147075169,0.7875630634070085,-0.7897067989378156,1.9255937044004507,-0.9486490942165859,156773,4yiQZ8tQPux8cPriYMWUFP,79,3565113,https://i.scdn.co/image/5e97075f4f0f5b9ab433277f1e81711937831af9,False,False,True,False,False,False,False,False,False,False,False,False,False,True,False
global,915.0,6Dma0t0hOe6Bd6u5YRKF3n,7703511,"No New Friends (feat. Sia, Diplo, and Labrinth)",Sia,https://open.spotify.com/track/6Dma0t0hOe6Bd6u5YRKF3n,-0.7569144545066085,0.3110416977622065,0.4565852235671688,-0.16665692006455332,-0.2524158926713586,0.6615024777062005,-0.7317736352547982,0.6820493934475409,-0.5245039220830432,175827,5WUlDfRSoLAfcVSX1WnrxN,90,15317280,https://i.scdn.co/image/652b6bb0dfaf8aa444f4414ee018699260e74306,True,False,False,False,False,False,False,True,False,False,False,False,False,True,False
global,916.0,1SmiQ65iSAbPto6gPFlBYm,7680088,It’s Nice To Have A Friend,Taylor Swift,https://open.spotify.com/track/1SmiQ65iSAbPto6gPFlBYm,2.7767490958117667,0.3908860027605558,-2.6087736709422367,-0.16565649015873338,-0.02439564343859042,-1.2369699429479692,-0.7888290237304972,0.25997048498542197,-1.6969567828057834,150440,06HL4z0CvFAxyc27GXpf02,95,25846444,https://i.scdn.co/image/62b33d12e2b9a033cf77585f6e3d4b2c6b3a63a1,True,False,False,False,False,False,False,False,False,False,True,False,False,True,False
global,917.0,68Vm2W4oURsPV3121vUZgB,7612640,Time - Edit,NF,https://open.spotify.com/track/68Vm2W4oURsPV3121vUZgB,-0.5046767390840148,-0.08817982722953897,0.4565852235671688,-0.16957677944084176,-0.43630319043972016,0.9337933428199461,-0.526374236742282,-1.0471125863811401,-0.7869583932375004,230611,6fOMl44jA4Sp5b9PpYCkzz,89,2865437,https://i.scdn.co/image/55db20d7c49bdcf52162474265c66ca601054b1c,True,False,False,False,False,False,False,False,True,False,False,False,False,True,False
global,918.0,2cvOfKHOHgwQlLiuLKP2xR,7610680,Myself,Post Malone,https://open.spotify.com/track/2cvOfKHOHgwQlLiuLKP2xR,-0.6058832298399939,-1.3457276309535389,0.44497401563342104,-0.16957677944084176,0.497844282223556,0.8080929302211403,-0.8344733345110564,-0.3754171191511013,1.3583074812261542,158120,246dkjvS1zLTtiykXe5h60,100,21335421,https://i.scdn.co/image/93fec27f9aac86526b9010e882037afbda4e3d5f,True,False,False,False,False,False,False,False,False,False,False,False,False,True,False
global,919.0,4dAMdQ6g4kGmnc1MDHsg77,7547746,Shotta Flow,NLE Choppa,https://open.spotify.com/track/4dAMdQ6g4kGmnc1MDHsg77,-0.6969690715203749,1.3955935073231165,-1.1283446593893989,-0.1695583994495488,-0.31125982795723434,-0.09017878617261775,4.020501337167265,-0.17118538925007606,-0.06703119805687081,160013,0ErzCpIMyLcjPiwT4elrtZ,86,764672,https://i.scdn.co/image/b808fa4973753af178f8cf5b70aaa736514d3614,True,False,False,False,False,False,False,False,False,True,False,False,False,True,False
global,920.0,0SfG57HqtBNqKN9O27fo1s,7541564,Racks on Racks,Lil Pump,https://open.spotify.com/track/0SfG57HqtBNqKN9O27fo1s,-0.8818655450168751,0.9564498298321956,-0.8148420451782096,-0.16950442276625804,0.9980177321534992,-0.2479346048496292,-0.38154132753473863,-1.7896083866435346,0.9084831699878412,129778,3wyVrVrFCkukjdVIdirGVY,83,6375460,https://i.scdn.co/image/aafa5a282b9af40a1a683c8fc20af99d7cd9fbdd,True,True,False,False,False,False,False,False,False,False,False,False,False,True,False
global,921.0,1Kjer1JoWuJGNwGV6Pbgv1,7492732,Cristina,Sebastian Yatra,https://open.spotify.com/track/1Kjer1JoWuJGNwGV6Pbgv1,0.11034732012539615,-0.19463890056067132,-0.7103411737744798,-0.16957677944084176,-0.061173102992262744,0.7598297345528308,-0.7572291162670332,0.9407429179888394,-1.1439277185874621,202040,07YUOmWljBTXwIseAUd9TW,89,10046817,https://i.scdn.co/image/212a1f446c0940ee9ce636f2e2496849a0240df4,True,False,False,False,False,True,False,False,False,False,False,False,True,False,False
global,922.0,2il7ZxLzVhPxMHNidnsa3I,7447183,"Merry Christmas, Happy Holidays",*NSYNC,https://open.spotify.com/track/2il7ZxLzVhPxMHNidnsa3I,-0.6140576002472075,-0.15471674806149668,1.8441245716500247,-0.16957677944084176,5.1759371374506715,0.8981362057217175,-0.7186070071450216,1.2538982371704117,-0.5578640204130676,252907,6Ff53KvcvAj5U7Z1vojB5o,77,1169359,https://i.scdn.co/image/c56cf0cc89c8ecfec7145cf065ea2006d0706605,True,False,False,False,False,True,False,False,False,False,False,False,False,True,False
global,923.0,554Ip3S1rbeES9TNWXGoK1,7388760,ON OFF (feat. Maître Gims),Shirin David,https://open.spotify.com/track/554Ip3S1rbeES9TNWXGoK1,1.9554194977536292,-0.261175821392629,-1.0877054316212817,-0.16957677944084176,-0.7849535070085336,-1.3576279321187423,2.0630626248471318,1.0542049901560757,-0.5532098798655617,191608,0JBdTCGs111JKKYfLqOEBa,69,336391,https://i.scdn.co/image/b86ebb56ca3f458c83abec8982dec573ff6c88e1,False,False,False,False,False,False,False,False,False,True,False,False,False,True,False
global,924.0,0Yde1VrWbGF2Tus2AQhMuT,7292777,Circles,Post Malone,https://open.spotify.com/track/0Yde1VrWbGF2Tus2AQhMuT,-0.13877634942778289,0.1646604719318996,0.7642822338114844,-0.13688831391346912,-0.6724144807742963,1.1059560855770496,-0.8107734039134584,0.21912413900521688,-0.06992783098503877,215280,246dkjvS1zLTtiykXe5h60,100,21335421,https://i.scdn.co/image/93fec27f9aac86526b9010e882037afbda4e3d5f,True,False,False,False,False,False,False,False,False,False,False,False,False,True,False
global,925.0,4Rif4wqdvzy84dhP1apC4Y,7283129,Royal Rumble,Kalazh44,https://open.spotify.com/track/4Rif4wqdvzy84dhP1apC4Y,-0.5942055578296885,-0.580553041386026,1.530621957438836,-0.16927083401615498,-0.5995951108580252,1.1945586686696175,1.2642871861873468,0.3915864886994157,0.1540567511683563,245000,5sRQkVexJlax2iISuqL8cV,66,56014,https://i.scdn.co/image/752205dc52ad0b24b1346dd809cd42008687feb4,True,True,False,False,False,False,False,False,False,False,False,False,False,False,True
global,926.0,36J0iaPDGbYGsHvYpaYs3k,7261376,"Down Bad (feat. JID, Bas, J. Cole, EARTHGANG & Young Nudy)",Dreamville,https://open.spotify.com/track/36J0iaPDGbYGsHvYpaYs3k,-0.8503358305890507,0.11143093526633341,-0.2226704405570745,-0.16957677944084176,-0.8717483115552002,0.399656632550522,2.010396112408025,1.0496665072693863,0.9001187355772885,169147,1iNqsUDUraNWrj00bqssQG,78,186560,https://i.scdn.co/image/a18511aae6029596c9dfca3b9d38fb8383386d0e,True,False,False,False,False,False,False,False,False,False,False,False,False,True,False
global,927.0,0mfCH4nfpshBQR9ueZP5eP,7260666,Girls Need Love (with Drake) - Remix,Summer Walker,https://open.spotify.com/track/0mfCH4nfpshBQR9ueZP5eP,0.7214788219980388,-0.1480630559783009,-1.116733451455651,-0.16957677944084176,-0.31125982795723434,-1.0817353359849737,0.7639553180158326,-1.8064007733242855,-0.8177473230133085,222374,57LYzLEk2LcFghVwuWbcuS,85,821531,https://i.scdn.co/image/a38579606746ef34c38c349f4cdb250784f3aee8,False,False,False,False,False,False,True,False,False,False,False,False,False,True,False
global,928.0,7dQFpbs34ufIEU745DVclf,7221988,Aute Cuture,ROSALÍA,https://open.spotify.com/track/7dQFpbs34ufIEU745DVclf,-0.7086467435306801,0.4574229235925135,0.10824898555473664,-0.06557860085909391,1.3290148681365497,-0.1849043119992249,0.4216229871616389,0.2282011047785958,-0.7214424147610717,147626,7ltDVBr6mKbRvohxheJ9h1,87,2299313,https://i.scdn.co/image/e2152c9a03746ee862b41359038278e9da167d27,True,False,False,False,False,False,False,True,False,False,False,False,False,True,False
global,929.0,6VzcQuzTNTMFnJ6rBSaLH9,7201207,Fine Line,Harry Styles,https://open.spotify.com/track/6VzcQuzTNTMFnJ6rBSaLH9,-0.33340421626620415,-2.476855285096819,-1.6102097886399305,-0.16806450167623022,-0.9254434025035616,-0.7284055229207089,-0.8476399626208331,-1.9815862127504984,-0.03747903290207819,377960,6KImCVD70vtIoJWnq6nGn3,95,5911371,https://i.scdn.co/image/b2163e7456f3d618a0e2a4e32bc892d6b11ce673,True,False,True,False,False,False,False,False,False,False,False,False,False,True,False
global,930.0,1foCxQtxBweJtZmdxhEHVO,7191237,Santa Baby (with Henri René & His Orchestra),Eartha Kitt,https://open.spotify.com/track/1foCxQtxBweJtZmdxhEHVO,2.5081626395747456,0.14469939568231227,-2.8235810177165703,-0.16957677944084176,0.07858124331169189,-2.1139914463235905,-0.6036184549863052,0.010353926217501924,-1.2257169157614642,206067,1AwO9pWEBSBoWdEZu28XDC,69,83671,https://i.scdn.co/image/ab67616d0000b2737c78b57a88c7c109176bc999,True,False,False,False,False,False,False,False,True,False,False,False,False,True,False
global,931.0,2vsuel3g4zaLYSOY0mOMbi,7157761,Bad Luck,Khalid,https://open.spotify.com/track/2vsuel3g4zaLYSOY0mOMbi,0.07531430409448052,-1.6384900826141526,-0.6058403023707499,4.146231302642878,-0.26712687649282757,0.3467111865561828,-0.6597960682546857,-0.8383423735934256,1.3636776433963531,231653,6LuN9FCkKOj5PcnpouEgny,96,10092177,https://i.scdn.co/image/e52c824585bfeef4d674b509437120805300f557,False,True,False,False,False,False,False,False,False,False,False,False,False,True,False
global,932.0,2M39v73rNJmAXUXIW0oagP,7142650,Der Bratan bleibt der gleiche,Capital Bra,https://open.spotify.com/track/2M39v73rNJmAXUXIW0oagP,-0.5124618537575516,-0.44082550763891487,0.46239082753404265,-0.16957677944084176,2.9030901370337237,0.839427990095341,2.124506889359423,0.8363578115949823,-0.8505215854702207,192147,4WZGDpNwrC0vNQyl9QzF7d,86,2984316,https://i.scdn.co/image/d03852fe340cb703676ef25a2e66368c788c4b95,False,False,False,False,False,False,False,False,False,False,False,False,False,True,False
global,933.0,364spZLB5bhNlnPrzvUB41,7138802,Reply (feat. Lil Uzi Vert),A Boogie Wit da Hoodie,https://open.spotify.com/track/364spZLB5bhNlnPrzvUB41,-0.9301332559928035,-1.1061947159584913,-0.007863093782740953,-0.16957677944084176,-0.3259708117787033,-0.027148493322213776,-0.43157451435189,-1.2195749360753396,-0.3253848180995395,183589,31W5EY0aAly4Qieq6OFu6I,91,3899600,https://i.scdn.co/image/b7d26110180d7fb07097570d96991be33436a56a,False,False,False,False,False,False,False,False,False,True,False,False,False,False,True
global,934.0,3QIrkRSTz3yPd44HzN6qJr,7111805,Summer Cem (feat. Luciano),Summer Cem,https://open.spotify.com/track/3QIrkRSTz3yPd44HzN6qJr,-0.30615631490882517,1.3024418181583757,-0.20525362865645286,-0.1685891457314916,-0.4510141742611891,-0.14168353975894815,-0.44737446808362197,-0.15303145770331822,0.4191149373144256,160547,3drqpTL4sQOckmAfF9i1wg,81,818637,https://i.scdn.co/image/bcdeb11f063818e198921abce79f8631b3fde6c1,True,False,True,False,False,False,False,False,False,False,False,False,False,True,False
global,935.0,2qkNnJvQvhLiZ63X1L3eFz,7106944,Notificação Preferida - Ao Vivo,Zé Neto & Cristiano,https://open.spotify.com/track/2qkNnJvQvhLiZ63X1L3eFz,2.025485529815461,-1.8647156134428085,1.240341759095142,-0.16957677944084176,0.10800321095462975,0.6280063792199858,0.0002908876487852101,-1.2785752136023025,1.1020368331767747,182341,487N2T9nIPEHrlTZLL3SQs,86,9236336,https://i.scdn.co/image/3531ec9e2af75b0fbe04379ee8f2add3f3b3b497,False,False,False,False,False,False,False,False,True,False,False,False,True,False,False
global,936.0,53rkN7z3bKorDSIxDvqXNt,7106761,Solo Pienso En Ti (feat. De La Ghetto & Justin Quiles),Paulo Londra,https://open.spotify.com/track/53rkN7z3bKorDSIxDvqXNt,-0.6058832298399939,1.2092901289936349,0.4217515997659255,-0.16957677944084176,-0.112661546367404,0.6305275909340019,-0.51057428301055,0.44604828333968916,0.25485306778112377,268794,3vQ0GE3mI0dAaxIMYe5g7z,86,9006523,https://i.scdn.co/image/cff7f6bb72fd3d318a98557b3891cae1b438c695,True,True,False,False,False,False,False,False,False,False,False,False,False,True,False
global,937.0,1yfyIdEw5U2bD5I6gxQCxW,7088509,"Tough Love (feat. Agnes, Vargas & Lagola)",Avicii,https://open.spotify.com/track/1yfyIdEw5U2bD5I6gxQCxW,-0.4462883790324884,0.11143093526633341,0.7526710258777367,-0.16957677944084176,1.3510813438687532,0.5909085497137482,-0.7616179923036254,0.6048951843738201,-0.4549196389322208,191248,1vCWHaC5f2uS3yhpwWbIA6,89,16559762,https://i.scdn.co/image/81b19a403109c4fe528ee3972137127b85be9519,True,False,False,False,False,False,False,False,True,False,False,False,False,True,False
global,938.0,03mMSLEJCPoGJwQhHpN5y0,7039539,Treat People With Kindness,Harry Styles,https://open.spotify.com/track/03mMSLEJCPoGJwQhHpN5y0,-0.5046767390840148,-0.16802413222788823,1.4203154820682322,-0.16932085551144596,-0.9438321322803978,0.9914210391403153,-0.8055067526695477,0.9498198837622183,-0.00424912032163408,197347,6KImCVD70vtIoJWnq6nGn3,95,5911371,https://i.scdn.co/image/b2163e7456f3d618a0e2a4e32bc892d6b11ce673,True,False,False,False,False,True,False,False,False,False,False,False,False,True,False
global,939.0,6eYxmK9fdL4hwLnXG2zY3s,6986641,Look At Me!,XXXTENTACION,https://open.spotify.com/track/6eYxmK9fdL4hwLnXG2zY3s,0.005248272032648823,0.5638819969236458,0.590114114805268,-0.16957677944084176,-0.5642887496864998,0.02615712577412781,1.3345092027728218,-0.6295721608057108,0.5504072657664444,126346,15UsOTVnJzReFVN1VCnxy4,95,17294420,https://i.scdn.co/image/942afa81f0a2298ead0c154fb7b4b606de48d9e6,True,True,False,False,False,False,False,False,False,False,False,False,False,True,False
global,940.0,6416zJN0FGPmh1Ph4BH2h3,6978455,KEIN SCHLAF,Nimo,https://open.spotify.com/track/6416zJN0FGPmh1Ph4BH2h3,0.14148777881954355,-0.48074766013808945,0.5262524711696553,-0.16802960295858535,-0.37010376324311006,0.3132150880699681,0.37773422679571655,-0.4298789137913748,1.6892071102226038,200493,3ZuBEj9ppJe8GSdKaMTfMN,82,848130,https://i.scdn.co/image/37fdbd3fc9039ea843c4bd52be217a894b1519e5,True,False,False,False,False,False,False,False,False,False,False,True,False,True,False
global,941.0,2RegUmAI4EGqpXXx95rBMB,6969254,Old Town Road,Lil Nas X,https://open.spotify.com/track/2RegUmAI4EGqpXXx95rBMB,-0.8234771849653486,1.5153599648206404,-0.6058403023707499,-0.16955584021025483,-0.5576688069668387,0.1309674984567998,0.009068639721969671,0.12835448127142776,0.45084771377469285,113013,7jVv8c5Fj3E9VhNjxT4snq,87,2218983,https://i.scdn.co/image/12d5ab979779aa41e697ce823328d527e643e4cf,True,True,False,False,False,False,False,False,False,False,False,False,False,True,False
global,942.0,2EGtBS7Ws3ajiSkJLviFJ4,6957747,CHopstix (feat. Travis Scott),ScHoolboy Q,https://open.spotify.com/track/2EGtBS7Ws3ajiSkJLviFJ4,-0.8250342079000561,1.8613519531468197,-0.15880879692146183,-0.16957677944084176,-0.26712687649282757,-0.22128179530145808,-0.16648640174171944,0.5958182186004412,0.18823051043325953,180453,5IcR3N7QB1j6KBL8eImZ8m,81,2913150,https://i.scdn.co/image/16e1c84dcb5ab6b682f113a048ed172ca3ca2ef6,False,False,False,False,False,False,False,False,False,True,False,False,False,True,False
global,943.0,5UYK9MervBCROg8AHNeEIy,6952386,Hear Me Calling,Juice WRLD,https://open.spotify.com/track/5UYK9MervBCROg8AHNeEIy,0.6202723312420597,-0.2012925926438671,0.44497401563342104,-0.16946161367261364,-0.5245690933685337,1.0558920243987286,0.4918450037471146,0.45512524911306806,1.8159429374393026,189977,4MCBfE4596Uoi2O4DtmEMz,98,7403812,https://i.scdn.co/image/d8e62447a338a882b490460da20e90aac6d60ae7,True,False,False,False,False,False,False,False,False,False,True,False,False,True,False
global,944.0,2gbCG4Rt9984UZ7Tc0dIFd,6929052,White Christmas (with Shania Twain),Michael Bublé,https://open.spotify.com/track/2gbCG4Rt9984UZ7Tc0dIFd,0.8226853127540177,-0.3343664343077825,-0.8148420451782096,-0.16943369469849776,-0.35539277942164116,-0.3999276538946034,-0.8608065907306097,0.7002033249942987,-1.909550111870877,216627,1GxkXlMwML1oSg5eLPiAz3,92,3547268,https://i.scdn.co/image/6bf4c3c955399c4c45cd0677a860a42f39b6a508,True,False,False,False,False,False,False,False,False,False,True,False,False,True,False
global,945.0,4EKZsrsCKyqr64FBHLc0DU,6862171,Créeme,KAROL G,https://open.spotify.com/track/4EKZsrsCKyqr64FBHLc0DU,-0.5124618537575516,0.24450477693024883,1.4493435019026015,-0.16769224868801813,-0.5098581095470648,1.0450868313386594,-0.6597960682546857,0.7455881538611933,-0.8186260768229775,214293,790FomKkXshlbRYZFtlgla,92,7947851,https://i.scdn.co/image/f67a7967874f13a1af7f3e90df067eea5199c1d9,True,False,False,False,False,False,True,False,False,False,False,False,False,True,False
global,946.0,5xIODxqlpUnRVA9ewZUCug,6849426,Harami,Samra,https://open.spotify.com/track/5xIODxqlpUnRVA9ewZUCug,-0.08428054671302501,0.11143093526633341,0.8687831052152143,-0.16957677944084176,-0.3406817956001722,0.5901882035097433,1.878729831310258,0.6684339447874725,-1.1539520213051673,182522,6h1s4i4XKIYv4ErDelLDN0,84,504708,https://i.scdn.co/image/5b3d25c0f57c1eb87468d4f12879de86406891df,False,False,False,False,False,False,True,False,False,False,False,False,False,True,False
global,947.0,5C0ivQMxes2lWuOANhvVAm,6831797,GIANTS,True Damage,https://open.spotify.com/track/5C0ivQMxes2lWuOANhvVAm,-0.6782847963038865,-0.24121474514304173,0.3404731442296918,-0.16957677944084176,-0.14208351401034186,0.3931735167144805,1.1589541613091332,0.43697131756631025,1.065356998232445,191720,7xX15v6ahAkcT14kHfB9wB,67,28347,https://i.scdn.co/image/fe62bb74d028b234b900b849bb9aa5459d2ef9f2,True,True,False,False,False,False,False,False,False,False,False,False,False,True,False
global,948.0,2d3WpbJFBND2vwMJyULdfU,6787974,Kein Plan,Loredana,https://open.spotify.com/track/2d3WpbJFBND2vwMJyULdfU,-0.7347268776870285,1.3290565864911588,0.4333628076996733,-0.144100715560078,-0.7283162192958782,0.5195942755172909,-0.7335291856694351,1.326513963357443,-0.6554056932863201,155018,2Im8m4STDBosjfmb5hmP80,78,565240,https://i.scdn.co/image/fcde3e64e69b8dc2b12e6d5d464d5bea616cf7eb,False,False,False,False,False,False,False,False,False,False,False,False,False,True,False
global,949.0,1skUhc3JS3jLCfugI3gm41,6779073,Kein Plan,Loredana,https://open.spotify.com/track/1skUhc3JS3jLCfugI3gm41,-0.7347268776870285,1.3290565864911588,0.4333628076996733,-0.144100715560078,-0.7283162192958782,0.5195942755172909,-0.7335291856694351,1.326513963357443,-0.6554056932863201,155018,2Im8m4STDBosjfmb5hmP80,78,565240,https://i.scdn.co/image/fcde3e64e69b8dc2b12e6d5d464d5bea616cf7eb,False,False,False,False,False,False,False,False,False,False,False,False,False,True,False
global,950.0,6flur5o18COKeafnjLHRiJ,6704637,Be Like Me (feat. Lil Wayne),Lil Pump,https://open.spotify.com/track/6flur5o18COKeafnjLHRiJ,-0.9898840111121987,1.794815032314862,-1.3257351942631104,-0.16957677944084176,0.13006968668683314,-0.5771328200797393,0.37773422679571655,0.47781766354651534,-0.5904430042456089,240000,3wyVrVrFCkukjdVIdirGVY,83,6375460,https://i.scdn.co/image/aafa5a282b9af40a1a683c8fc20af99d7cd9fbdd,False,False,False,False,False,True,False,False,False,False,False,False,False,True,False
global,951.0,1CCDIow4pPYyJYzhtTUYz2,6693814,RAW SHIT (feat. Migos),DaBaby,https://open.spotify.com/track/1CCDIow4pPYyJYzhtTUYz2,-0.8966572628965951,1.3024418181583757,0.5204468672027814,-0.16957677944084176,1.3363703600472843,0.5516496815954965,0.904399351186784,1.6442077654257043,0.25706622552399316,216678,4r63FhuTkUYltbVAg5TQnk,95,1799463,https://i.scdn.co/image/f68192e6516d89a77a2b16904725a77b75b42056,True,False,False,False,False,True,False,False,False,False,False,False,False,True,False
global,952.0,1Pz3QmQFBFuI60rxCQBeW6,6675666,Kills You Slowly,The Chainsmokers,https://open.spotify.com/track/1Pz3QmQFBFuI60rxCQBeW6,-0.8012896081457686,0.11808462734952918,-1.1341502633562728,-0.16957677944084176,-0.3406817956001722,-0.8134063749932541,-0.654529417010775,-1.1151898296814822,0.9054238048726977,213333,69GGBxA162lTqCwzJG5jLp,91,15139114,https://i.scdn.co/image/960547a625bc2eb742bb3dd170cbc049d2e94cf9,False,True,False,False,False,False,False,False,False,False,False,False,False,True,False
global,953.0,630sXRhIcfwr2e4RdNtjKN,6669610,Rewrite The Stars,Zac Efron,https://open.spotify.com/track/630sXRhIcfwr2e4RdNtjKN,-0.7242169728777539,0.03824032235118067,-0.031085509650236473,-0.16957677944084176,-0.384814747064579,-0.18994673542725732,-0.801995651840274,-0.9245735484405252,0.09433403854826355,217440,6U1dBXJhC8gXFjamvFTmHg,77,612727,https://i.scdn.co/image/735f581e4a58d772bd495494dceae99120ea0f4e,True,False,False,False,False,False,False,False,False,False,True,False,False,True,False
global,954.0,05WepN8vrMLJG5r8XRdLeL,6668222,INTRO,DaBaby,https://open.spotify.com/track/05WepN8vrMLJG5r8XRdLeL,-0.8697986172728929,1.2225975131600264,0.3520843521634396,-0.16957677944084176,0.21833558961564653,-0.4399068682168596,0.9833991198454439,0.8363578115949823,-0.7200429179530803,172800,4r63FhuTkUYltbVAg5TQnk,95,1799463,https://i.scdn.co/image/f68192e6516d89a77a2b16904725a77b75b42056,False,False,False,False,False,False,False,False,False,False,False,False,False,True,False
global,955.0,0tXPhc8LvM4dPvoRwI66XQ,6652341,I'll Be Home for Christmas,Michael Bublé,https://open.spotify.com/track/0tXPhc8LvM4dPvoRwI66XQ,2.632724474351335,-2.6365438950935176,-3.0383883644909035,-0.16898931769381959,-0.112661546367404,-2.9459913119489243,-0.8643176915598835,-1.5735766012371166,-1.2698824313066772,264827,1GxkXlMwML1oSg5eLPiAz3,92,3547268,https://i.scdn.co/image/6bf4c3c955399c4c45cd0677a860a42f39b6a508,True,False,False,False,False,False,False,True,False,False,False,False,False,True,False
global,956.0,03eJ2DclFWXYU8GWgANdmZ,6651462,bad vibes forever,XXXTENTACION,https://open.spotify.com/track/03eJ2DclFWXYU8GWgANdmZ,0.29719007229028066,0.8034149119186936,-0.5710066785695067,-0.1493355232068103,-0.8621861720712454,0.47709384948101863,-0.5114520582178684,1.1722055452100015,0.25150078472942344,150475,15UsOTVnJzReFVN1VCnxy4,95,17294420,https://i.scdn.co/image/942afa81f0a2298ead0c154fb7b4b606de48d9e6,True,False,False,False,False,False,False,False,True,False,False,False,False,True,False
global,957.0,6700Z4Izi8EbB6JNthU6Ma,6637743,Hold Me While You Wait,Lewis Capaldi,https://open.spotify.com/track/6700Z4Izi8EbB6JNthU6Ma,0.7214788219980388,0.06485509068396302,-0.5477842627020111,-0.16957677944084176,-0.5503133150561043,0.3495925713722013,-0.8485177378281515,-1.478268460616638,-0.4943659210551379,205687,4GNC7GD6oZMSxPGyXy4MNB,92,2143489,https://i.scdn.co/image/5ed13d249e562fea4e296aaeb745ce06d27ec88f,True,False,False,False,False,False,False,False,False,False,False,True,False,True,False
global,958.0,1gm616Plq4ScqNi7TVkZ5N,6578723,Call Out My Name,The Weeknd,https://open.spotify.com/track/1gm616Plq4ScqNi7TVkZ5N,-0.15434657877485658,0.11143093526633341,-0.15300319295458795,-0.16957677944084176,1.2922374085828774,0.5577726243295356,-0.8248178072305534,-1.4328836317497438,0.38721942866718195,228373,1Xyo4u8uXC1ZmMpatF05PJ,96,18323290,https://i.scdn.co/image/22c98f5bc7713315e8d3e48aa3ce8a98ce4ec873,True,True,False,False,False,False,False,False,False,False,False,False,True,False,False
global,959.0,3gdewACMIVMEWVbyb8O9sY,6543481,"Rocket Man (I Think It's Going To Be A Long, Long Time)",Elton John,https://open.spotify.com/track/3gdewACMIVMEWVbyb8O9sY,0.6786606912935861,-0.5140161205540683,-0.5361730547682634,-0.1695040737790816,-0.6018017584312455,-0.951352673060138,-0.8897731725721184,-0.6658800238992262,0.46943172952732115,281613,3PhoLpVuITZKcymswpck5b,87,4361424,https://i.scdn.co/image/f50ae3e5cf3637c5f486b6205468c245644be36e,True,False,False,False,False,False,False,False,False,False,True,False,False,True,False
global,960.0,0oR0Wr9N52K1vbAOuGvMJz,6516294,blun7 a swishland,tha Supreme,https://open.spotify.com/track/0oR0Wr9N52K1vbAOuGvMJz,-0.4968916244104779,0.0914698590167461,0.9732839766189441,-0.16957677944084176,0.593465677063104,0.1777900017170999,1.0097323760649972,0.35527862560590007,0.25176115622858497,167760,19i93sA0D7yS9dYoVNBqAA,86,510487,https://i.scdn.co/image/523766e72e9a82dada6e341a97b3143a574c2b61,True,False,False,False,False,False,False,True,False,False,False,False,False,True,False
global,961.0,3h1EREJfCwyv6cG7CGak5d,6474101,What Christmas Means To Me,Stevie Wonder,https://open.spotify.com/track/3h1EREJfCwyv6cG7CGak5d,-0.05314008801887759,-1.3324202467871473,-0.4781170150995246,-0.16957677944084176,-0.6650589888635619,-1.3172885446944838,-0.8186733807793243,1.5125917617117102,1.47560484159826,147227,7guDJrEfX3qb6FEbdPA5qi,83,3992296,https://i.scdn.co/image/c59faacbed7aa770266bad048660810eca204108,True,False,False,False,False,True,False,False,False,False,False,False,False,True,False
global,962.0,5A1w94uzc1kO1Zhe8WWxC3,6471731,Right Back,Khalid,https://open.spotify.com/track/5A1w94uzc1kO1Zhe8WWxC3,-0.7502971070341022,0.7368779910867359,-1.1457614712900204,-0.16915566824792685,-0.02439564343859042,-1.2391309815599825,1.562730756675618,0.5322794581867888,-0.8174218586393573,215227,6LuN9FCkKOj5PcnpouEgny,96,10092177,https://i.scdn.co/image/e52c824585bfeef4d674b509437120805300f557,False,False,False,False,False,True,False,False,False,False,False,False,False,True,False
global,963.0,4cIPLtg1avt2Jm3ne9S1zy,6459594,Killer Queen - 2011 Mix,Queen,https://open.spotify.com/track/4cIPLtg1avt2Jm3ne9S1zy,0.5190658404860808,-0.9531597980449885,0.15469381728972767,-0.16957677944084176,-0.3039043360464999,0.05461080083231043,-0.6633071690839595,0.564048838393615,-0.16043947338093958,179600,1dfeR4HaWDbWqFHLkxsg1d,93,22898929,https://i.scdn.co/image/b040846ceba13c3e9c125d68389491094e7f2982,True,False,False,False,False,False,False,False,False,False,True,False,False,True,False
global,964.0,5c2HadbVTsMKjja4gohEFI,6447614,Maman ne le sait pas (feat. Niska),Ninho,https://open.spotify.com/track/5c2HadbVTsMKjja4gohEFI,0.5502062991802282,0.5106524602580796,1.4551491058694754,-0.16957677944084176,-0.43630319043972016,0.19219692579719225,0.5532892682594058,-0.4298789137913748,0.7440260218301685,203301,6Te49r3A6f5BiIgBRxH7FH,84,2588183,https://i.scdn.co/image/3b11c1b82e510b866fa2e0935c9d9ab149d03407,False,False,False,False,False,False,False,True,False,False,False,False,False,True,False
global,965.0,4HBvwhhYo7YiYXkUDrOHzS,6440553,Trampoline,SHAED,https://open.spotify.com/track/4HBvwhhYo7YiYXkUDrOHzS,1.1769080303999446,-0.39424966305654446,-0.9599821443500562,-0.16957677944084176,-0.27448236840356205,0.25054496832156625,-0.8476399626208331,0.04666178931101757,0.1515181290515348,184280,3KwmxIhSe9UTSEF37kwngR,81,84410,https://i.scdn.co/image/d4a8d208a0334c183ffa012724df7d85a1878c20,False,False,False,False,False,False,False,True,False,False,False,False,False,True,False
global,966.0,41wZE5FpxbPaZqXtlmBhPG,6436526,Keine Liebe,RIN,https://open.spotify.com/track/41wZE5FpxbPaZqXtlmBhPG,-0.5202469684310884,0.9298350614994125,0.9907007885195658,-0.16216661839424518,0.44635583884841473,0.5419250078414342,-0.7756623956207206,0.2282011047785958,-0.5879043821287874,197933,18ISxWwWjV6rPLoVCXf1dz,82,451971,https://i.scdn.co/image/92a091bac0a8e19ee45cb5f6c83ed4d3096b6905,True,False,False,False,False,False,False,False,False,False,False,False,False,True,False
global,967.0,4MrfQL4TYQXJBlZYpAHTuE,6371432,"Baby, It's Cold Outside",Dean Martin,https://open.spotify.com/track/4MrfQL4TYQXJBlZYpAHTuE,2.430311492839377,-1.3923034755359094,-2.4868559876378855,-0.16957677944084176,-0.9048480251535053,-3.4631998864242397,-0.6396072384863616,0.22366262189190633,0.256740761150042,143733,49e4v89VmlDcFCMyDv9wQ9,82,806529,https://i.scdn.co/image/492d4ece2bf7c87952be47359f038182fbf15d9d,True,False,False,False,False,False,False,False,False,False,False,False,True,False,False
global,968.0,40mjsnRjCpycdUw3xhS20g,6296850,GATTI,JACKBOYS,https://open.spotify.com/track/40mjsnRjCpycdUw3xhS20g,-0.47742883772663575,-0.5605919651364387,0.2998339164615747,-0.16957677944084176,-0.08323957872446613,0.2411804676695063,1.878729831310258,-0.07133876574290827,0.6941974261781997,181145,7A8S43ryYdbWpJKeHRZRcq,84,81773,https://i.scdn.co/image/6ff70bad6cce3e82af9d6ad0c18734cbb53ede85,True,False,True,False,False,False,False,False,False,False,False,False,False,True,False
global,969.0,29uWfSrklmIxzRIqFFK9jj,6265003,Self,Khalid,https://open.spotify.com/track/29uWfSrklmIxzRIqFFK9jj,0.7098011499877336,-0.40090335513974024,0.39852918389843,8.659798784714262,-0.5392800771900026,-0.5083397575972984,1.7821745585052295,-0.22110870100366006,0.7105682841879577,229960,6LuN9FCkKOj5PcnpouEgny,96,10092177,https://i.scdn.co/image/e52c824585bfeef4d674b509437120805300f557,True,True,False,False,False,False,False,False,False,False,False,False,False,True,False
global,970.0,4hqOmrCCJKyiuwDexd8c2t,6228113,Price On My Head (feat. The Weeknd),NAV,https://open.spotify.com/track/4hqOmrCCJKyiuwDexd8c2t,0.4918179391287018,0.5971504573396247,-0.29233768815956107,-0.16938483649379493,1.1892605218325953,0.13456922947682282,0.05295740008789198,-0.9518044457606617,-1.5361448356363667,217776,7rkW85dBwwrJtlHRDkJDAC,83,1763142,https://i.scdn.co/image/819c7e7c7126e367b35ff23e0653b1779069128f,False,False,False,False,False,False,True,False,False,False,False,False,False,True,False
global,971.0,1Av69kr9JitqPWo7WJLS5q,6187526,Can We Kiss Forever?,Kina,https://open.spotify.com/track/1Av69kr9JitqPWo7WJLS5q,2.492592410227672,-1.2326148655392108,-2.870025849451561,0.08983702171944652,-0.5900329713740704,-4.411175490894317,-0.8169178303646875,-1.6734232247442846,-0.40017653123358515,187899,4qIVPF0s71ZYW3qzhu5GkF,81,256939,https://i.scdn.co/image/b94b31a2fa825319d0f9ef1812b6ec2163add35e,True,False,False,False,True,False,False,False,False,False,False,False,False,True,False
global,972.0,6H7fWtwEUHVfTyZD7zeG4w,6156010,when the party's over - Recorded at Spotify Studios NYC,Lewis Capaldi,https://open.spotify.com/track/6H7fWtwEUHVfTyZD7zeG4w,2.679435162392556,-1.1261557922080785,-2.562328839207246,-0.16957677944084176,-0.6098927995330534,-1.3659119134647952,-0.80989562870614,-1.0425741034944507,-0.15601315789519984,232837,4GNC7GD6oZMSxPGyXy4MNB,92,2143489,https://i.scdn.co/image/5ed13d249e562fea4e296aaeb745ce06d27ec88f,True,False,False,False,False,False,False,False,False,False,True,False,True,False,False
global,973.0,2L9QLAhrvtP4EYg1lY0Tnw,6148764,Rudolph The Red-Nosed Reindeer,Dean Martin,https://open.spotify.com/track/2L9QLAhrvtP4EYg1lY0Tnw,2.574336114299809,-1.3324202467871473,-2.457827967803516,-0.16957677944084176,-0.6540257509974602,-3.706316730275798,-0.8493955130354699,1.6759771456325308,0.4661770857878067,135760,49e4v89VmlDcFCMyDv9wQ9,82,806529,https://i.scdn.co/image/492d4ece2bf7c87952be47359f038182fbf15d9d,True,False,False,False,False,False,False,True,False,False,False,False,False,True,False
global,974.0,3UDsmMZsEMsvM82OcdqJWu,6145928,Alleen,KC Rebell,https://open.spotify.com/track/3UDsmMZsEMsvM82OcdqJWu,-0.5241395257678568,0.35761754234457693,0.7062261941427457,-0.16957677944084176,-0.5687020448329404,0.08954759172653422,1.2730649382605312,1.9936709477007926,1.228089185208175,160096,5p7mWeX4RlvqBCxylfiXdE,75,912003,https://i.scdn.co/image/12ef7c17c1a98405d87a3020daaae58f09e704d1,False,False,False,True,False,False,False,False,False,False,False,False,False,True,False
global,975.0,6EbduYTr62sSzvl36wWiFM,6128615,BLOW (with Chris Stapleton & Bruno Mars),Ed Sheeran,https://open.spotify.com/track/6EbduYTr62sSzvl36wWiFM,-1.0019704016428648,0.11143093526633341,0.9965063924864396,-0.03579836180212808,1.5129021659049113,0.4061397483865638,-0.7888290237304972,0.4914331122065837,-0.9659312524734087,209120,6eUKZXaKkcviH0Ku9w2n3V,98,57463755,https://i.scdn.co/image/f55cab0739390cf3b2c2f773b9c779b2f0ae8a99,True,True,False,False,False,False,False,False,False,False,False,False,False,True,False
global,976.0,5aXgz1oKK8Q9z9xvTmSnrO,6090626,Topanga,Trippie Redd,https://open.spotify.com/track/5aXgz1oKK8Q9z9xvTmSnrO,-0.9800747666235424,0.5106524602580796,-0.05430792551773199,-0.16955642185554892,-0.480436141904127,-0.6365613819101199,-0.7423069377426197,-2.036501855679441,-0.5270099977624694,215364,6Xgp2XMz1fhVYe7i6yNAax,92,3998147,https://i.scdn.co/image/955a9b53451b9c97a6571202eccfe0b2b94a9e50,True,False,False,False,True,False,False,False,False,False,False,False,False,True,False
global,977.0,5Q2P43CJra0uRAogjHyJDK,6084316,"Baby, It's Cold Outside",Brett Eldredge,https://open.spotify.com/track/5Q2P43CJra0uRAogjHyJDK,1.8697832363447238,-0.6337825780515922,-0.30394889609330883,-0.16957677944084176,0.6743760880811832,0.6128791089358889,-0.8195511559866429,0.8908196062352558,-0.2652390017933097,173560,0qSX3s5pJnAlSsgsCne8Cz,77,1046901,https://i.scdn.co/image/5f072aa3efa1ec27c6b1dec37d5c161c442dbb3d,True,True,False,False,False,False,False,False,False,False,False,False,False,True,False
global,978.0,7yosVOH7pRWrKANBDbsBqI,6042291,Shot,Ufo361,https://open.spotify.com/track/7yosVOH7pRWrKANBDbsBqI,-0.8674630828708318,0.28442692942942344,0.9384503528177008,-0.13502704897240875,3.5135959656246842,-0.05740303389040758,-0.5237409111203267,-1.056189552154519,-0.5567574415416329,224400,5pVRwX5ZQR7hfJ18w8ZYkl,83,1230672,https://i.scdn.co/image/ae285fbcf49b45b35adfff6dffd59b4cff6f7862,True,False,False,False,False,False,False,True,False,False,False,False,False,True,False
global,979.0,6g0Orsxv6glTJCt4cHsRsQ,5994353,Formation,Beyoncé,https://open.spotify.com/track/6g0Orsxv6glTJCt4cHsRsQ,-0.982215673158765,1.4488230439886827,-0.01947430171648871,-0.16957677944084176,0.159491654329771,-0.13664111633091575,0.9395103594795217,1.4989763130516418,-0.00590898862878659,206080,6vWDO969PvNqNYHIOW5v0m,90,21495344,https://i.scdn.co/image/9fef2047e4e3f05031807d5fa9e121b7862ba259,False,False,False,False,False,True,False,False,False,False,False,False,False,True,False
global,980.0,7faDzZnZYqTyYThx2sbHVQ,5969425,Mistletoe And Holly - Remastered 1999,Frank Sinatra,https://open.spotify.com/track/7faDzZnZYqTyYThx2sbHVQ,2.12669202057144,-0.4740939680548937,-3.0267771565571557,-0.16957677944084176,-0.7231673749583641,-2.855227690244342,-0.786195698108542,-0.6658800238992262,-0.3830571051637385,136427,1Mxqyy3pSjf8kZZL4QVxS0,88,3528165,https://i.scdn.co/image/fc4e0f474fb4c4cb83617aa884dc9fd9822d4411,True,False,False,False,False,False,False,False,False,True,False,False,False,True,False
global,981.0,5IhzJOXNE7ki0IIJbZbnGq,5960533,Canyon Moon,Harry Styles,https://open.spotify.com/track/5IhzJOXNE7ki0IIJbZbnGq,0.2738347282696701,-0.5007087363876768,-0.01947430171648871,-0.16917079102557298,-0.4068812227967824,-0.23857010419756894,-0.9064509015111689,0.9634353324222866,-0.9153540887613517,189787,6KImCVD70vtIoJWnq6nGn3,95,5911371,https://i.scdn.co/image/b2163e7456f3d618a0e2a4e32bc892d6b11ce673,True,False,True,False,False,False,False,False,False,False,False,False,False,True,False
global,982.0,1AGjF8pckOxTGeb5zubyqH,5906566,Genick,Loredana,https://open.spotify.com/track/1AGjF8pckOxTGeb5zubyqH,0.2738347282696701,1.6151653460685769,-0.2575040643583178,-0.16957677944084176,-0.5392800771900026,-0.18670517750923674,-0.42104121186406857,0.49597159509327315,-0.5586776813479464,205234,2Im8m4STDBosjfmb5hmP80,78,565240,https://i.scdn.co/image/fcde3e64e69b8dc2b12e6d5d464d5bea616cf7eb,False,False,False,False,False,False,False,False,False,True,False,False,False,True,False
global,983.0,0ypCvaP431mEM6znlVHNRP,5839878,Puerto Rico,Fero47,https://open.spotify.com/track/0ypCvaP431mEM6znlVHNRP,0.2037686962078384,0.058201398600767985,0.8223382734802233,-0.16957677944084176,0.159491654329771,-0.09414069029464318,-0.21915291418082622,0.6412030474673358,0.5823027744136872,193573,4A7HeXSd4HtQuf6IR5XZ1b,73,298804,https://i.scdn.co/image/82d940b70e3bd4df0f7cf3e5ea5cf0292dee6156,False,False,False,False,False,False,False,False,False,True,False,False,False,True,False
global,984.0,7M2tXmeS15NAzEn7ABFeBg,5820283,Homicide (feat. Eminem),Logic,https://open.spotify.com/track/7M2tXmeS15NAzEn7ABFeBg,-0.46964372305309887,0.10477724318313764,0.781699045712106,-0.16957677944084176,-0.05381761108152828,0.29196487505183183,2.352728443262219,1.2811291344905484,0.5828235174120101,245387,4xRYI6VqpkE3UwrDrAZL8L,87,4329265,https://i.scdn.co/image/efa0b73c2cdaf40b1767b4b1e1254b1cfc5b51db,False,False,False,False,False,False,False,False,False,False,True,False,False,True,False
global,985.0,2v5JTeM6hSmi5wWy7jiwrI,5782535,I've Been Waiting (w/ ILoveMakonnen & Fall Out Boy),Lil Peep,https://open.spotify.com/track/2v5JTeM6hSmi5wWy7jiwrI,-0.41904047767510944,0.4175007710933389,1.2809809868632591,-0.16957677944084176,-0.002329167706387227,1.047968216154678,-0.8063845278768662,1.989132464814103,0.2535837567227126,233613,2kCcBybjl3SAtIcwdWpUe3,88,3024183,https://i.scdn.co/image/78e5cfd1a377b3d820d452c6b9e964f2e29c6430,False,False,False,False,False,True,False,False,False,False,False,False,False,True,False
global,986.0,76IVpz47q3ghkxoUeTTEKb,5764749,COLT,Samra,https://open.spotify.com/track/76IVpz47q3ghkxoUeTTEKb,0.34000820299473317,-0.8932765692962266,-0.5477842627020111,-0.16957677944084176,-0.5606110037311325,0.11151815094867502,2.616061005457752,-1.3784218371094703,-1.0432615877242752,179813,6h1s4i4XKIYv4ErDelLDN0,84,504708,https://i.scdn.co/image/5b3d25c0f57c1eb87468d4f12879de86406891df,False,False,False,False,False,False,False,False,False,True,False,False,False,True,False
global,987.0,0cLS7FslBJgsuWwJNRnPWB,5757650,Doin' Time,Lana Del Rey,https://open.spotify.com/track/0cLS7FslBJgsuWwJNRnPWB,0.30497518696381754,-0.3809422788901529,0.3927235799315561,-0.16424890854705648,-0.6371081196027709,0.23073544771143936,-0.7589846666816701,-0.18933932079683388,0.742724164334362,201997,00FQb4jTyendYWaN8pK0wa,89,9718093,https://i.scdn.co/image/6e8dc460cfb6b89d7970302259febd0aa73b38c6,True,False,False,False,False,False,False,True,False,False,False,False,False,True,False
global,988.0,2mdEsXPu8ZmkHRRtAdC09e,5749205,Cinnamon Girl,Lana Del Rey,https://open.spotify.com/track/2mdEsXPu8ZmkHRRtAdC09e,2.2629315273583344,-2.5700069742615597,-1.6856826402092906,3.8437757497205687,-0.17150548165327972,-1.5132227121837398,-0.8090178534988215,-1.5418072210302904,-1.7676476448280405,300683,00FQb4jTyendYWaN8pK0wa,89,9718093,https://i.scdn.co/image/6e8dc460cfb6b89d7970302259febd0aa73b38c6,False,False,False,False,False,False,True,False,False,False,False,False,False,True,False
global,989.0,6QwFUcPc5nhsqZuhXUYtV7,5748589,Tijolão - Ao Vivo,Jorge & Mateus,https://open.spotify.com/track/6QwFUcPc5nhsqZuhXUYtV7,0.8226853127540177,-0.27448320555902056,1.4667603138032232,-0.16957677944084176,1.2407489652077366,1.0076288287304191,0.5971780286253281,0.9225889864420815,-0.10605437649365083,175219,1elUiq4X7pxej6FRlrEzjM,86,11223376,https://i.scdn.co/image/dd5586194b6bfb1da2c4a27dc442334714a555a2,False,False,False,False,True,False,False,False,False,False,False,False,False,True,False
global,990.0,5CE0V7z1ePOZQNJNpWxYGA,5699885,Confessions of a Dangerous Mind,Logic,https://open.spotify.com/track/5CE0V7z1ePOZQNJNpWxYGA,0.4801402671183965,0.8100686040018894,0.7991158576127277,-0.16957677944084176,-0.6297526276920364,0.8574366451954564,0.6410667889912505,0.7138187736543671,0.6451824914611098,284080,4xRYI6VqpkE3UwrDrAZL8L,87,4329265,https://i.scdn.co/image/efa0b73c2cdaf40b1767b4b1e1254b1cfc5b51db,False,False,False,False,False,False,False,True,False,False,False,False,False,True,False
global,991.0,3FUXVbi9ugVUqJ3rPrfd2G,5658944,Before I Let Go - Homecoming Live Bonus Track,Beyoncé,https://open.spotify.com/track/3FUXVbi9ugVUqJ3rPrfd2G,-0.7308343203502601,0.21123631651426997,1.2751753828963852,-0.16957677944084176,1.3216593762258153,0.3200583770080117,-0.2911304811809387,-0.08495421440297664,-0.6228918023285694,240777,6vWDO969PvNqNYHIOW5v0m,90,21495344,https://i.scdn.co/image/9fef2047e4e3f05031807d5fa9e121b7862ba259,False,False,False,False,False,False,True,False,False,False,False,False,False,True,False
global,992.0,0lnIJmgcUpEpe4AZACjayW,5638628,Sorry,Beyoncé,https://open.spotify.com/track/0lnIJmgcUpEpe4AZACjayW,-0.9961121028510284,0.6437263019219951,-0.15300319295458795,-0.16952512933872735,0.5787546932416351,-0.2868332998658784,-0.6712071459498257,-0.5978027805988846,0.25517853215507497,232560,6vWDO969PvNqNYHIOW5v0m,90,21495344,https://i.scdn.co/image/9fef2047e4e3f05031807d5fa9e121b7862ba259,True,False,True,False,False,False,False,False,False,False,False,False,False,True,False
global,993.0,0uIfrUwwg0Z7KTitul7E3T,5624975,YO LE LLEGO,J Balvin,https://open.spotify.com/track/0uIfrUwwg0Z7KTitul7E3T,-0.9624414818879814,0.7102632227539528,0.9732839766189441,-0.16957677944084176,-0.5172136014577993,0.6420531301980757,-0.5781629739740703,0.18281627591170124,1.0704016960286924,249600,1vyhD5VmyZ7KMfW5gqLgo5,99,17106207,https://i.scdn.co/image/84a8ce44cf41f5991178c3d7d8060d2e65624d1f,False,False,False,False,False,False,False,False,False,True,False,False,False,True,False
global,994.0,3cg9A9GVyZAT2CPevqWr65,5606572,Cambio,Ozuna,https://open.spotify.com/track/3cg9A9GVyZAT2CPevqWr65,0.06363663208417523,-0.8666618009634435,-0.4781170150995246,-0.16957677944084176,-0.5709086924061608,-0.13015800049487425,0.07929065630744536,0.7319727052011249,1.689011831598233,370492,1i8SpTcr7yvPOmcqrbnVXY,98,21123358,https://i.scdn.co/image/f9ede0c1b199df8dfc4a29b784342e9af2e15a2c,False,False,False,False,False,False,False,False,False,False,False,True,False,True,False
global,995.0,3drwaFqLSEjqzjNRbjap0R,5589516,Nummer 1,Capital Bra,https://open.spotify.com/track/3drwaFqLSEjqzjNRbjap0R,1.1068419983381128,1.0296404427473491,-0.2284760445239484,-0.16949523277061157,-0.8173176714157652,0.08126361038048122,0.8166218304549394,0.7955114656147773,-0.8504890390328254,155000,4WZGDpNwrC0vNQyl9QzF7d,86,2984316,https://i.scdn.co/image/d03852fe340cb703676ef25a2e66368c788c4b95,False,False,False,False,False,False,True,False,False,False,False,False,False,True,False
global,996.0,01iuzK2ziYAVE2n9aSXbWp,5585004,Hollywood's Bleeding,Post Malone,https://open.spotify.com/track/01iuzK2ziYAVE2n9aSXbWp,0.2855124002799754,-1.8247934609436338,0.11986019348848441,-0.16957677944084176,-0.5172136014577993,1.172948282549479,-0.7203625575596585,-1.496422392163396,0.2625665734437732,156253,246dkjvS1zLTtiykXe5h60,100,21335421,https://i.scdn.co/image/93fec27f9aac86526b9010e882037afbda4e3d5f,False,False,False,False,True,False,False,False,False,False,False,False,False,True,False
global,997.0,2BM7nF0pMIpLQOT04o691Z,5579926,Hurts 2B Human (feat. Khalid),P!nk,https://open.spotify.com/track/2BM7nF0pMIpLQOT04o691Z,-0.49299906707370944,-1.4322256280350836,-0.025279905683362594,-0.16957677944084176,-0.82687981089972,0.29916833709187785,0.32506771435661,-1.496422392163396,-1.2731045286087965,202640,1KCSPY1glIKqW2TotWuXOR,86,7714421,https://i.scdn.co/image/afc2d276d9c1b398d4f1048c20584f926296b9c0,True,False,False,False,False,False,False,True,False,False,False,False,False,False,False
global,998.0,0rzNMzZsubFcXSEh7dnem7,5574100,Hold Up,Beyoncé,https://open.spotify.com/track/0rzNMzZsubFcXSEh7dnem7,1.8970311377021027,-1.026350410960142,-1.3199295902962365,-0.16957677944084176,2.55002652531847,-1.965960301400642,2.4141727077745103,0.29173986519224815,-1.3475382309314956,221093,6vWDO969PvNqNYHIOW5v0m,90,21495344,https://i.scdn.co/image/9fef2047e4e3f05031807d5fa9e121b7862ba259,True,False,False,False,False,False,False,False,False,False,False,False,False,True,False
global,999.0,3L19besdNQzd342qL78xqm,5565198,Demons and Angels (feat. Juice WRLD),A Boogie Wit da Hoodie,https://open.spotify.com/track/3L19besdNQzd342qL78xqm,-0.958548924551213,0.8766055248338471,-0.43167218336453356,-0.16951058820637532,-0.4951471257255959,-0.35382549683830783,0.35140097057616343,-1.3829603199961598,-1.4855676719243098,214593,31W5EY0aAly4Qieq6OFu6I,91,3899600,https://i.scdn.co/image/b7d26110180d7fb07097570d96991be33436a56a,False,False,True,False,False,False,False,False,False,False,False,False,False,True,False
global,1000.0,5ZwRTJD1bTACtIuW5Iibnu,5543306,Tricheur,Nekfeu,https://open.spotify.com/track/5ZwRTJD1bTACtIuW5Iibnu,0.565776528527302,0.5173061523412754,0.07341536175349336,-0.16957677944084176,0.019737308025816167,-0.5425562022875177,0.9746213677722595,-1.3466524569026441,0.5205621826750955,248467,4LXBc13z5EWsc5N32bLxfH,80,1154381,https://i.scdn.co/image/4b29b23a7dc7ac866210d93d4a5287c95941696c,False,True,False,False,False,False,False,False,False,False,False,False,False,True,False
global,1001.0,2qD7VoDYcrAPY0cVEfpsR5,5542019,Some que ele vem atrás,Anitta,https://open.spotify.com/track/2qD7VoDYcrAPY0cVEfpsR5,-0.7117607894000949,-0.2012925926438671,0.9907007885195658,-0.16957677944084176,1.5129021659049113,0.3391475514141344,0.35140097057616343,0.5005100779799626,1.8842904559691092,194771,7FNnA9vBm6EKceENgCGRMb,89,8588071,https://i.scdn.co/image/7cabfa639a2b6734f8f9df2f42e7d7a9187682bc,False,False,False,False,False,False,False,False,False,False,False,False,False,True,False
global,1002.0,4YhN72dRYL2Z3MsaKyT7rS,5528846,Stay (Don't Go Away) [feat. Raye],David Guetta,https://open.spotify.com/track/4YhN72dRYL2Z3MsaKyT7rS,0.005248272032648823,-0.0615650588967559,1.0023119964533136,-0.16957677944084176,0.1815581300619744,0.28728262472580185,-0.5930851524984839,0.29173986519224815,-0.07428905359598835,185943,1Cs0zKBU1kc0i8ypK3B9ai,90,20802505,https://i.scdn.co/image/3a8476a71714e7718a41a1157c40f93abb8cc750,False,False,False,False,False,False,False,False,False,True,False,False,False,True,False
global,1003.0,4HFpIAtiojlAuYNmITpYGn,5448294,Truth Hurts,Lizzo,https://open.spotify.com/track/4HFpIAtiojlAuYNmITpYGn,-0.5747427711458464,0.24450477693024883,-0.002057489815867073,-0.16957677944084176,-0.37745925515384454,1.235978575399883,-0.14015314552216607,-0.34364773894427536,1.1697008765212826,173325,56oDRnqbIiwx4mymNEv7dS,88,1838446,https://i.scdn.co/image/e33e4245fe5901ed940ba95070bb8d56679b6fe0,True,False,False,False,True,False,False,False,False,False,False,False,False,True,False
global,1004.0,5Qel1sTrU4LM8HlJSPT2jd,5439635,Truth Hurts,Lizzo,https://open.spotify.com/track/5Qel1sTrU4LM8HlJSPT2jd,-0.5747427711458464,0.24450477693024883,-0.002057489815867073,-0.16957677944084176,-0.37745925515384454,1.235978575399883,-0.14015314552216607,-0.34364773894427536,1.1697008765212826,173325,56oDRnqbIiwx4mymNEv7dS,88,1838446,https://i.scdn.co/image/e33e4245fe5901ed940ba95070bb8d56679b6fe0,False,False,False,False,True,False,False,False,False,False,False,False,False,True,False
global,1005.0,2kAIpGWnlFLQh48iut6Zzq,5435285,Free Spirit,Khalid,https://open.spotify.com/track/2kAIpGWnlFLQh48iut6Zzq,0.19598358153430154,-0.3410201263909783,-1.0354549959194168,-0.16061944191198876,-0.465725158082658,-1.0802946435769647,-0.8493955130354699,-1.7142695707244897,0.580838184730906,182080,6LuN9FCkKOj5PcnpouEgny,96,10092177,https://i.scdn.co/image/e52c824585bfeef4d674b509437120805300f557,False,False,True,False,False,False,False,False,False,False,False,False,False,True,False
global,1006.0,3fV9z98dnQLSIPIMMJXCm7,5357554,Veleno 7,Gemitaiz,https://open.spotify.com/track/3fV9z98dnQLSIPIMMJXCm7,-0.39568513365449887,0.849990756501064,1.2693697789295113,-0.1694325314079096,1.3878588034224255,0.08666620691051574,-0.6132739822668082,-0.7294187843128785,0.3529154836526989,173371,4upwdFMlZBmQ68jP9jPzjK,79,1432373,https://i.scdn.co/image/796fdd17488e21f18855718087b17c4c0786aab4,False,False,False,False,False,False,True,False,False,False,False,False,False,True,False
global,1007.0,1WqLtczgKdbHFHhefOU0y7,5324138,Self,Khalid,https://open.spotify.com/track/1WqLtczgKdbHFHhefOU0y7,0.7098011499877336,-0.40090335513974024,0.39852918389843,8.659798784714262,-0.5392800771900026,-0.5083397575972984,1.7821745585052295,-0.22110870100366006,0.7105682841879577,229960,6LuN9FCkKOj5PcnpouEgny,96,10092177,https://i.scdn.co/image/e52c824585bfeef4d674b509437120805300f557,False,True,False,False,False,False,False,False,False,False,False,False,False,True,False
global,1008.0,2INhKpUdzh7v0j041gZNsz,5273842,DHL,Frank Ocean,https://open.spotify.com/track/2INhKpUdzh7v0j041gZNsz,1.2625442918088496,0.9364887535826083,-0.9657877483169302,1.8429159380806772,-0.3406817956001722,-1.3489837776706872,0.32506771435661,-1.1605746585483767,0.027125645327286636,268893,2h93pZq0e7k5yf4dywlkpM,88,5178098,https://i.scdn.co/image/7db34c8aace6feb91f38601bb75e6b3301b4657a,False,False,False,False,True,False,False,False,False,False,False,False,False,True,False
global,1009.0,4eqrNsKy9Mvg1fvfsTVIAE,5265000,"Down Bad (feat. JID, Bas, J. Cole, EARTHGANG & Young Nudy)",Dreamville,https://open.spotify.com/track/4eqrNsKy9Mvg1fvfsTVIAE,-0.849946574855374,0.7501853752531275,-0.24008725245769616,-0.16957677944084176,-0.8577728769248046,0.4432375778928015,2.0981736331398695,0.9362044351021499,0.8965060810264277,169147,1iNqsUDUraNWrj00bqssQG,78,186560,https://i.scdn.co/image/a18511aae6029596c9dfca3b9d38fb8383386d0e,True,True,False,False,False,False,False,False,False,False,False,False,False,True,False
global,1010.0,44Fc0oSgRn1MFwu18TcY8S,5257182,Wir sind Kral,Ufo361,https://open.spotify.com/track/44Fc0oSgRn1MFwu18TcY8S,0.04806640273710153,0.8433370644178683,0.5204468672027814,-0.14770691638338249,0.3507344440088669,-0.04623766772833612,-0.285863829937028,-0.684033955445984,1.1669995222174856,154039,5pVRwX5ZQR7hfJ18w8ZYkl,83,1230672,https://i.scdn.co/image/ae285fbcf49b45b35adfff6dffd59b4cff6f7862,True,False,False,False,False,False,False,False,False,False,False,True,False,True,False
global,1011.0,1VuAamHM7P3VQQEXYGG3Uu,5232716,Joy To The World,Nat King Cole,https://open.spotify.com/track/1VuAamHM7P3VQQEXYGG3Uu,2.1811878232861974,-0.8333933405474646,-1.6682658283086689,-0.16957677944084176,-0.4510141742611891,-1.3889629919929432,-0.8774843196696602,0.7909729827280878,-0.6583999655266736,84987,7v4imS0moSyGdXyLgVTIV7,82,1200836,https://i.scdn.co/image/a4c0918f13b67aa8d9f4ea1d64bdba44c51fb1d2,True,False,False,False,False,False,False,False,False,False,True,False,False,True,False
global,1012.0,1NHlyKgtR4roNylOhidKSv,5201321,Girls Have Fun (feat. G-Eazy & Rich The Kid),Tyga,https://open.spotify.com/track/1NHlyKgtR4roNylOhidKSv,-0.9801136921969101,1.3955935073231165,0.6713925703415023,-0.16957677944084176,0.321312476365929,0.4014574980605335,0.9482881115527061,0.8000499485014667,-0.7207263931383784,175711,5LHRHt1k9lMyONurDHEdrp,92,5328383,https://i.scdn.co/image/67c4bd718cbf584ba2d297ccbb1e6e62a9772d0a,True,False,False,False,False,False,False,False,True,False,False,False,False,True,False
global,1013.0,4HEOgBHRCExyYVeTyrXsnL,5199690,Jingle Bells - Remastered 1999,Frank Sinatra,https://open.spotify.com/track/4HEOgBHRCExyYVeTyrXsnL,1.8269651056402711,-1.1061947159584913,-1.6566546203749213,-0.16957677944084176,-0.5635532004954263,-2.392045081069373,-0.7036848286206081,2.102594536981339,1.7074331151638857,120693,1Mxqyy3pSjf8kZZL4QVxS0,88,3528165,https://i.scdn.co/image/fc4e0f474fb4c4cb83617aa884dc9fd9822d4411,True,False,False,False,False,False,False,False,True,False,False,False,False,True,False
global,1014.0,7tGEAA1f8MydT7eVbbO9Zy,5172777,WHEN I WAS OLDER - Music Inspired By The Film ROMA,Billie Eilish,https://open.spotify.com/track/7tGEAA1f8MydT7eVbbO9Zy,2.3174273300730928,0.11143093526633341,-1.6972938481430384,4.867471467303769,-0.6584390461439008,-2.289395746998715,-0.7677624187548544,-1.9284859629762319,0.9107288741681059,270520,6qqNVTkY8uBg9cP3Jd7DAH,98,18867904,https://i.scdn.co/image/2622edec99d68d1d141886be593c88cbe509f6d8,True,False,False,False,False,False,True,False,False,False,False,False,False,True,False
global,1015.0,5TxRUOsGeWeRl3xOML59Ai,5152508,ARE WE STILL FRIENDS?,"Tyler, The Creator",https://open.spotify.com/track/5TxRUOsGeWeRl3xOML59Ai,-0.5046767390840148,-3.075687572584438,-0.7393691936088491,-0.16954897679578468,-0.465725158082658,-0.5573232994696125,-0.8151622799500506,-0.792957544726531,2.1207403236448443,265480,4V8LLVI7PbaPR0K2TGSxFF,87,3689916,https://i.scdn.co/image/fe839f5bd121774e64f377b5eead237c69a01711,True,False,False,False,False,False,False,False,False,False,True,False,True,False,False
global,1016.0,6O10oTtZIZ4DkkUqyfCbrR,5130360,Higher (feat. Nipsey Hussle & John Legend),DJ Khaled,https://open.spotify.com/track/6O10oTtZIZ4DkkUqyfCbrR,-0.6335203869310496,-2.1774391413530094,1.9254030271862592,-0.16957677944084176,0.38015641165180475,1.6141603325023075,1.0097323760649972,-0.18933932079683388,-1.2527955516742255,176875,0QHgL1lAIqAw0HtD7YldmP,82,4390256,https://i.scdn.co/image/94e2383b16d3a8f0af23b45ab9edd767b4107bbf,True,False,False,False,False,False,False,True,False,False,False,False,False,True,False
global,1017.0,69dXVFCMiz3SL1L7M24NdX,5120371,bad vibes forever,XXXTENTACION,https://open.spotify.com/track/69dXVFCMiz3SL1L7M24NdX,0.29719007229028066,0.8034149119186936,-0.5710066785695067,-0.1493355232068103,-0.8621861720712454,0.47709384948101863,-0.5114520582178684,1.1722055452100015,0.25150078472942344,150475,15UsOTVnJzReFVN1VCnxy4,95,17294420,https://i.scdn.co/image/942afa81f0a2298ead0c154fb7b4b606de48d9e6,True,False,False,False,False,False,False,False,True,False,False,False,False,True,False
global,1018.0,0OGNtqKkjI7FCE9HZ4Khgo,5101190,Power Over Me,Dermot Kennedy,https://open.spotify.com/track/0OGNtqKkjI7FCE9HZ4Khgo,-0.8009003524120918,-1.7183343876125017,1.2693697789295113,-0.16957677944084176,-0.5025026176363303,0.8091734495271472,-0.07870888100987494,0.01489240910419138,1.6819818011208811,206960,5KNNVgR6LBIABRIomyCwKJ,80,492594,https://i.scdn.co/image/b8beb62e5c1f2b311af61c94a2106a66524d425e,False,False,False,False,False,False,False,False,False,True,False,False,True,False,False
global,1019.0,5A0M6B0RBSXSNWv0wcppZ9,5093105,I DON'T LOVE YOU ANYMORE,"Tyler, The Creator",https://open.spotify.com/track/5A0M6B0RBSXSNWv0wcppZ9,0.36725610435211214,-0.2678295134758248,-0.5942290944370022,0.6016848805110466,-0.06852859490299722,-1.2016729789517426,-0.3227303886444027,0.43697131756631025,0.6771105465457479,161200,4V8LLVI7PbaPR0K2TGSxFF,87,3689916,https://i.scdn.co/image/fe839f5bd121774e64f377b5eead237c69a01711,True,False,False,False,False,False,False,False,True,False,False,False,False,True,False
global,1020.0,2a3dopgTF1q4rMVDJ1rwBU,5087553,Push My Luck,The Chainsmokers,https://open.spotify.com/track/2a3dopgTF1q4rMVDJ1rwBU,0.118132434798933,0.11143093526633341,0.10824898555473664,-0.16957677944084176,0.08593673522242636,0.0225553947541048,-0.7940956749744078,0.19189324168508015,-1.0451167346557988,181844,69GGBxA162lTqCwzJG5jLp,91,15139114,https://i.scdn.co/image/960547a625bc2eb742bb3dd170cbc049d2e94cf9,True,False,True,False,False,False,False,False,False,False,False,False,False,True,False
global,1021.0,44mYhOVgerj2qPjkGDVA6n,5075934,It's Beginning To Look Like Christmas,Bing Crosby,https://open.spotify.com/track/44mYhOVgerj2qPjkGDVA6n,1.9943450711213135,-1.3656887072031263,-2.3939663241679034,-0.16957677944084176,-0.2818378603142965,-3.076013801771758,-0.7054403790352449,0.4006634544727946,-0.8204161308797108,166000,6ZjFtWeHP9XN7FeKSUe80S,85,279435,https://i.scdn.co/image/ae161dc2c147cbebc97ff1a1cdc3e43fee7ba7dc,False,False,False,False,False,False,False,False,False,False,False,False,False,True,False
global,1022.0,6it15CsDlkqB7N4lF0C1qM,5062745,Caro,Bad Bunny,https://open.spotify.com/track/6it15CsDlkqB7N4lF0C1qM,1.4377093719634289,-0.18133151639427977,-0.28653208419268716,-0.16722693245275305,-0.5753219875526014,-0.45431379229695196,1.4837309880169578,-1.0879589323613454,1.2321900363199634,229456,4q3ewBCX7sLwd24euuV69X,98,17863391,https://i.scdn.co/image/22590f4021a00d1cad0821cc46a54395960342ee,True,False,False,False,False,False,False,False,False,False,False,False,False,True,False
global,1023.0,4qBejt9FeqLI9blHI1Nq1x,5047802,Jingle Bells (feat. The Puppini Sisters),Michael Bublé,https://open.spotify.com/track/4qBejt9FeqLI9blHI1Nq1x,1.4649572733208078,0.15800677984870382,-0.21105923262332674,-0.16957677944084176,0.17420263815123993,0.2030021188572616,-0.6466294401449091,1.639669282539015,0.025953973581061336,159973,1GxkXlMwML1oSg5eLPiAz3,92,3547268,https://i.scdn.co/image/6bf4c3c955399c4c45cd0677a860a42f39b6a508,True,False,False,False,False,True,False,False,False,False,False,False,True,False,False
global,1024.0,1cL3ucXzG2hj3XOUPIWdvZ,5031245,Feelings,Lauv,https://open.spotify.com/track/1cL3ucXzG2hj3XOUPIWdvZ,-0.6393592229362023,0.10477724318313764,-0.9193429165819391,-0.16957677944084176,-0.5613465529222059,-0.1009839792326871,-0.8037512022549109,-1.0970358981347244,-0.6225988843920132,189613,5JZ7CnR6gTvEMKX4g70Amv,91,2139634,https://i.scdn.co/image/d763de4ee1f230d55719b5fcccd76984fcc2d290,True,False,False,False,False,False,False,False,False,True,False,False,False,True,False
global,1025.0,5WrEilrRI5cIW0DxMvQYPZ,5026361,Jopping,SuperM,https://open.spotify.com/track/5WrEilrRI5cIW0DxMvQYPZ,-0.9488175312092919,0.4108470790101431,1.2229249471945203,-0.16957677944084176,5.021471807325248,1.0994729697410082,-0.4043634829250181,0.21458565611852742,0.028525142135278122,251293,5BHFSMEjfLVx1JwRWjAOsE,68,381691,https://i.scdn.co/image/96e5c8a8d3264402cf0af396218d46ec526adc13,False,False,False,False,False,False,False,False,False,False,True,False,False,True,False
global,1026.0,0HEckRWFSknIupbGzavk5d,5001832,Hundred,Khalid,https://open.spotify.com/track/0HEckRWFSknIupbGzavk5d,-0.8001218409447381,0.6237652256724078,-0.8206476491450835,-0.16521443973523153,1.490835690172708,-1.290275562044311,-0.6457516649375906,-0.03956938553608209,-0.06973255236066789,277080,6LuN9FCkKOj5PcnpouEgny,96,10092177,https://i.scdn.co/image/e52c824585bfeef4d674b509437120805300f557,False,False,False,False,False,False,True,False,False,False,False,False,False,True,False
global,1027.0,0hWzB4dR1zwcokPvccww0k,4994408,When I Grow Up,NF,https://open.spotify.com/track/0hWzB4dR1zwcokPvccww0k,0.24269426957552268,0.9231813694162168,1.101007263890169,-0.16957677944084176,-0.16414998974254527,0.8977760326197152,0.4830672516739301,-1.092497415248035,-0.39555493712347456,196800,6fOMl44jA4Sp5b9PpYCkzz,89,2865437,https://i.scdn.co/image/55db20d7c49bdcf52162474265c66ca601054b1c,True,False,True,False,False,False,False,False,False,False,False,False,False,True,False
global,1028.0,2IoZOYOZDrWCOLoZoYedxQ,4949629,One Call,Gunna,https://open.spotify.com/track/2IoZOYOZDrWCOLoZoYedxQ,-0.51635441109432,1.2159438210768307,-0.8322588570788313,-0.1694162453396753,-0.6179838406348613,-0.2994393584359593,1.869952079237074,-1.3602679055627125,0.8085981536221375,195736,2hlmm7s2ICUX0LVIhVFlZQ,92,1709666,https://i.scdn.co/image/ec9841f2d8fd9f9a21dff3b2eba8c790b255b3e3,True,False,True,False,False,False,False,False,False,False,False,False,False,True,False
global,1029.0,6uYgCE2OEulOw5zhHvZsHf,4945797,Love Me More,Trippie Redd,https://open.spotify.com/track/6uYgCE2OEulOw5zhHvZsHf,-0.14656146410131973,-0.2678295134758248,-0.4955338270001462,-0.16957677944084176,0.49048879031282155,0.22497267807940244,-0.6984181773766973,-1.092497415248035,-1.2617132755204956,143713,6Xgp2XMz1fhVYe7i6yNAax,92,3998147,https://i.scdn.co/image/955a9b53451b9c97a6571202eccfe0b2b94a9e50,True,False,False,False,False,False,False,False,False,False,True,False,False,True,False
global,1030.0,2FvD20Z8aoWIePi7PoN8sG,4941668,TOES (feat. Lil Baby & Moneybagg Yo),DaBaby,https://open.spotify.com/track/2FvD20Z8aoWIePi7PoN8sG,-0.6938550256509601,0.916527677333021,-0.24589285642457004,-0.16950884327049306,-0.6084217011509065,0.841589028707355,1.8523965750907052,0.24635503632535363,1.2320923970077775,136366,4r63FhuTkUYltbVAg5TQnk,95,1799463,https://i.scdn.co/image/f68192e6516d89a77a2b16904725a77b75b42056,True,False,False,False,False,False,False,False,True,False,False,False,False,True,False
global,1031.0,5CKtlUULFD5aPVX4PL02H6,4867044,Broke Leg (with Quavo & Tyga),Tory Lanez,https://open.spotify.com/track/5CKtlUULFD5aPVX4PL02H6,-0.12320612008070918,0.11143093526633341,1.3100090066976284,-0.16957677944084176,-0.21563843311768652,1.1084772972910657,-0.34730809444931926,0.7002033249942987,-0.7216376933854427,165605,2jku7tDXc6XoB6MO2hFuqg,87,2680869,https://i.scdn.co/image/c509c5aa8289c3048fa8259d0bce49b2999c320f,True,True,False,False,False,False,False,False,False,False,False,False,False,True,False
global,1032.0,44pxxRrhiDGuHYP5HjadGF,4843981,Take What You Want (feat. Ozzy Osbourne & Travis Scott),Post Malone,https://open.spotify.com/track/44pxxRrhiDGuHYP5HjadGF,-0.6058832298399939,-1.2193074813728193,1.0835904519895478,-0.16957677944084176,-0.31125982795723434,1.3789672968947997,-0.6396072384863616,-1.1197283125681716,0.5785924805506413,229587,246dkjvS1zLTtiykXe5h60,100,21335421,https://i.scdn.co/image/93fec27f9aac86526b9010e882037afbda4e3d5f,False,True,False,False,False,False,False,False,False,False,False,False,False,True,False
global,1033.0,6ztvsy3C6hPjVg9j4x1XKJ,4827656,Tip Toe (feat. A Boogie Wit da Hoodie),Roddy Ricch,https://open.spotify.com/track/6ztvsy3C6hPjVg9j4x1XKJ,-0.6331311311973727,0.5239598444244712,0.28241710456095304,-0.16957677944084176,1.2039715056540643,-0.7330877732467389,0.09684616045381404,0.3915864886994157,-0.9500160445871821,185806,757aE44tKEUQEqRuT6GnEB,93,1162631,https://i.scdn.co/image/020e997fb003cf666859a90b57ca0519df769d30,True,True,False,False,False,False,False,False,False,False,False,False,True,False,False
global,1034.0,64ydkbrt0xhdJXRaam06Mc,4819380,Mile High,James Blake,https://open.spotify.com/track/64ydkbrt0xhdJXRaam06Mc,0.565776528527302,0.5039987681748839,-1.4766808974018313,-0.16885321269500456,-0.4951471257255959,-1.2160799030318348,-0.0874866330830594,-1.1787285900951345,-0.2345477113296871,193600,53KwLdlmrlCelAZMaLVZqU,75,936358,https://i.scdn.co/image/8f610393d27956d90e8bdac11e0975c971187b5b,False,False,False,False,False,False,True,False,False,False,False,False,False,True,False
global,1035.0,5WnfnSpuNEGXyEt78PBA6d,4727860,"Costa Rica (with Bas & JID feat. Guapdad 4000, Reese LAFLARE, Jace, Mez, Smokepurpp, Buddy & Ski Mask The Slump God)",Dreamville,https://open.spotify.com/track/5WnfnSpuNEGXyEt78PBA6d,1.0095280649189022,-0.24121474514304173,0.13147140142223215,-0.16957677944084176,-0.8048133351675166,0.059653224260342516,2.616061005457752,0.8000499485014667,-0.045518002938679254,217867,1iNqsUDUraNWrj00bqssQG,78,186560,https://i.scdn.co/image/a18511aae6029596c9dfca3b9d38fb8383386d0e,False,False,False,False,False,False,False,True,False,False,False,False,False,True,False
global,1036.0,694vvR5o19xHPhhJ5QdLN7,4713489,NO HALO,BROCKHAMPTON,https://open.spotify.com/track/694vvR5o19xHPhhJ5QdLN7,0.5930244298846807,-0.23456105305984595,-0.2981432921264349,-0.16759918544096514,-0.770978072378138,-0.20039175538532425,-0.518474259876416,-0.08041573151628718,1.4009433142137957,259747,1Bl6wpkWCQ4KVgnASpvzzA,84,1162941,https://i.scdn.co/image/707005c12d76bbdda637980fc187461438487c86,True,False,False,False,True,False,False,False,False,False,False,False,False,True,False
global,1037.0,4etKC4ngPKsQDHUMnYgV3A,4705199,"Down Like That (feat. Rick Ross, Lil Baby & S-X)",KSI,https://open.spotify.com/track/4etKC4ngPKsQDHUMnYgV3A,0.37114866168888055,-0.580553041386026,1.019728808353935,-0.16957677944084176,0.5346217417772283,0.5480479505754732,1.3696202110655598,0.4914331122065837,0.5638814908480354,175462,1nzgtKYFckznkcVMR3Gg4z,74,786099,https://i.scdn.co/image/88a4106fa951c3962f14c57478925ba9421415fc,True,True,False,False,False,False,False,False,False,False,False,False,False,True,False
global,1038.0,2B9wgj9XzbJZLty03PRbVo,4695720,Bezerk (feat. A$AP Ferg),Big Sean,https://open.spotify.com/track/2B9wgj9XzbJZLty03PRbVo,-0.9390861378673708,0.03824032235118067,0.36369556009718734,-0.16957677944084176,0.5787546932416351,0.6499769384421267,0.6147335327716971,-1.0108047232876245,2.013922916113976,151067,0c173mlxpT3dSFRgMO8XPh,86,6962784,https://i.scdn.co/image/ace48339c5cdca66a84a780aa0e6420b35b638c3,True,False,True,False,False,False,False,False,False,False,False,False,False,True,False
global,1039.0,6OG05bPAwUuV3OMvy2Vy1P,4686137,Mariners Apartment Complex,Lana Del Rey,https://open.spotify.com/track/6OG05bPAwUuV3OMvy2Vy1P,2.0644111031831454,-0.8866228772130308,-2.1152973337579573,-0.15806020261803078,-0.5098581095470648,-2.2296070120663316,-0.8871398469501631,-1.3738833542227809,-1.5031752945550838,247150,00FQb4jTyendYWaN8pK0wa,89,9718093,https://i.scdn.co/image/6e8dc460cfb6b89d7970302259febd0aa73b38c6,True,False,False,False,False,False,False,False,False,True,False,False,False,True,False
global,1040.0,5qN1G8fSHq4Sv5FRoOkNGu,4670068,Por Eso Vine,Paulo Londra,https://open.spotify.com/track/5qN1G8fSHq4Sv5FRoOkNGu,-0.09595821872333019,0.5439209206740585,0.12566579745535827,-0.16957677944084176,-0.6165127422527145,0.5149120251912609,2.659949765823675,0.623049115920578,2.1435553762588415,178534,3vQ0GE3mI0dAaxIMYe5g7z,86,9006523,https://i.scdn.co/image/cff7f6bb72fd3d318a98557b3891cae1b438c695,False,False,False,False,False,False,False,False,True,False,False,False,False,True,False
global,1041.0,1oJ8EDr2pv94IvSd6ZmDgo,4648038,MAMA,6ix9ine,https://open.spotify.com/track/1oJ8EDr2pv94IvSd6ZmDgo,-0.6553187080169528,0.5505746127572543,0.2766115005940792,-0.16946312595037827,-0.2524158926713586,0.212726792611324,0.7200665576499103,-0.23018566677703897,1.2344682869376236,192405,7gZfnEnfiaHzxARJ2LeXrf,84,4393100,https://i.scdn.co/image/cb2fa696eab4e8295ed211d1a051027145afa10a,True,True,False,False,False,False,False,False,False,False,False,False,True,False,False
global,1042.0,3Dv1eDb0MEgF93GpLXlucZ,4637336,Say So,Doja Cat,https://open.spotify.com/track/3Dv1eDb0MEgF93GpLXlucZ,-0.00642939997765646,0.7235706069203444,0.28241710456095304,-0.16953524996684435,-0.6172482914437879,0.6845535562343483,0.2460679456979499,1.3537448606775797,-0.36404998572497305,237893,5cj0lLjcoR7YOSnhnX0Po5,86,836522,https://i.scdn.co/image/c0492ddbdf41c4595ee1334d3f896ea786005fe9,False,False,False,False,False,False,False,False,False,False,False,True,False,True,False
global,1043.0,2Jh3UqxnHJMyzMzku4uOtE,4624052,Feeling,Juice WRLD,https://open.spotify.com/track/2Jh3UqxnHJMyzMzku4uOtE,-0.09206566138656175,0.2245437006806615,-0.6348683222051194,-0.16957677944084176,0.22569108152638098,0.17058653967705387,-0.38856352919328613,0.3416631769458317,1.2319622112581972,201920,4MCBfE4596Uoi2O4DtmEMz,98,7403812,https://i.scdn.co/image/d8e62447a338a882b490460da20e90aac6d60ae7,False,False,False,False,False,False,False,False,False,False,True,False,False,True,False
global,1044.0,7yfi8B8opXjnRh4VZnOkz9,4620136,Cool,Jonas Brothers,https://open.spotify.com/track/7yfi8B8opXjnRh4VZnOkz9,-0.9689420526403847,0.0315866302679849,-0.15300319295458795,-0.16957677944084176,-0.1347280220996074,0.3567960334122473,-0.7695179691694914,0.6003567014871306,-1.4053081573078798,167107,7gOdHgIoIKoe4i9Tta6qdD,87,3492262,https://i.scdn.co/image/a6607686d8bb0913324c84360ee921e94c5aadf3,True,False,False,False,False,False,False,False,False,False,False,False,False,True,False
global,1045.0,5j1yOqWONR9T6l43AzJ6Es,4607040,Tip Toe (feat. A Boogie Wit da Hoodie),Roddy Ricch,https://open.spotify.com/track/5j1yOqWONR9T6l43AzJ6Es,-0.6331311311973727,0.5239598444244712,0.28241710456095304,-0.16957677944084176,1.2039715056540643,-0.7330877732467389,0.09684616045381404,0.3915864886994157,-0.9500160445871821,185806,757aE44tKEUQEqRuT6GnEB,93,1162631,https://i.scdn.co/image/020e997fb003cf666859a90b57ca0519df769d30,True,True,False,False,False,False,False,False,False,False,False,False,True,False,False
global,1046.0,0IhTEIjFaRt3B2NQYf9azQ,4595792,Thing For You (With Martin Solveig),David Guetta,https://open.spotify.com/track/0IhTEIjFaRt3B2NQYf9azQ,-0.8491680633880202,0.6370726098387993,0.5726973029046464,-0.16936506055379616,-0.5466355691007371,0.33590599349611344,-0.7054403790352449,1.276590651603859,-0.035493700220974055,191399,1Cs0zKBU1kc0i8ypK3B9ai,90,20802505,https://i.scdn.co/image/3a8476a71714e7718a41a1157c40f93abb8cc750,True,False,True,False,False,False,False,False,False,False,False,False,False,True,False
global,1047.0,6Dq8FZrvx9S28iyaKSwn9x,4594383,"Jealous (feat. Chris Brown, Lil Wayne & Big Sean)",DJ Khaled,https://open.spotify.com/track/6Dq8FZrvx9S28iyaKSwn9x,-0.9511530656113529,-0.4275181234725233,0.3520843521634396,-0.16957677944084176,1.0200842078857026,1.00618813632241,0.1495126728929208,0.5549718726202361,-0.8868108631658084,255102,0QHgL1lAIqAw0HtD7YldmP,82,4390256,https://i.scdn.co/image/94e2383b16d3a8f0af23b45ab9edd767b4107bbf,True,False,False,False,False,False,False,False,False,False,True,False,False,True,False
global,1048.0,1R6VwZ8TuHRzxZUxe88n4I,4593965,Rule The World (feat. Ariana Grande),2 Chainz,https://open.spotify.com/track/1R6VwZ8TuHRzxZUxe88n4I,-0.38790001898096205,0.11143093526633341,-0.23428164849082228,-0.1695461848983731,-0.31125982795723434,0.08846707242052725,-0.35696362172982204,-0.18480083791014443,-1.1090053912624707,245893,17lzZA2AlOHwCwFALHttmp,86,5191623,https://i.scdn.co/image/8a0f9090548262a85cceef38650642d3037fd1e0,False,False,False,False,False,False,False,False,True,False,False,False,False,True,False
global,1049.0,6b2mfHMqWCA74XmUuVJm8r,4535640,I Know,Post Malone,https://open.spotify.com/track/6b2mfHMqWCA74XmUuVJm8r,0.9316769181835337,-0.08152613514634321,-0.12397517312021855,-0.16957677944084176,-0.45836966617192354,0.29052418264382246,-0.4710743986812199,-1.0244201719476929,-0.6251375065088346,141413,246dkjvS1zLTtiykXe5h60,100,21335421,https://i.scdn.co/image/93fec27f9aac86526b9010e882037afbda4e3d5f,True,True,False,False,False,False,False,False,False,False,False,False,False,True,False
global,1050.0,2pfio0uHpT4USTPBNeTIWo,4534289,Berlin lebt wie nie zuvor,Capital Bra,https://open.spotify.com/track/2pfio0uHpT4USTPBNeTIWo,-0.23219772551022502,0.11143093526633341,0.9152279369502053,-0.16957677944084176,1.270170932850674,1.2957673103322664,1.0009546239918128,0.6684339447874725,1.8731595743799687,151295,4WZGDpNwrC0vNQyl9QzF7d,86,2984316,https://i.scdn.co/image/d03852fe340cb703676ef25a2e66368c788c4b95,True,True,False,False,False,False,False,False,False,False,False,False,False,True,False
global,1051.0,4S4Mfvv03M1cHgIOJcbUCL,4527986,In My Room,Frank Ocean,https://open.spotify.com/track/4S4Mfvv03M1cHgIOJcbUCL,1.3092549798500708,1.2159438210768307,0.13147140142223215,7.519774008314788,-0.44365868235045464,-0.341219438268227,-0.5483186169252432,0.8272808458216034,1.1680735546515257,133680,2h93pZq0e7k5yf4dywlkpM,88,5178098,https://i.scdn.co/image/7db34c8aace6feb91f38601bb75e6b3301b4657a,True,False,False,False,False,False,False,True,False,False,False,False,False,True,False
global,1052.0,4lKuzrdZrJuCAedbIslF3A,4517360,SENTADÃO,Pedro Sampaio,https://open.spotify.com/track/4lKuzrdZrJuCAedbIslF3A,-0.3100488722455936,0.011625554018397587,1.4203154820682322,-0.16957677944084176,0.35808993591960137,1.6343300262144365,-0.6238072847546294,1.9800554990407242,1.6875146954780564,143448,5wbf52LA6kcaboHSN6NEF1,80,239739,https://i.scdn.co/image/67970d39f2e97bad35610ed8061f13aee44b85e7,True,False,False,False,False,False,True,False,False,False,False,False,False,True,False
global,1053.0,2lAyctg5FocS67eksHoyIg,4476986,Quem Me Dera,Márcia Fellipe,https://open.spotify.com/track/2lAyctg5FocS67eksHoyIg,-0.5552799844620043,0.9098739852498252,0.5726973029046464,-0.16957677944084176,0.07122575140095742,1.0324807727685785,-0.6369739128644061,1.8529779782134195,0.9038290294403353,147990,3OxZ4asD88P1lJJmLcXz4K,67,958758,https://i.scdn.co/image/b5a52ff02692e078eea3a930e3a06828bed22476,False,False,False,False,False,False,True,False,False,False,False,False,False,True,False
global,1054.0,0FQhAHyHGsrbSHvDURmFPn,4424727,my boy,Billie Eilish,https://open.spotify.com/track/0FQhAHyHGsrbSHvDURmFPn,0.834362984764323,0.0914698590167461,-1.3373464021968582,-0.16735489441745094,-0.42159220661825125,-0.8166479329112744,0.676177797283988,-0.7430342329729469,-1.048371378395313,170852,6qqNVTkY8uBg9cP3Jd7DAH,98,18867904,https://i.scdn.co/image/2622edec99d68d1d141886be593c88cbe509f6d8,False,False,False,False,False,False,False,False,False,False,False,True,False,True,False
global,1055.0,6Z4rmc0uujCpl8yXe3yjgI,4421950,Whip (feat. Travis Scott),2 Chainz,https://open.spotify.com/track/6Z4rmc0uujCpl8yXe3yjgI,-0.5358171977781622,0.763492759419519,-1.3083183823624887,-0.16957677944084176,-0.37010376324311006,-0.3422999575742339,-0.3060526597053522,-2.0414941868547993,-0.006462278064503939,226600,17lzZA2AlOHwCwFALHttmp,86,5191623,https://i.scdn.co/image/8a0f9090548262a85cceef38650642d3037fd1e0,True,False,False,False,False,False,False,True,False,False,False,False,False,True,False
global,1056.0,2grAr8pWMuLWn8ZYEE9wDV,4399886,Never Seen the Rain,Tones and I,https://open.spotify.com/track/2grAr8pWMuLWn8ZYEE9wDV,0.7098011499877336,-1.285844402204777,-0.9483709364163085,-0.16957677944084176,0.42428936311621157,0.29952851019388027,-0.7510846898158041,-0.7430342329729469,-1.1436348006509058,200756,2NjfBq1NflQcKSeiDooVjY,92,484241,https://i.scdn.co/image/c128f5ef4d210a67610acdb8e095a73bc9965596,True,False,False,False,False,False,False,False,False,True,False,False,False,True,False
global,1057.0,5BfMJ6iytQnu1r7iiCYSXe,4399664,Intro,Khalid,https://open.spotify.com/track/5BfMJ6iytQnu1r7iiCYSXe,0.19598358153430154,-3.0956486488340254,-1.221234322859381,0.12938890171697925,-0.6113638979152003,-1.1696175728735372,-0.8432510865842409,-1.9625245846264026,-1.386203398556929,213253,6LuN9FCkKOj5PcnpouEgny,96,10092177,https://i.scdn.co/image/e52c824585bfeef4d674b509437120805300f557,True,False,False,False,False,False,False,False,False,False,False,False,False,True,False
global,1058.0,5XkyZyKMdFungjDb9cUKc3,4383131,A Brand New Day (BTS World Original Soundtrack) [Pt. 2],BTS,https://open.spotify.com/track/5XkyZyKMdFungjDb9cUKc3,0.3166528589741228,0.8366833723346725,-0.7335635896419753,-0.16683141365277773,0.04180378375801956,-0.32753286039213914,-0.6396072384863616,0.9815892639690444,-0.5578314739756727,205020,3Nrfpe0tUJi4K4DXYWgMUX,93,15652748,https://i.scdn.co/image/0c9057cb30520f9f883a220051260fc66a2f3ffa,False,False,False,False,False,False,False,False,True,False,False,False,False,True,False
global,1059.0,51wFQM8W0YfXTmHusXUr5i,4365754,MAMACITA,Tyga,https://open.spotify.com/track/51wFQM8W0YfXTmHusXUr5i,-0.9028853546354245,0.7169169148371486,0.6307533425733852,-0.16957677944084176,-0.23034941693915545,0.5462470850654616,-0.026042368570768176,-0.5887258148255057,-0.6867804589352409,202653,5LHRHt1k9lMyONurDHEdrp,92,5328383,https://i.scdn.co/image/67c4bd718cbf584ba2d297ccbb1e6e62a9772d0a,False,False,False,False,False,False,True,False,False,False,False,False,False,True,False
global,1060.0,2PWjKmjyTZeDpmOUa3a5da,4298876,Cheirosa - Ao Vivo,Jorge & Mateus,https://open.spotify.com/track/2PWjKmjyTZeDpmOUa3a5da,-0.0687103173659513,-0.9997356426273589,1.4261210860351061,-0.16957677944084176,1.167194046100392,1.2082452465457052,-0.39383018043719686,1.026974092835939,0.9836328939332333,181930,1elUiq4X7pxej6FRlrEzjM,86,11223376,https://i.scdn.co/image/dd5586194b6bfb1da2c4a27dc442334714a555a2,True,False,False,False,False,False,False,False,False,False,False,True,False,True,False
global,1061.0,3RZftiuTcLOqpsd8ZlwNhr,4280881,Hop Off A Jet (feat. Travis Scott),Young Thug,https://open.spotify.com/track/3RZftiuTcLOqpsd8ZlwNhr,-0.9581596688175361,0.9631035219153914,-0.8612868769132006,-0.16957677944084176,0.28453501681225674,-0.8908435919237504,0.9833991198454439,-0.611418229258953,0.7437005574562164,174067,50co4Is1HCEo8bhOyUWKpn,94,4744074,https://i.scdn.co/image/10ea494021e8341a2b5a8fcc8cd3b9a000cbc878,True,False,False,False,False,False,False,True,False,False,False,False,False,True,False
global,1062.0,0AluA5RNsa4Cx6XRhf2hWZ,4274688,10 Freaky Girls (with 21 Savage),Metro Boomin,https://open.spotify.com/track/0AluA5RNsa4Cx6XRhf2hWZ,1.28589963582946,0.8766055248338471,-1.5753761648386873,-0.16957677944084176,-0.5319245852792682,-1.2438132318860124,1.5802862608219868,-1.8835549823980062,-1.1103723416330664,208293,0iEtIxbK0KxaSlF7G42ZOp,84,1647724,https://i.scdn.co/image/8986705c72b71411c261c0f9eb65b6a2c04cfe90,False,False,False,False,False,False,True,False,False,False,False,False,False,True,False
global,1063.0,4e6l3QGj4RZesjDLVqYk3H,4270766,Marlboro Rot,Samra,https://open.spotify.com/track/4e6l3QGj4RZesjDLVqYk3H,-0.08428054671302501,0.7368779910867359,1.0893960559564217,-0.16957677944084176,-0.3259708117787033,0.8992167250277244,0.3338454664297945,-0.3209553245108281,-0.9151262636995855,191000,6h1s4i4XKIYv4ErDelLDN0,84,504708,https://i.scdn.co/image/5b3d25c0f57c1eb87468d4f12879de86406891df,True,True,False,False,False,False,False,False,False,False,False,False,False,True,False
global,1064.0,3TTMUI5dFcbeNSDTTDY9M8,4266434,Come Thru (with Usher),Summer Walker,https://open.spotify.com/track/3TTMUI5dFcbeNSDTTDY9M8,-0.3840074616441936,0.0049718619352018155,0.6017253227390158,-0.16957677944084176,-0.4951471257255959,1.2194106127077768,0.21095693740521204,-0.1258005603831815,0.9716232585344244,181013,57LYzLEk2LcFghVwuWbcuS,85,821531,https://i.scdn.co/image/a38579606746ef34c38c349f4cdb250784f3aee8,True,False,False,False,False,True,False,False,False,False,False,False,False,True,False
global,1065.0,7MSYSOobsombc1mbDWFxtD,4237741,This Christmas,Donny Hathaway,https://open.spotify.com/track/7MSYSOobsombc1mbDWFxtD,0.1337026641460067,-0.2944442818086079,0.11986019348848441,-0.16957677944084176,0.5272662498664938,-0.9805266943223249,-0.8107734039134584,0.8590502260284296,-0.9470217723468287,231173,0HU0U9kdXEHZVxUNbuQe8S,71,298778,https://i.scdn.co/image/2c9a122b0f6a1c6f083b1725f309d3a25636f4ae,True,False,False,False,False,True,False,False,False,False,False,False,False,True,False
global,1066.0,3IKRHd9ihUdGffgz4Mbgv0,4237110,Wow. - Remix,Post Malone,https://open.spotify.com/track/3IKRHd9ihUdGffgz4Mbgv0,-0.4268255923486463,0.7901075277523021,0.090832173654115,-0.16957677944084176,0.2551130491693189,0.07406014834043488,0.5620670203325903,-0.007800005329255898,-0.7207589395757736,170053,246dkjvS1zLTtiykXe5h60,100,21335421,https://i.scdn.co/image/93fec27f9aac86526b9010e882037afbda4e3d5f,False,False,False,False,False,False,False,False,False,False,False,True,False,True,False
global,1067.0,2l2UsmkfgmRC6fIDwwsiNM,4204017,Ronin,Bushido,https://open.spotify.com/track/2l2UsmkfgmRC6fIDwwsiNM,-0.8565639223278803,-1.5919142380317821,1.5654555812400792,-0.16957677944084176,-0.9923783788912454,0.3395077245161365,1.6505082774074624,0.9180505035553921,-1.2401024410901185,166080,3c96G4d2lUOxhomM2mby5S,76,968970,https://i.scdn.co/image/f162633cec2bf1625c183f79b8988a5274f4d44a,False,False,False,False,False,False,False,False,False,False,True,False,False,True,False
global,1068.0,7alOsNr36sJ8CyOEP4aILq,4192699,ODIO,J Balvin,https://open.spotify.com/track/7alOsNr36sJ8CyOEP4aILq,-0.16602425078516186,0.4108470790101431,0.4275572037327994,-0.16957677944084176,-0.4289476985289857,0.9507214786140545,-0.800240101425637,0.1873547587983907,0.5807079989813257,270400,1vyhD5VmyZ7KMfW5gqLgo5,99,17106207,https://i.scdn.co/image/84a8ce44cf41f5991178c3d7d8060d2e65624d1f,False,False,False,False,False,False,True,False,False,False,False,False,False,True,False
global,1069.0,2OKo7g3KfmCt3kyLvUAL0g,4189428,The Search,NF,https://open.spotify.com/track/2OKo7g3KfmCt3kyLvUAL0g,1.3170400945236076,0.7368779910867359,0.9384503528177008,-0.16957677944084176,-0.5488422166739575,0.608557031711861,1.466175483870589,-0.44349436245144314,-0.07129478135563495,248040,6fOMl44jA4Sp5b9PpYCkzz,89,2865437,https://i.scdn.co/image/55db20d7c49bdcf52162474265c66ca601054b1c,True,False,True,False,False,False,False,False,False,False,False,False,False,True,False
global,1070.0,5bzaS5tAni5oUpW7bWVdtY,4185875,I Wanna Rock (feat. Gunna),G-Eazy,https://open.spotify.com/track/5bzaS5tAni5oUpW7bWVdtY,-0.9729903122706238,0.6570336860883866,1.3158146106645023,-0.16957677944084176,-0.2524158926713586,0.9640478833881398,-0.3999746068884259,0.9543583666489077,-0.7195872678295484,163387,02kJSzxNuaWGqwubyUba0Z,87,4234806,https://i.scdn.co/image/b4dfaf1b5b665aa533ba970e282ced4d26036274,False,False,False,False,False,False,False,False,False,False,True,False,False,True,False
global,1071.0,6wyr4ReB05D9sJB1Rsmcqo,4184306,Chicken Noodle Soup (feat. Becky G),j-hope,https://open.spotify.com/track/6wyr4ReB05D9sJB1Rsmcqo,-0.9833834403597954,0.9830645981649787,1.1184240757907904,-0.16944998076673204,0.8803298615817478,0.8631994148274933,-0.33238591592490563,-1.4510375632965014,-0.8167383834540592,235497,0b1sIQumIAsNbqAoIClSpy,70,2549092,https://i.scdn.co/image/ef9519abd7264bacaad43ff69fb3ed2ff536f7ec,True,False,True,False,False,False,False,False,False,False,False,False,False,True,False
global,1072.0,4ukUoXLuFzMixyZyabSGc4,4180739,Sleigh Ride,Ella Fitzgerald,https://open.spotify.com/track/4ukUoXLuFzMixyZyabSGc4,1.9709897271007029,-1.1328094842912744,-1.9585460266523629,-0.16957677944084176,-0.1567944978318108,-2.1590130840738793,-0.6817404484376469,0.7092802907676776,1.0613863328702364,175987,5V0MlUE1Bft0mbLlND7FJz,80,1494046,https://i.scdn.co/image/3c1d23141059785c8a863137d176319329dc17ef,True,True,False,False,False,False,False,False,False,False,False,False,False,True,False
global,1073.0,3OTSBoYKO7HzGVj8Bu2OH9,4180245,All the Time,Zara Larsson,https://open.spotify.com/track/3OTSBoYKO7HzGVj8Bu2OH9,-0.3022637575720567,0.11143093526633341,1.0139232043870612,-0.16957677944084176,-0.36274827133237564,1.300089387556294,-0.599229578949713,0.055738755084396484,-0.6565122721577553,228112,1Xylc3o4UrD53lo9CvFvVg,84,6527316,https://i.scdn.co/image/239ab578b400c47a455df2bb945ac81c180db2bc,False,False,False,False,False,False,True,False,False,False,False,False,False,True,False
global,1074.0,3nc420PXjTdBV5TN0gCFkS,4164314,Ocean (feat. Khalid),Martin Garrix,https://open.spotify.com/track/3nc420PXjTdBV5TN0gCFkS,1.2703294064823865,0.11143093526633341,0.39852918389843,-0.16846234705738186,-0.6268104309277427,-0.2835917419478575,-0.7791734964499943,-1.2104979703019607,0.5781693768645042,216420,60d24wfXkVzDSfLS6hyCjZ,88,12498138,https://i.scdn.co/image/990f17c31b1cb4b4b2bc7b3d4780e2c9fd3a846a,False,False,False,False,False,False,False,False,False,False,False,False,False,True,False
global,1075.0,4EZUcj7c8n9pWIwHqN0DoH,4159531,Do You Hear What I Hear?,Bing Crosby,https://open.spotify.com/track/4EZUcj7c8n9pWIwHqN0DoH,2.465344508870293,-1.259229633871994,-1.7205162640105338,-0.1651562752058234,0.9759512564212959,-1.5899395829102314,-0.9117175527550796,-0.3754171191511013,-0.6938104894125927,165960,6ZjFtWeHP9XN7FeKSUe80S,85,279435,https://i.scdn.co/image/ae161dc2c147cbebc97ff1a1cdc3e43fee7ba7dc,True,False,False,False,False,False,False,False,False,False,True,False,False,True,False
global,1076.0,0hCHNYL8ApQCGNwJrYN1FY,4158628,Bad Girls (feat. Gucci Mane),Lil Skies,https://open.spotify.com/track/0hCHNYL8ApQCGNwJrYN1FY,-0.19327215214254087,0.617111533589212,0.7933102536458538,-0.16957677944084176,-0.6128349962973473,0.6305275909340019,-0.7282625344255245,-0.9563429286473512,0.2884409911729139,219664,7d3WFRME3vBY2cgoP38RDo,85,3588556,https://i.scdn.co/image/4d947dce93a6f48a04f3c8c60a8b94cfccd6ca51,False,True,False,False,False,False,False,False,False,False,False,False,False,True,False
global,1077.0,1jkEorRvoRQNo1WZfD1X5q,4146065,Hey Julie! (feat. Lil Yachty),KYLE,https://open.spotify.com/track/1jkEorRvoRQNo1WZfD1X5q,-0.8293160209705013,0.8167222960850852,-0.6929243618738581,-0.16946603417684866,-0.384814747064579,0.23361683252745785,1.431064475577851,1.2221288569635855,1.2664288884596568,156443,4qBgvVog0wzW75IQ48mU7v,77,820763,https://i.scdn.co/image/0707ece93a02b41461ab72a1c583462e2937e26f,True,False,False,False,False,False,False,False,False,False,False,True,False,True,False
global,1078.0,6fOOKqQWcSy33ApU1wqkkW,4138874,Paradise,Khalid,https://open.spotify.com/track/6fOOKqQWcSy33ApU1wqkkW,-0.20105726681607772,-0.6470899622179838,-1.0006213721181734,-0.13130451909028804,-0.6341659228384772,-1.1094686648391516,0.1758459291124742,0.16012386147825397,-1.5329878312090373,173653,6LuN9FCkKOj5PcnpouEgny,96,10092177,https://i.scdn.co/image/e52c824585bfeef4d674b509437120805300f557,True,False,False,False,False,False,False,False,False,False,False,True,False,True,False
global,1079.0,7wC5eZcFS1Q1BsQ35DU6H4,4131359,come out and play,Billie Eilish,https://open.spotify.com/track/7wC5eZcFS1Q1BsQ35DU6H4,1.6946181561901446,-0.25452212930943324,-1.7611554917786512,0.18755343112511566,-0.44365868235045464,-2.9269021375428017,-0.32360816385172114,-1.4101912173162965,0.7452302400137881,210376,6qqNVTkY8uBg9cP3Jd7DAH,98,18867904,https://i.scdn.co/image/2622edec99d68d1d141886be593c88cbe509f6d8,True,False,False,False,False,False,False,False,False,False,False,False,False,True,False
global,1080.0,2K3bjojp1sCLdMMoO5lJ2p,4129988,Milionària,ROSALÍA,https://open.spotify.com/track/2K3bjojp1sCLdMMoO5lJ2p,1.340395438544218,1.1893290527440477,-0.29233768815956107,-0.16956235463754854,-0.7945156464924884,0.013190894102044843,2.5107279805795386,1.898362807080314,-0.1998206626290665,138371,7ltDVBr6mKbRvohxheJ9h1,87,2299313,https://i.scdn.co/image/e2152c9a03746ee862b41359038278e9da167d27,True,False,False,False,False,False,False,False,True,False,False,False,False,True,False
global,1081.0,6phY2gnvf9WwCiXlLMQOY3,4129125,HeMotions,Juice WRLD,https://open.spotify.com/track/6phY2gnvf9WwCiXlLMQOY3,1.593411665434166,-0.7801638038818984,0.7875046496789799,-0.16957677944084176,-0.5025026176363303,-0.2580194517056937,1.176509665455502,-0.7748036131797732,1.360130081720282,187211,4MCBfE4596Uoi2O4DtmEMz,98,7403812,https://i.scdn.co/image/d8e62447a338a882b490460da20e90aac6d60ae7,True,False,True,False,False,False,False,False,False,False,False,False,False,True,False
global,1082.0,7knLcYCOSaURD0d7HUULFM,4122190,COMO UN BEBÉ,J Balvin,https://open.spotify.com/track/7knLcYCOSaURD0d7HUULFM,-0.7179888811389245,0.9764109060817829,1.0603680361220522,-0.16952105782166876,-0.26712687649282757,0.26098998827963316,-0.30780821011998916,1.489899347278263,-0.6214597590831831,218827,1vyhD5VmyZ7KMfW5gqLgo5,99,17106207,https://i.scdn.co/image/84a8ce44cf41f5991178c3d7d8060d2e65624d1f,True,False,False,False,False,False,True,False,False,False,False,False,False,True,False
global,1083.0,2aPnpV1hT7l3eP10uSGK6c,4095442,Mademoiselle,Sfera Ebbasta,https://open.spotify.com/track/2aPnpV1hT7l3eP10uSGK6c,-0.7417334808932118,0.7701464515027148,0.4507796196002949,-0.16957677944084176,-0.14208351401034186,0.2959267791738573,-0.8371066601330118,0.21458565611852742,-0.006820288875850405,189344,23TFHmajVfBtlRx5MXqgoz,81,3625832,https://i.scdn.co/image/4bfba7ec984990f3590cf151424af0177794063d,False,False,False,False,False,False,True,False,False,False,False,False,False,True,False
global,1084.0,09nSCeCs6eYfAIJVfye1CE,4090970,Oye,TINI,https://open.spotify.com/track/09nSCeCs6eYfAIJVfye1CE,0.7370490513451126,0.0315866302679849,-0.6638963420394888,-0.16957677944084176,0.005026324204347238,-0.5101406231073099,-0.573774097937478,-1.056189552154519,-0.8809525044346823,173021,7vXDAI8JwjW531ouMGbfcp,81,869450,https://i.scdn.co/image/6a96b922655ebed76742d6bb8c9f504bf8a34535,False,False,False,False,False,False,False,True,False,False,False,False,False,True,False
global,1085.0,1k1CJlU1eAEpAbNK0TVeKD,4016139,Que Mas Pues - Remix,Sech,https://open.spotify.com/track/1k1CJlU1eAEpAbNK0TVeKD,-0.5319246404413938,-0.2012925926438671,0.2127498569584665,-0.16954967477013758,-0.3995257308860479,0.5224756603333094,0.5708447724057747,1.4762838986181945,-0.2859059895392276,305962,77ziqFxp5gaInVrF2lj4ht,95,2397904,https://i.scdn.co/image/f99f48ccef2f7b3b247ba07e267c17da84978b0b,True,False,False,False,False,False,False,False,False,False,False,True,False,False,True
global,1086.0,6mCqxnyOhr4tHMbRbQL4Yn,4003930,"Enzo (with Sheck Wes, feat. Offset, 21 Savage & Gucci Mane)",DJ Snake,https://open.spotify.com/track/6mCqxnyOhr4tHMbRbQL4Yn,-0.6518154064138612,0.7235706069203444,0.6017253227390158,-0.16957677944084176,1.042150683617906,0.8747249540915673,-0.7747846204134021,-1.314883076695818,-0.07168533860437672,248043,540vIaP2JwjQb9dm3aArA4,88,6393532,https://i.scdn.co/image/4c684a7c0a70d1f506595739c14f8a76ebef6687,True,False,True,False,False,False,False,False,False,False,False,False,False,True,False
global,1087.0,67xBtV07CC73eFw7z5oCvU,3997046,Do You Remember,Chance the Rapper,https://open.spotify.com/track/67xBtV07CC73eFw7z5oCvU,-0.46185860837956205,-0.48074766013808945,0.1779162331572232,-0.16957677944084176,-0.5245690933685337,0.05389045462830557,2.387839451554957,0.9452814008755288,1.226234038276652,236686,1anyVhU62p31KFi8MEzkbf,87,4587455,https://i.scdn.co/image/0433f521b1fadf1d839b6e70c3914021f122901f,True,False,False,False,False,False,True,False,False,False,False,False,False,True,False
global,1088.0,26Qhn2T88XqVinXQpmSarj,3937709,Atrévete,Nicky Jam,https://open.spotify.com/track/26Qhn2T88XqVinXQpmSarj,0.20766125354460682,-0.8400470326306604,0.2940283124947008,-0.16957677944084176,-0.4068812227967824,0.9557639020420869,1.466175483870589,0.44604828333968916,2.0060792247017454,198320,1SupJlEpv7RS2tPNRaHViT,94,10569805,https://i.scdn.co/image/e2cc83fdb16667b0cc6c011da4747adedc759185,True,False,False,False,False,False,False,False,False,False,False,True,False,True,False
global,1089.0,3Hb9kUdm4yf839Fle4RIdT,3935741,Parado no Bailão,MC L da Vinte,https://open.spotify.com/track/3Hb9kUdm4yf839Fle4RIdT,0.4801402671183965,0.9963719823313703,-0.14719758898771407,-0.16957677944084176,-0.7121341370922624,1.7481447264471663,0.16706817703928975,-0.04410786842277154,-1.1591269048509951,171692,0lHB0Qc4pmD5RkTLlHeESo,61,222451,https://i.scdn.co/image/9e6c451ae3485edca4ba926e16111d9095e4f3c4,True,False,False,False,False,False,False,False,False,False,False,True,False,False,True
global,1090.0,5tyMJlMqaggzvuX7TtlrTe,3935251,Love song,Lana Del Rey,https://open.spotify.com/track/5tyMJlMqaggzvuX7TtlrTe,2.753393751791156,-2.024404223439507,-3.221845449844118,-0.16529587007640292,-0.6885965629779122,-3.6202353588972462,-0.7967290005963632,-1.1197283125681716,0.3935008910844455,229326,00FQb4jTyendYWaN8pK0wa,89,9718093,https://i.scdn.co/image/6e8dc460cfb6b89d7970302259febd0aa73b38c6,True,False,False,False,False,False,False,False,False,True,False,False,False,True,False
global,1091.0,6kXNnS7JJz0nAv4XEwEmQJ,3925187,Heart Upon My Sleeve (feat. Imagine Dragons),Avicii,https://open.spotify.com/track/6kXNnS7JJz0nAv4XEwEmQJ,0.22712404022844898,-0.6005141176356134,-0.1355863810539663,-0.16957677944084176,-0.1935719573854831,0.17815017481910234,-0.8493955130354699,-0.4888791913183377,0.12733612606694147,254166,1vCWHaC5f2uS3yhpwWbIA6,89,16559762,https://i.scdn.co/image/81b19a403109c4fe528ee3972137127b85be9519,False,False,False,False,True,False,False,False,False,False,False,False,True,False,False
global,1092.0,2BSbCCbaSCzkOEZa6N5901,3910021,Flaws And Sins,Juice WRLD,https://open.spotify.com/track/2BSbCCbaSCzkOEZa6N5901,-0.96532197431719,0.2045826244310742,0.21855546092534037,-0.16957677944084176,-0.4877916338148614,0.6942782299884107,-0.46844107305926463,-0.22110870100366006,0.9079949734269136,218349,4MCBfE4596Uoi2O4DtmEMz,98,7403812,https://i.scdn.co/image/d8e62447a338a882b490460da20e90aac6d60ae7,True,False,False,False,False,False,False,False,True,False,False,False,False,True,False
global,1093.0,1NgCWYuBLfqBDA3b8MgSVU,3905293,Twenty One,Khalid,https://open.spotify.com/track/1NgCWYuBLfqBDA3b8MgSVU,-0.17770192279546715,0.6503799940051909,-1.0412605998862905,-0.1219981943849862,-0.37010376324311006,-0.7550583324688798,-0.8151622799500506,-0.3754171191511013,-0.3959780408096116,184200,6LuN9FCkKOj5PcnpouEgny,96,10092177,https://i.scdn.co/image/e52c824585bfeef4d674b509437120805300f557,True,False,False,False,False,False,False,False,False,True,False,False,False,True,False
global,1094.0,6UjZ2Yx2g2a52XxiA8ONxZ,3875074,Outnumbered,Dermot Kennedy,https://open.spotify.com/track/6UjZ2Yx2g2a52XxiA8ONxZ,-0.041462416008572305,-0.4275181234725233,0.34627874819656573,-0.16957677944084176,-0.5642887496864998,0.2476635835055478,0.23729019362476542,-1.0425741034944507,1.1294409334634872,245700,5KNNVgR6LBIABRIomyCwKJ,80,492594,https://i.scdn.co/image/b8beb62e5c1f2b311af61c94a2106a66524d425e,True,False,False,False,False,False,False,False,False,False,False,False,False,True,False
global,1095.0,5lw8Mgb4LyhriPIC86gV6e,3868891,RNP (feat. Anderson .Paak),YBN Cordae,https://open.spotify.com/track/5lw8Mgb4LyhriPIC86gV6e,-0.286693528224983,-0.44747919972211064,0.5204468672027814,-0.16957677944084176,-0.21563843311768652,0.6416929570960737,6.372938892780699,0.6366645645806464,2.4050334542914453,175828,0huGjMyP507tBCARyzSkrv,78,878000,https://i.scdn.co/image/00e6df3101796044c8d89b7c8e57ede911828ab6,False,False,False,False,False,False,False,False,False,True,False,False,False,True,False
global,1096.0,2wZjsbwmWfNVslgV5afl1L,3858373,Out The Mud,Lil Baby,https://open.spotify.com/track/2wZjsbwmWfNVslgV5afl1L,-0.9661783369312791,0.45076923150931775,-0.7393691936088491,-0.16857634953502182,-0.5392800771900026,0.24946444901555928,0.16706817703928975,-1.0788819665879665,1.2336220795653494,157816,5f7VJjfbwm532GiveGC0ZK,93,3258508,https://i.scdn.co/image/063f9f09ac26d99e3294686c105d4d9e2dfec6b2,True,True,False,False,False,False,False,False,False,False,False,False,False,True,False
global,1097.0,4Day5xkFhvHLwXykznyRLA,3848209,All I Want (For Christmas),Liam Payne,https://open.spotify.com/track/4Day5xkFhvHLwXykznyRLA,2.153939921928819,-0.6470899622179838,-2.132714145658579,-0.16957677944084176,2.4985380819433285,-1.2971188509823548,-0.8292066832671456,-0.8655732709135623,0.581261288417043,181144,5pUo3fmmHT8bhCyHE52hA6,81,4808751,https://i.scdn.co/image/4f56a2bae40e73a962dd7537369a19ae4b5b5457,False,False,False,False,False,False,False,True,False,False,False,False,False,True,False
global,1098.0,5xDrO9DEDJGUQGfyoHvgDJ,3824878,Last Christmas,Ariana Grande,https://open.spotify.com/track/5xDrO9DEDJGUQGfyoHvgDJ,-0.51635441109432,-1.1660779447072531,1.019728808353935,-0.16957677944084176,-0.480436141904127,1.3379075632665365,-0.7976067758036817,1.367360309337648,2.7274710095651566,203653,66CXWjxzNUsdJxJ2JdwvnR,97,40958727,https://i.scdn.co/image/b1dfbe843b0b9f54ab2e588f33e7637d2dab065a,True,False,True,False,False,False,False,False,False,False,False,False,False,True,False
global,1099.0,62zKJrpbLxz6InR3tGyr7o,3811100,JACKBOYS,JACKBOYS,https://open.spotify.com/track/62zKJrpbLxz6InR3tGyr7o,2.5003775249012086,-1.7649102321948722,-2.870025849451561,9.369406043493525,-0.465725158082658,-6.731050440891187,-0.8458844122061963,-1.9067012451201224,0.038874909226934484,46837,7A8S43ryYdbWpJKeHRZRcq,84,81773,https://i.scdn.co/image/6ff70bad6cce3e82af9d6ad0c18734cbb53ede85,False,False,False,False,False,False,False,False,False,False,False,False,False,False,False
global,1100.0,02FaKXXL7KUtRc7K0k54tL,3799187,Cozy Little Christmas,Katy Perry,https://open.spotify.com/track/02FaKXXL7KUtRc7K0k54tL,-0.5046767390840148,0.6370726098387993,-0.09494715328584916,-0.16957677944084176,-0.6238682341634489,0.07694153315645336,-0.017264616497583714,0.32804772828576384,0.499472091243041,182521,6jJ0s89eD6GaHleKKya26X,89,14486730,https://i.scdn.co/image/779d7efd29be52c3f39384674f804cc13f99392d,True,False,False,False,False,False,False,True,False,False,False,False,False,True,False
global,1101.0,0RDgqtvOHLwcI6yz9bjsZV,3790673,Perreo en La Luna,Rich Music LTD,https://open.spotify.com/track/0RDgqtvOHLwcI6yz9bjsZV,0.04028128806356467,0.21789000859746574,0.7700878377783583,-0.16957677944084176,1.4172807710653634,0.8246608929132465,1.4047312193582977,1.0723589217028335,1.6880354384763785,218587,2kqUKsTuEj1lPbm6BSn1AU,84,28778,https://i.scdn.co/image/7eff816abb6777c0d9efdd9b9aba473407bb28f5,True,True,False,False,False,False,False,False,False,False,False,False,False,True,False
global,1102.0,3hwQhakFwm9soLEBnSDH17,3767735,Venice Bitch,Lana Del Rey,https://open.spotify.com/track/3hwQhakFwm9soLEBnSDH17,2.54708821294243,-1.8247934609436338,-1.8946843830167504,2.4827257615701774,-0.5495777658650309,-2.3441420585030666,-0.8739732188403865,-0.7838805789531521,-1.4103203086667324,577199,00FQb4jTyendYWaN8pK0wa,89,9718093,https://i.scdn.co/image/6e8dc460cfb6b89d7970302259febd0aa73b38c6,True,False,False,False,False,False,False,False,False,True,False,False,False,True,False
global,1103.0,6vjymPak0JRQC2P84XlI9t,3750611,Unholy,Miley Cyrus,https://open.spotify.com/track/6vjymPak0JRQC2P84XlI9t,-0.8639597812677402,0.9697572139985872,-0.5245618468345156,-0.16953466832155029,-0.6371081196027709,0.6478158998301128,-0.8221844816085981,-1.2785752136023025,0.6455730487098515,130187,5YGY8feqx7naU7z4HrwZM6,87,10744522,https://i.scdn.co/image/b5079187578650ea27fba00480ddf80182777fda,False,False,False,False,True,False,False,False,False,False,False,False,False,True,False
global,1104.0,4G3gFk4oyvt8klQEVJBzea,3731790,Adriana,RAF Camora,https://open.spotify.com/track/4G3gFk4oyvt8klQEVJBzea,0.7448341660186494,0.5439209206740585,1.019728808353935,-0.10908566885637992,-0.3995257308860479,0.25234583383157777,-0.6694515955351886,0.8499732602550507,0.41960313387535236,165125,0Dvx6p8JDyzeOPGmaCIH1L,85,1053568,https://i.scdn.co/image/545705916303faf8bf52413dee30637c5b417e98,False,False,False,False,False,False,False,True,False,False,False,False,False,True,False
global,1105.0,1NghHeg0wE32eBYrQBVQXL,3720327,Shake Up Christmas,Train,https://open.spotify.com/track/1NghHeg0wE32eBYrQBVQXL,-0.9908571504463909,-1.4654940884510625,1.1997025313270249,-0.16957677944084176,1.1966160137433297,1.5453672700198662,-0.5667518962789305,0.3825095229260368,-1.3219241847015155,232213,3FUY2gzHeIiaesXtOAdB7A,80,3100731,https://i.scdn.co/image/f0757afdaaccc60dcf993b5331479335c2f4945b,True,False,False,False,False,False,False,False,False,False,False,False,False,True,False
global,1106.0,5sCwso3aURYAdieWEFI1nE,3677994,Icy (feat. Gucci Mane),Logic,https://open.spotify.com/track/5sCwso3aURYAdieWEFI1nE,-0.3684372322971199,0.9897182902481745,-0.5942290944370022,-0.16956293628284264,-0.480436141904127,0.5804635297556813,-0.39909683168110743,-0.048646351309461,0.971265247723078,265267,4xRYI6VqpkE3UwrDrAZL8L,87,4329265,https://i.scdn.co/image/efa0b73c2cdaf40b1767b4b1e1254b1cfc5b51db,True,False,False,False,False,False,False,True,False,False,False,False,False,True,False
global,1107.0,6ucmgsair6pvRYfwgvI6e0,3659689,"SPIRIT - From Disney's ""The Lion King""",Beyoncé,https://open.spotify.com/track/6ucmgsair6pvRYfwgvI6e0,-0.9657112300508668,-2.929306346754131,-1.0993166395550293,-0.16957677944084176,-0.5606110037311325,-0.5828955897117762,-0.7045626038279266,-2.010632503225311,-1.410906144539845,277030,6vWDO969PvNqNYHIOW5v0m,90,21495344,https://i.scdn.co/image/9fef2047e4e3f05031807d5fa9e121b7862ba259,True,False,False,False,False,True,False,False,False,False,False,False,False,True,False
global,1108.0,0yFvWTLs3iIwDbc91noXGT,3653323,GRoCERIES,Chance the Rapper,https://open.spotify.com/track/0yFvWTLs3iIwDbc91noXGT,-0.7779342641251581,1.5153599648206404,-0.1646144008883357,-0.16957677944084176,-0.480436141904127,0.21524800432534005,0.9921768719186284,0.9679738153089761,0.7124559775568768,226846,1anyVhU62p31KFi8MEzkbf,87,4587455,https://i.scdn.co/image/0433f521b1fadf1d839b6e70c3914021f122901f,False,False,False,False,False,False,False,False,False,False,False,False,False,True,False
global,1109.0,6PfI6EeLNiNGVAVg11nv7D,3632265,Speed It Up,Gunna,https://open.spotify.com/track/6PfI6EeLNiNGVAVg11nv7D,-0.8495573191216972,1.555282117319815,-0.21686483659020062,-0.05324772062456899,-0.465725158082658,-0.33041424520815765,-0.6299517112058586,-0.23926263255041788,0.6795515293503834,179022,2hlmm7s2ICUX0LVIhVFlZQ,92,1709666,https://i.scdn.co/image/ec9841f2d8fd9f9a21dff3b2eba8c790b255b3e3,True,False,False,False,False,False,False,True,False,False,False,False,False,True,False
global,1110.0,1x4MJYA9mJRph3fygU51K4,3630181,Next,Ufo361,https://open.spotify.com/track/1x4MJYA9mJRph3fygU51K4,-0.9254621871886813,0.9764109060817829,0.7236430060433673,-0.16957677944084176,-0.2524158926713586,0.602434088977822,0.4567339954543767,-0.8065729933865994,1.0673748773509442,164471,5pVRwX5ZQR7hfJ18w8ZYkl,83,1230672,https://i.scdn.co/image/ae285fbcf49b45b35adfff6dffd59b4cff6f7862,False,False,False,False,False,False,False,False,False,False,True,False,False,True,False
global,1111.0,32h6yQGn4oAhZ0HRsTMX26,3628798,CROWN,TOMORROW X TOGETHER,https://open.spotify.com/track/32h6yQGn4oAhZ0HRsTMX26,-0.8063499326835677,-0.37428858680695715,1.019728808353935,-0.16957677944084176,-0.82687981089972,0.23721856354748086,-0.7677624187548544,0.41881738601955243,-0.36356178916404586,230707,0ghlgldX5Dd6720Q3qFyQB,74,1019092,https://i.scdn.co/image/cca29c1084436594f5a27ffee6bd36831c855303,True,False,False,False,False,True,False,False,False,False,False,False,False,True,False
global,1112.0,0dDboLfmRNsTBscy4j3Rnl,3627848,Hasta Que Salga el Sol,Ozuna,https://open.spotify.com/track/0dDboLfmRNsTBscy4j3Rnl,-0.9246836757213277,0.9830645981649787,1.1126184718239165,-0.15865348081799374,-0.3480372875109067,0.6733881900722769,-0.5412964152666956,0.5005100779799626,-0.8496428316605518,188480,1i8SpTcr7yvPOmcqrbnVXY,98,21123358,https://i.scdn.co/image/f9ede0c1b199df8dfc4a29b784342e9af2e15a2c,False,True,False,False,False,False,False,False,False,False,False,False,False,True,False
global,1113.0,5KPKjcE2trO2hBWRzkb2Mo,3621985,Bounce Back,Little Mix,https://open.spotify.com/track/5KPKjcE2trO2hBWRzkb2Mo,-0.9005498202333635,0.6836484544211697,1.333231422565124,-0.16706407177041027,1.2481044571184707,0.8509535293594149,-0.4912632284495443,-0.35272470471765427,-0.6225012450798277,160552,3e7awlrlDSwF3iM0WBjGMp,84,6853096,https://i.scdn.co/image/7b9deaace8ec0e95d957107a11115dbd202a45cd,True,False,False,False,False,False,False,False,False,False,True,False,False,True,False
global,1114.0,7MXVkk9YMctZqd1Srtv4MB,3612961,Starboy,The Weeknd,https://open.spotify.com/track/7MXVkk9YMctZqd1Srtv4MB,-0.4540734937060253,-0.0016818301479939555,-0.21105923262332674,-0.16950291048849342,-0.27448236840356205,-0.19354846644728033,1.2818426903337157,-0.007800005329255898,2.0783323157189693,230453,1Xyo4u8uXC1ZmMpatF05PJ,96,18323290,https://i.scdn.co/image/22c98f5bc7713315e8d3e48aa3ce8a98ce4ec873,True,False,False,False,False,False,False,True,False,False,False,False,False,True,False
global,1115.0,3EtyEzMpfKSaoVhPunvbRV,3550506,Leave Me Alone,NF,https://open.spotify.com/track/3EtyEzMpfKSaoVhPunvbRV,-0.03367730133503545,0.2910806215126192,0.6771981743083763,-0.16957677944084176,-0.17150548165327972,0.9932219046503269,0.5269560120398524,-0.1258005603831815,1.3006351941619558,308652,6fOMl44jA4Sp5b9PpYCkzz,89,2865437,https://i.scdn.co/image/55db20d7c49bdcf52162474265c66ca601054b1c,True,True,False,False,False,False,False,False,False,False,False,False,False,True,False
global,1116.0,6SYSu569pfYdkDT9A5lZqi,3511856,CUIDAO POR AHÍ,J Balvin,https://open.spotify.com/track/6SYSu569pfYdkDT9A5lZqi,-0.570850213809078,1.1094847477456984,1.095201659923295,-0.14154147626612004,-0.002329167706387227,1.2601101732340376,-0.4649299722299909,0.44604828333968916,-1.0143928977547807,198320,1vyhD5VmyZ7KMfW5gqLgo5,99,17106207,https://i.scdn.co/image/84a8ce44cf41f5991178c3d7d8060d2e65624d1f,False,False,False,False,True,False,False,False,False,False,False,False,False,True,False
global,1117.0,5ojNTROUJJgCFFbdD3xTZn,3488584,Goutte d'eau,Ninho,https://open.spotify.com/track/5ojNTROUJJgCFFbdD3xTZn,1.6362297961386185,-0.10148721139593052,0.3520843521634396,-0.16957677944084176,-0.384814747064579,0.11331901645868653,0.2899567060638722,-0.7974960276132205,0.5105378799573908,157076,6Te49r3A6f5BiIgBRxH7FH,84,2588183,https://i.scdn.co/image/3b11c1b82e510b866fa2e0935c9d9ab149d03407,False,False,False,False,False,True,False,False,False,False,False,False,False,True,False
global,1118.0,0bMbDctzMmTyK2j74j3nF3,3462770,"Alone, Pt. II",Alan Walker,https://open.spotify.com/track/0bMbDctzMmTyK2j74j3nF3,1.0834866543175024,-0.054911366813560125,0.2533890847265836,-0.16957677944084176,-0.3039043360464999,0.7821604668769739,-0.7703957443768099,0.5458949068468572,-1.1103072487582761,179053,7vk5e3vY1uw9plTHJAMwjN,89,17470399,https://i.scdn.co/image/c5c098af718b187525fb2f78527ebf89ea1b0466,False,False,False,True,False,False,False,False,False,False,False,False,False,True,False
global,1119.0,7FiIQXpIeLo3ITfGGpb8PB,3451240,Vamos pra Gaiola,MC Kevin o Chris,https://open.spotify.com/track/7FiIQXpIeLo3ITfGGpb8PB,2.566550999626272,1.2891344339919841,2.0124870866893674,-0.15294172403011475,-0.3921702389753135,0.324740627334042,1.325731450699638,0.15104689570487506,0.9060747336206,161600,2UMj7NCbuqy1yUZmiSYGjJ,84,1139072,https://i.scdn.co/image/984dfbcdcf7880b022478b4433ae006b2a108b03,True,False,False,False,False,False,True,False,False,False,False,False,False,True,False
global,1120.0,5iIgIxtMNeogKaFUfvuAbs,3416867,Gib Ihm,Shirin David,https://open.spotify.com/track/5iIgIxtMNeogKaFUfvuAbs,-0.15823913611162502,1.6617411906509474,-1.2909015704618672,-0.16918358722204277,-0.5782641843168953,-1.499536134307652,1.6680637815538315,0.4097404202461735,-0.7866980217383394,162997,0JBdTCGs111JKKYfLqOEBa,69,336391,https://i.scdn.co/image/b86ebb56ca3f458c83abec8982dec573ff6c88e1,False,False,False,False,False,False,False,False,False,False,True,False,False,True,False
global,1121.0,5YxP1CkunbhUQVvctFOHa7,3402865,fuck 3x,tha Supreme,https://open.spotify.com/track/5YxP1CkunbhUQVvctFOHa7,-0.7312235760839371,-0.15471674806149668,1.101007263890169,-0.16957677944084176,-0.4951471257255959,0.36219862994228186,-0.4184078862421133,0.9180505035553921,1.8855597670275195,161266,19i93sA0D7yS9dYoVNBqAA,86,510487,https://i.scdn.co/image/523766e72e9a82dada6e341a97b3143a574c2b61,True,False,False,False,False,True,False,False,False,False,False,False,False,True,False
global,1122.0,6hzi3AGB39FjxFqcjgbWs7,3375797,Deux frères,PNL,https://open.spotify.com/track/6hzi3AGB39FjxFqcjgbWs7,-0.4462883790324884,0.7701464515027148,0.20113864902471873,-0.14351907026599667,-0.5878263238008501,-0.21083677534339118,-0.7036848286206081,-0.8156499591599783,-0.32964840139830365,247460,3NH8t45zOTqzlZgBvZRjvB,80,2607096,https://i.scdn.co/image/5183e0a003fb8679a63fbdac311df70c79bc9851,False,False,False,False,False,False,False,True,False,False,False,False,False,True,False
global,1123.0,57kdZIOAaolxAjB67d2yU3,3363887,Goteo,Duki,https://open.spotify.com/track/57kdZIOAaolxAjB67d2yU3,-0.2789084135514462,-1.3656887072031263,0.8978111250495837,-0.16957677944084176,0.10800321095462975,0.9914210391403153,-0.7774179460353575,-0.22564718389034952,-0.45111170575698856,164458,1bAftSH8umNcGZ0uyV7LMg,84,2687391,https://i.scdn.co/image/a79818e9d8da86117d16e493f0dad9076a57e9ad,True,True,False,False,False,False,False,False,False,False,False,False,True,False,False
global,1124.0,1NF9EkR5OpMaoVWbsllcm9,3357096,Under Enemy Arms,Trippie Redd,https://open.spotify.com/track/1NF9EkR5OpMaoVWbsllcm9,-0.13488379209101445,0.4840376919252966,0.880394313148962,-0.16957677944084176,-0.9092613202999459,0.43639428895475757,-0.8274511328525087,0.5232024924134099,0.25514598571767966,162462,6Xgp2XMz1fhVYe7i6yNAax,92,3998147,https://i.scdn.co/image/955a9b53451b9c97a6571202eccfe0b2b94a9e50,False,False,False,False,False,False,False,False,False,True,False,False,False,True,False
global,1125.0,76PwajqH3ej4hnk9tgaJpp,3345059,Outstanding,Gunna,https://open.spotify.com/track/76PwajqH3ej4hnk9tgaJpp,0.19987613887106997,1.003025674414566,0.6133365306727635,-0.16957677944084176,-0.480436141904127,0.6928375375804013,0.9746213677722595,-0.7430342329729469,0.8763923827162267,180780,2hlmm7s2ICUX0LVIhVFlZQ,92,1709666,https://i.scdn.co/image/ec9841f2d8fd9f9a21dff3b2eba8c790b255b3e3,False,False,False,False,False,False,True,False,False,False,False,False,False,True,False
global,1126.0,4PJ3umtW1aWdfh5EITHc6T,3321717,Te Robaré,Nicky Jam,https://open.spotify.com/track/4PJ3umtW1aWdfh5EITHc6T,-0.06481776002918287,-0.03495029056397281,0.7410598179439889,-0.1690521353855804,-0.6841832678314714,1.0465275237466687,-0.648384990559546,1.4036681724311637,1.7526075702683486,201818,1SupJlEpv7RS2tPNRaHViT,94,10569805,https://i.scdn.co/image/e2cc83fdb16667b0cc6c011da4747adedc759185,False,False,True,False,False,False,False,False,False,False,False,False,False,True,False
global,1127.0,1g3ErLqysBJ5EIGdYYMWFZ,3310717,All Day Long,Chance the Rapper,https://open.spotify.com/track/1g3ErLqysBJ5EIGdYYMWFZ,-0.8487788076543434,0.7568390673363232,1.4087042741344844,-0.16957677944084176,-0.23034941693915545,1.0627353133367725,0.5357337641130369,0.7592036025212616,0.029176070883180916,208238,1anyVhU62p31KFi8MEzkbf,87,4587455,https://i.scdn.co/image/0433f521b1fadf1d839b6e70c3914021f122901f,True,False,True,False,False,False,False,False,False,False,False,False,False,True,False
global,1128.0,5WtfUKzXircvW8l5aaVZWT,3304828,What A Time (feat. Niall Horan),Julia Michaels,https://open.spotify.com/track/5WtfUKzXircvW8l5aaVZWT,1.5739488787503237,-1.0662725634593166,-0.9135373126150652,-0.16957677944084176,-0.6547613001885336,0.10575538131663809,-0.8757287692550233,-0.46164829399820095,0.3484566217295639,173307,0ZED1XzwlLHW4ZaG4lOT6m,87,2485486,https://i.scdn.co/image/4a629c160228c0bd5295b064437b01a078aef157,True,False,False,False,False,False,False,False,False,False,False,False,False,True,False
global,1129.0,0m0Ew7RcwZaBS8psxgE00P,3297760,Derdim Olsun,Reynmen,https://open.spotify.com/track/0m0Ew7RcwZaBS8psxgE00P,1.1301973423587235,-0.32771274222458674,-0.2516984603914439,-0.16957677944084176,-0.3480372875109067,-0.382999518100495,-0.6343405872424508,-0.45257132822482204,0.05970462915982796,195484,1Fg19vpUJpAAPFjnKaVYVW,64,958512,https://i.scdn.co/image/f4854fdfce7b0686ea9e8fcc228bc00863edb128,False,True,False,False,False,False,False,False,False,False,False,False,False,True,False
global,1130.0,4m5Cd9kAbIxg6t9sMrQWtk,3262111,TIC TOC,6ix9ine,https://open.spotify.com/track/4m5Cd9kAbIxg6t9sMrQWtk,-0.9581596688175361,0.9431424456658041,0.38691797596468225,-0.16957677944084176,1.2481044571184707,-0.06064459180842848,-0.5061854069739578,0.8862811233485663,0.6470050919552375,135739,7gZfnEnfiaHzxARJ2LeXrf,84,4393100,https://i.scdn.co/image/cb2fa696eab4e8295ed211d1a051027145afa10a,False,False,False,False,False,False,True,False,False,False,False,False,False,True,False
global,1131.0,5naYe7rLMZcLfO1DKg48MK,3251116,All Day And Night,Jax Jones,https://open.spotify.com/track/5naYe7rLMZcLfO1DKg48MK,0.2310165975652174,-0.7402416513827246,0.8165326695133494,-0.16957677944084176,-0.2524158926713586,0.8538349141754333,-0.19281965796127282,0.24181655343866415,-0.007275938999382312,169467,4Q6nIcaBED8qUel8bBx6Cr,81,662652,https://i.scdn.co/image/b09786939d10dc3240d760e7f4023b33ca1c9902,False,True,False,False,False,False,False,False,False,False,False,False,False,True,False
global,1132.0,27qRmG3zOWPvMYUkpPdQ1g,3228591,Gan-Ga - Remix,Bryant Myers,https://open.spotify.com/track/27qRmG3zOWPvMYUkpPdQ1g,0.484032824455165,1.2159438210768307,-0.30394889609330883,-0.16957677944084176,-0.6547613001885336,-0.021385723690176828,2.501950228506354,-0.4162634651313064,-1.0445959916574763,193363,6w9ToX5slZ4uIdmD17hJ3c,84,3207158,https://i.scdn.co/image/fe3ccda170b515bb8bdcab525b1b1f82d4df7e6a,False,False,False,False,False,False,True,False,False,False,False,False,False,True,False
global,1133.0,32iPykTXUNZ9oGyACGUybq,3227251,How Did I Get Here (feat. J. Cole),Offset,https://open.spotify.com/track/32iPykTXUNZ9oGyACGUybq,0.9706024915512179,1.3623250469071377,-0.46650580716577683,-0.16955816679143118,-0.6937454073154262,-0.5195051237593699,0.904399351186784,-1.696115639177732,0.2553412643420505,276794,4DdkRBBYG6Yk9Ka8tdJ9BW,89,1389641,https://i.scdn.co/image/d718d632faa01221dd271f4e60a421596718fda0,True,False,True,False,False,False,False,False,False,False,False,False,False,True,False
global,1134.0,6EBlOYNcZ8MrdEov9lEdV6,3226360,Hold The Line (feat. A R I Z O N A),Avicii,https://open.spotify.com/track/6EBlOYNcZ8MrdEov9lEdV6,0.2777272856064385,-0.2012925926438671,-0.40844976749703804,-0.1692789770502721,-0.6915387597422059,-0.18994673542725732,-0.841495536169604,-0.5251870544118533,-0.7844523175580742,171786,1vCWHaC5f2uS3yhpwWbIA6,89,16559762,https://i.scdn.co/image/81b19a403109c4fe528ee3972137127b85be9519,True,False,False,False,False,False,False,False,False,True,False,False,False,True,False
global,1135.0,1VsqQEYObJsOPaeZwEXRPg,3224792,Love Thru The Computer (feat. Justin Bieber),Gucci Mane,https://open.spotify.com/track/1VsqQEYObJsOPaeZwEXRPg,-0.6728352160324107,0.5173061523412754,1.6467340367763135,-0.16957677944084176,1.490835690172708,0.7385795215346947,-0.5114520582178684,1.326513963357443,-0.7201405572652657,173927,13y7CgLHjMVRMDqxdx0Xdo,87,3031961,https://i.scdn.co/image/666097bb14996636cf7e106ca712a36fb39f8774,False,False,False,False,False,False,True,False,False,False,False,False,False,True,False
global,1136.0,0pxNyJJiL2zZZ5GgJ4JhsQ,3220811,6 Inch (feat. The Weeknd),Beyoncé,https://open.spotify.com/track/0pxNyJJiL2zZZ5GgJ4JhsQ,-0.8343763455083002,-1.0795799476257082,0.07341536175349336,-0.16953152743696223,-0.4730806499933925,-0.8479829927854757,-0.5860629508399363,-0.7430342329729469,0.5162985993763314,260440,6vWDO969PvNqNYHIOW5v0m,90,21495344,https://i.scdn.co/image/9fef2047e4e3f05031807d5fa9e121b7862ba259,True,False,False,False,False,False,True,False,False,False,False,False,False,True,False
global,1137.0,0HZgYFimoJG9Ijy8InUWcV,3194944,Bad Reputation (feat. Joe Janiak),Avicii,https://open.spotify.com/track/0HZgYFimoJG9Ijy8InUWcV,1.5505935347297133,0.444115539426122,0.07341536175349336,-0.1695011655526112,-0.5517844134382512,0.18679432926715775,-0.6913959757181498,-0.18933932079683388,-1.0464511385889996,205417,1vCWHaC5f2uS3yhpwWbIA6,89,16559762,https://i.scdn.co/image/81b19a403109c4fe528ee3972137127b85be9519,True,False,False,False,False,False,False,False,False,False,False,False,False,True,False
global,1138.0,5xlS0QkVrSH7ssEbBgBzbM,3194645,Little Saint Nick - 1991 Remix,The Beach Boys,https://open.spotify.com/track/5xlS0QkVrSH7ssEbBgBzbM,-0.5825278858193833,-0.5073624284708725,-0.4142553714639119,-0.16957677944084176,-0.9055835743445787,-1.029510236194639,-0.8529066138647438,2.193364194715128,0.27490167321653325,118840,3oDbviiivRWhXwIE8hxkVV,79,2348357,https://i.scdn.co/image/21d36613eec63c86c1babec16fdfa8635ee63625,True,False,False,False,False,False,False,False,False,False,False,True,False,True,False
global,1139.0,2bPGTMB5sFfFYQ2YvSmup0,3191832,DEUTSCHLAND,Rammstein,https://open.spotify.com/track/2bPGTMB5sFfFYQ2YvSmup0,-1.002708430513916,-1.0463114872097292,1.5712611852069531,3.8903073732470776,-0.5576688069668387,0.445038443402813,-0.7528402402304409,-1.1378822441149294,-0.06608735137241124,322340,6wWVKhxIU2cEi0K81v7HvP,83,3823990,https://i.scdn.co/image/cdf344b2f5124d1f2f1217c45f12096730c70560,True,False,False,False,False,False,False,True,False,False,False,False,False,True,False
global,1140.0,2KKijf6Ett4kmVNJze2roh,3190465,The Git Up,Blanco Brown,https://open.spotify.com/track/2KKijf6Ett4kmVNJze2roh,-0.7425119923605654,1.12279213191209,0.31144512439532246,-0.16957677944084176,0.7332200233670589,-0.7770288916910206,-0.18404190588808836,1.4672069328448163,-0.7864376502391783,200594,3yzRiNMZdTsSUgplcyYZ4i,71,74640,https://i.scdn.co/image/5fcf96459eb4ddc85e97de5565876e2549599d20,True,False,False,False,False,False,False,False,False,True,False,False,False,True,False
global,1141.0,1mqlc0vEP9mU1kZgTi6LIQ,3180524,September,"Earth, Wind & Fire",https://open.spotify.com/track/1mqlc0vEP9mU1kZgTi6LIQ,-0.2905860855617515,0.09812355109994188,1.6641508486769352,-0.16833205851150765,0.9244628130461546,1.003666924608394,-0.873095443633068,2.243287506468712,0.12196596389674218,216520,4QQgXkCYTt3BlENzhyNETg,77,2153254,https://i.scdn.co/image/9fd0a9822140cce668ee15263e1f73730152dff0,True,False,False,False,False,False,False,False,False,True,False,False,False,True,False
global,1142.0,48BycLu4MtbVvCumpvMMbP,3155792,Snake Skin,Trippie Redd,https://open.spotify.com/track/48BycLu4MtbVvCumpvMMbP,-0.7794912870598655,-0.0615650588967559,-0.3910329555964164,-0.16957677944084176,-0.7952511956835618,-0.8490635120914827,-0.7036848286206081,0.29627834807893766,0.7126187097438524,186944,6Xgp2XMz1fhVYe7i6yNAax,92,3998147,https://i.scdn.co/image/955a9b53451b9c97a6571202eccfe0b2b94a9e50,True,False,False,False,False,False,False,False,True,False,False,False,False,True,False
global,1143.0,6vsV4D8BM6PioRr1UOx0n2,3143081,you should see me in a crown,Billie Eilish,https://open.spotify.com/track/6vsV4D8BM6PioRr1UOx0n2,0.861610886121702,0.12473831943272495,-0.4200609754307858,1.3078022675258225,-0.2009274492962176,-1.366272086566798,0.5796225244789592,-0.9518044457606617,-1.526836554541355,180567,6qqNVTkY8uBg9cP3Jd7DAH,98,18867904,https://i.scdn.co/image/2622edec99d68d1d141886be593c88cbe509f6d8,False,True,False,False,False,False,False,False,False,False,False,False,False,True,False
global,1144.0,2SDFznsHkeFXiPFwN0npVM,3134222,COMMANDO (feat. G-Eazy),Logic,https://open.spotify.com/track/2SDFznsHkeFXiPFwN0npVM,-0.47742883772663575,1.1094847477456984,-0.8032308372444619,-0.16957677944084176,-0.5172136014577993,0.0016653548379709528,1.6066195170415403,-1.5690381183504272,-1.468480792291858,211933,4xRYI6VqpkE3UwrDrAZL8L,87,4329265,https://i.scdn.co/image/efa0b73c2cdaf40b1767b4b1e1254b1cfc5b51db,True,False,False,False,False,False,False,False,True,False,False,False,False,True,False
global,1145.0,5pRGXCDY0eT6R1QicAn7Uk,3087421,Lençol Dobrado,João Gustavo e Murilo,https://open.spotify.com/track/5pRGXCDY0eT6R1QicAn7Uk,0.402289120383028,0.19127524026468268,0.23016666885908812,-0.16957677944084176,1.152483062278923,0.5170730638032748,-0.8055067526695477,0.8454347773683613,0.0925439844915303,179165,6xerOqBLmelL3xZNZkVbGl,74,152233,https://i.scdn.co/image/db67ba73ba577b90a7ffcaab13ac08e9aeeb750f,True,False,True,False,False,False,False,False,False,False,False,False,False,True,False
global,1146.0,7A20WnLkjtZU2d7hIB6Ziu,3079097,Start Wit Me (feat. Gunna),Roddy Ricch,https://open.spotify.com/track/7A20WnLkjtZU2d7hIB6Ziu,-0.7031971632592043,1.382286123156725,-0.843870065012579,-0.16957677944084176,-0.28919335222503095,-0.5677683194276794,1.790952310578414,-0.3618016704910332,0.25651293608827586,158692,757aE44tKEUQEqRuT6GnEB,93,1162631,https://i.scdn.co/image/020e997fb003cf666859a90b57ca0519df769d30,False,False,False,False,True,False,False,False,False,False,False,False,False,True,False
global,1147.0,0xPaZrF25ltzvz1a2Pm5DQ,3070716,All I Want for Christmas Is You,Michael Bublé,https://open.spotify.com/track/0xPaZrF25ltzvz1a2Pm5DQ,0.631950003252365,-1.1660779447072531,-0.925148520548813,-0.16957677944084176,-0.5392800771900026,-0.5760523007737324,-0.9003064750599398,-1.5644996354637377,0.6394868649169589,171827,1GxkXlMwML1oSg5eLPiAz3,92,3547268,https://i.scdn.co/image/6bf4c3c955399c4c45cd0677a860a42f39b6a508,False,False,False,False,False,False,False,False,True,False,False,False,False,True,False
global,1148.0,28aEiMfveru430xmXhDCy3,3069743,Fuck it I love you,Lana Del Rey,https://open.spotify.com/track/28aEiMfveru430xmXhDCy3,2.5081626395747456,-1.0463114872097292,-0.9948157681512996,-0.15515197614762394,-0.3480372875109067,-1.5038582115316799,-0.8204289311939612,-1.305806110922439,0.2523144456643023,218288,00FQb4jTyendYWaN8pK0wa,89,9718093,https://i.scdn.co/image/6e8dc460cfb6b89d7970302259febd0aa73b38c6,False,False,False,False,False,False,False,False,False,True,False,False,False,True,False
global,1149.0,2nvmHDiEWXRzS6FUDzUhVL,3049950,weR mAChT PaRA 2,Dardan,https://open.spotify.com/track/2nvmHDiEWXRzS6FUDzUhVL,-0.5319246404413938,0.5505746127572543,1.9370142351200068,-0.16957677944084176,1.3584368357794876,0.6182817054659234,-0.03482012064395264,1.957363084607277,0.9026248112567147,172000,3pjq2pDV9RR6VY55wBjVnp,73,589678,https://i.scdn.co/image/8db843107361b926f39d54a27e8207ca927813a7,True,False,False,False,False,False,True,False,False,False,False,False,False,True,False
global,1150.0,3zZqro4MGeFOR40HxFEPlv,3046587,Happy Xmas (War Is Over),Céline Dion,https://open.spotify.com/track/3zZqro4MGeFOR40HxFEPlv,0.7526192806921862,-2.2306686780185756,-0.1413919850208402,-0.16957677944084176,0.7699974829207312,0.44071636617878546,-0.8757287692550233,-1.496422392163396,1.6239515032453362,254707,4S9EykWXhStSc15wEx8QFK,82,3238147,https://i.scdn.co/image/3d579310822dcb55dc814b7bde9cd40c9c203fb3,True,False,False,True,False,False,False,False,False,False,False,False,False,True,False
global,1151.0,3YxCKq3YPnTekAofhaHABZ,3032062,Jay Jay,MERO,https://open.spotify.com/track/3YxCKq3YPnTekAofhaHABZ,1.3092549798500708,0.2245437006806615,-0.031085509650236473,-0.16957677944084176,-0.3995257308860479,-0.6516886521942175,1.2203984258214244,0.414278903132863,-1.3033727153862824,137587,5wyWp867LWGjFmYZXVSFnZ,76,1151567,https://i.scdn.co/image/615afe66fedb5c97875da1619efd391fd0657ff1,False,False,False,False,False,False,False,False,False,False,True,False,False,True,False
global,1152.0,2xE16muNCmhZwSOv3i1d1H,3026322,Mood Swings,A Boogie Wit da Hoodie,https://open.spotify.com/track/2xE16muNCmhZwSOv3i1d1H,-0.08817310404979344,1.7615465718988832,0.23016666885908812,-0.16950884327049306,-0.45836966617192354,0.18931554098117379,-0.21037516210764173,2.0072863963608607,-0.06823541624049095,156893,31W5EY0aAly4Qieq6OFu6I,91,3899600,https://i.scdn.co/image/b7d26110180d7fb07097570d96991be33436a56a,False,False,False,False,True,False,False,False,False,False,False,False,False,True,False
global,1153.0,2qqZ5fOGuNvYVzgPFDLQ4l,3025685,Mary's Boy Child / Oh My Lord,Boney M.,https://open.spotify.com/track/2qqZ5fOGuNvYVzgPFDLQ4l,0.07920686143124894,0.6836484544211697,0.543669283070277,-0.16957677944084176,0.2036246057941778,-0.8083639515652213,-0.8239400320232351,1.9845939819274137,-0.3126266146406424,241427,54R6Y0I7jGUCveDTtI21nb,75,589163,https://i.scdn.co/image/94f8fa49e6ac6748393ff020567c9b95c7f48c18,True,False,False,False,False,False,False,False,False,False,False,False,False,True,False
global,1154.0,5Apvsk0suoivI1H8CmBglv,3013797,Almost (Sweet Music),Hozier,https://open.spotify.com/track/5Apvsk0suoivI1H8CmBglv,-0.9192340954498519,-1.0330041030433377,0.36369556009718734,-0.1695435093300203,0.21098009770491227,0.31573629978398415,-0.21915291418082622,1.0133586441758706,-1.0451167346557988,217480,2FXC3k01G6Gw61bmprjgqS,83,3687145,https://i.scdn.co/image/2e4114631a20bd71903bc335b88f872afdce9a33,True,False,False,False,False,False,False,True,False,False,False,False,False,True,False
global,1155.0,3DKpA54hrFIdPN6AtL9HXa,3004614,I'll Never Love Again - Film Version - Radio Edit,Lady Gaga,https://open.spotify.com/track/3DKpA54hrFIdPN6AtL9HXa,2.05273343117284,-1.5187236251166287,-1.6798770362424167,-0.16956223830848974,-0.5620821021132795,-0.35526618924631725,-0.8792398700842972,-1.0788819665879665,-0.398353930739457,281235,1HY2Jd0NmPuamShAr6KMms,89,10181517,https://i.scdn.co/image/ea76c82c05174105751f850c8a1db426dd03aa78,True,False,False,False,False,False,False,True,False,False,False,False,False,True,False
global,1156.0,0KAzP1Rbp0Vz5pw8i1KDDI,2981088,Internet,Post Malone,https://open.spotify.com/track/0KAzP1Rbp0Vz5pw8i1KDDI,2.2707166420318714,-1.3923034755359094,-0.7858140253438403,-0.16957677944084176,-0.5245690933685337,0.14645494184289912,-0.865195466767202,-1.3012676280357496,-1.5666083010382232,123387,246dkjvS1zLTtiykXe5h60,100,21335421,https://i.scdn.co/image/93fec27f9aac86526b9010e882037afbda4e3d5f,True,False,False,False,False,False,False,False,False,False,False,False,False,True,False
global,1157.0,5WvAo7DNuPRmk4APhdPzi8,2957709,No Brainer,DJ Khaled,https://open.spotify.com/track/5WvAo7DNuPRmk4APhdPzi8,-0.7175996254052476,-0.8400470326306604,0.7875046496789799,-0.16957677944084176,-0.6459347098956523,0.6380912260760504,1.8611743271638896,0.6865878763342304,0.4411488754309393,260000,0QHgL1lAIqAw0HtD7YldmP,82,4390256,https://i.scdn.co/image/94e2383b16d3a8f0af23b45ab9edd767b4107bbf,True,False,False,False,False,False,False,False,False,False,False,False,False,False,True
global,1158.0,7wBJfHzpfI3032CSD7CE2m,2933903,STARGAZING,Travis Scott,https://open.spotify.com/track/7wBJfHzpfI3032CSD7CE2m,-0.9660615602111761,-1.2725370180383855,0.9558671647183224,-0.16952966617202117,0.10800321095462975,1.0040270977103962,-0.7545957906450779,-1.9575322534510442,0.9067256623685033,270715,0Y5tJX1MQlPlqiwlOH1tJY,98,7626718,https://i.scdn.co/image/fec51156ed94b7ee30fbd4c7fd29b4a840e7daec,True,False,False,False,False,False,False,False,True,False,False,False,False,True,False
global,1159.0,4bi9YrkOvmg4Eb7h00AW2c,2922996,Fall Threw (feat. Young Thug & Gunna),Rich The Kid,https://open.spotify.com/track/4bi9YrkOvmg4Eb7h00AW2c,-0.9048316333038088,1.0229867506641532,0.1430826093559799,-0.16957677944084176,0.593465677063104,-0.10926796057874008,3.090059617409713,0.9588968495355972,-1.5016130655601168,189831,1pPmIToKXyGdsCF6LmqLmI,84,1933809,https://i.scdn.co/image/b7b47be84cfa8c949717987366f03f60450a93c3,False,True,False,False,False,False,False,False,False,False,False,False,False,True,False
global,1160.0,6igOR5QCn09zAVF2ikZjsV,2915456,Surf (feat. Gunna),Young Thug,https://open.spotify.com/track/6igOR5QCn09zAVF2ikZjsV,-0.6097757871767622,0.11143093526633341,-0.36781053972892086,-0.16957677944084176,-0.5525199626293247,-0.5674081463256773,1.0536211364309196,0.4914331122065837,0.6131567970642858,184093,50co4Is1HCEo8bhOyUWKpn,94,4744074,https://i.scdn.co/image/10ea494021e8341a2b5a8fcc8cd3b9a000cbc878,True,False,False,False,False,False,False,False,False,False,False,False,False,True,False
global,1161.0,6xwI9R3ZHT9nWtSYvffYQm,2914507,Vintage,RIN,https://open.spotify.com/track/6xwI9R3ZHT9nWtSYvffYQm,-0.5942055578296885,0.9497961377489998,0.828143877447097,-0.11908996791457938,-0.42159220661825125,0.555971758819524,1.2730649382605312,0.9543583666489077,1.2306278073249963,167217,18ISxWwWjV6rPLoVCXf1dz,82,451971,https://i.scdn.co/image/92a091bac0a8e19ee45cb5f6c83ed4d3096b6905,False,False,False,False,False,False,False,False,False,False,False,False,False,True,False
global,1162.0,3GmfHF5RUe6r5C9UbvIXQp,2905883,Neptun,KC Rebell,https://open.spotify.com/track/3GmfHF5RUe6r5C9UbvIXQp,0.145380336156312,-1.678412235113327,0.2591946886934575,0.23757492641611297,-0.4877916338148614,-0.24361252762560134,-0.34467476882736386,-1.7673698204987562,-0.9442227787308463,197832,5p7mWeX4RlvqBCxylfiXdE,75,912003,https://i.scdn.co/image/12ef7c17c1a98405d87a3020daaae58f09e704d1,False,False,False,False,False,False,True,False,False,False,False,False,False,True,False
global,1163.0,3pTScODwk9tggZzmuH6xDY,2897256,What's the Move (feat. Lil Uzi Vert),Young Thug,https://open.spotify.com/track/3pTScODwk9tggZzmuH6xDY,-0.835154856975654,1.881313029396407,-1.0818998276544078,-0.16957677944084176,-0.2597713845820931,-0.5040176803732705,1.5802862608219868,-0.34364773894427536,0.060876300906053255,251080,50co4Is1HCEo8bhOyUWKpn,94,4744074,https://i.scdn.co/image/10ea494021e8341a2b5a8fcc8cd3b9a000cbc878,True,False,False,False,False,False,False,True,False,False,False,False,False,True,False
global,1164.0,01vR5Z7AHinp9D2wu2BNQS,2896227,UP IN SMOKE,RIN,https://open.spotify.com/track/01vR5Z7AHinp9D2wu2BNQS,-0.08817310404979344,0.7501853752531275,0.22436106489221425,-0.1693289985455631,-0.42159220661825125,0.2962869522758594,0.20217918533202758,-0.7884190618398416,-1.45331415246572,174600,18ISxWwWjV6rPLoVCXf1dz,82,451971,https://i.scdn.co/image/92a091bac0a8e19ee45cb5f6c83ed4d3096b6905,False,False,False,False,True,False,False,False,False,False,False,False,False,True,False
global,1165.0,78eouBKVRyhbSzJwChr6QM,2893085,Don't Hurt Yourself (feat. Jack White),Beyoncé,https://open.spotify.com/track/78eouBKVRyhbSzJwChr6QM,-0.9620522261543045,-0.4275181234725233,0.3578899561303135,-0.16956095868884274,0.07122575140095742,-0.0019363761820520582,0.7025110535035414,0.7138187736543671,0.4683251506558864,233667,6vWDO969PvNqNYHIOW5v0m,90,21495344,https://i.scdn.co/image/9fef2047e4e3f05031807d5fa9e121b7862ba259,False,False,False,False,False,False,False,False,False,True,False,False,False,True,False
global,1166.0,3pZO6GoVPeSYDxxsH6vCdj,2892425,Sunset (with J. Cole feat. Young Nudy),Dreamville,https://open.spotify.com/track/3pZO6GoVPeSYDxxsH6vCdj,-0.2750158562146777,1.6351264223181643,-1.3895968378987231,-0.16957677944084176,-0.31125982795723434,-0.20579435191535908,0.4830672516739301,-0.44349436245144314,0.2547879749063332,178373,1iNqsUDUraNWrj00bqssQG,78,186560,https://i.scdn.co/image/a18511aae6029596c9dfca3b9d38fb8383386d0e,True,True,False,False,False,False,False,False,False,False,False,False,False,True,False
global,1167.0,4n4BflhWjCHIxrI4v7Xt9s,2882967,How Bout Now,Drake,https://open.spotify.com/track/4n4BflhWjCHIxrI4v7Xt9s,-0.20494982415284616,0.7368779910867359,-1.2792903625281193,-0.16957677944084176,0.3286679682766635,-0.6794219810483952,0.8780660949672306,-0.07133876574290827,-0.002784530638852454,235566,3TVXtAsR1Inumwj472S9r4,99,43763483,https://i.scdn.co/image/012ecd119617ac24ab56620ace4b81735b172686,True,True,False,False,False,False,False,False,False,False,False,False,False,True,False
global,1168.0,3rPAD722s5FFNnwjC91t7Z,2878922,Quiere Beber,Anuel AA,https://open.spotify.com/track/3rPAD722s5FFNnwjC91t7Z,0.44510725108748067,0.6304189177556035,-0.3155601040270566,-0.10862035262111483,-0.4877916338148614,1.0789431029268763,-0.14893089759535053,1.2902061002639273,-0.8823194548052785,187125,2R21vXR83lH98kGeO99Y66,96,9911627,https://i.scdn.co/image/8eebdbd3738acd6a69228ed3240a06e4e53ca651,True,False,False,False,False,False,False,False,True,False,False,False,False,True,False
global,1169.0,7uttm8Iurm5uK67Vr9G2Sp,2861648,Almost (Sweet Music),Hozier,https://open.spotify.com/track/7uttm8Iurm5uK67Vr9G2Sp,-0.9192340954498519,0.11143093526633341,0.36369556009718734,-0.1695435093300203,0.21098009770491227,0.31573629978398415,-0.21915291418082622,1.0133586441758706,-1.0451167346557988,217480,2FXC3k01G6Gw61bmprjgqS,83,3687145,https://i.scdn.co/image/2e4114631a20bd71903bc335b88f872afdce9a33,True,False,False,False,False,False,False,True,False,False,False,False,False,True,False
global,1170.0,6tByydPskASjm9jTPkNQq0,2851159,Numb Numb Juice,ScHoolboy Q,https://open.spotify.com/track/6tByydPskASjm9jTPkNQq0,-0.9962288795711314,1.3756324310735293,-0.7683972134432185,-0.168670576072663,-0.6863899154046917,0.16662463555502843,2.0806181289935006,-1.2921906622623707,1.132955948702163,107147,5IcR3N7QB1j6KBL8eImZ8m,81,2913150,https://i.scdn.co/image/16e1c84dcb5ab6b682f113a048ed172ca3ca2ef6,True,True,False,False,False,False,False,False,False,False,False,False,False,True,False
global,1171.0,5VEuraNSVxMTzDTtrmL3lQ,2845678,Winter Wonderland,Bing Crosby,https://open.spotify.com/track/5VEuraNSVxMTzDTtrmL3lQ,1.990452513784545,-0.2012925926438671,-2.3010766606979214,-0.16957677944084176,-0.5591399053489857,-2.1096693690995636,-0.7423069377426197,0.06935420374446485,0.10995632849793331,144827,6ZjFtWeHP9XN7FeKSUe80S,85,279435,https://i.scdn.co/image/ae161dc2c147cbebc97ff1a1cdc3e43fee7ba7dc,True,False,False,True,False,False,False,False,False,False,False,False,False,True,False
global,1172.0,1HNywa8Bk0TmzRwQrzhtPo,2832943,I Guess I Just Feel Like,John Mayer,https://open.spotify.com/track/1HNywa8Bk0TmzRwQrzhtPo,1.3909986839222077,-0.8134322642978773,-0.5593954706357589,0.9518353475480277,-0.384814747064579,-0.5602046842856306,-0.9073286767184874,-1.4737299777299486,1.226136398964466,285480,0hEurMDQu99nJRq8pTxO14,86,4315368,https://i.scdn.co/image/093f63fe03e52d014286eb6e0afa9a099214cf65,True,False,False,False,True,False,False,False,False,False,False,False,False,True,False
global,1173.0,2JoIjuzRplpYGvvLpSW2on,2832581,Sad Song (feat. TINI),Alesso,https://open.spotify.com/track/2JoIjuzRplpYGvvLpSW2on,-0.6611575440221055,0.3709249265109685,0.39852918389843,-0.16957677944084176,1.2260379813862676,0.0013051817359685236,-0.8239400320232351,0.28266289941886924,-0.39467618331380555,154024,4AVFqumd2ogHFlRbKIjp1t,81,3221766,https://i.scdn.co/image/2b365693847177310dcb17992156c0a31fd4a925,True,False,False,False,False,False,False,False,False,False,False,False,False,True,False
global,1174.0,6RS6rcjnWrdfVuu2U2W2dj,2815804,Make It To Christmas,Alessia Cara,https://open.spotify.com/track/6RS6rcjnWrdfVuu2U2W2dj,-0.4968916244104779,-1.0396577951265336,-0.5942290944370022,-0.16957677944084176,1.9395206967275103,-0.5014964686592545,-0.8046289774622293,-0.8292654078200467,-1.4670487490464716,211013,2wUjUUtkb5lvLKcGKsKqsR,85,6587644,https://i.scdn.co/image/56dcc0e8f919ea86b139b4ccd084439e10a8704e,True,False,True,False,False,False,False,False,False,False,False,False,False,True,False
global,1175.0,1fCeXjoRExPP2qwSBh2aST,2815675,Black & White,Juice WRLD,https://open.spotify.com/track/1fCeXjoRExPP2qwSBh2aST,-0.6907409797815455,0.6503799940051909,0.6481701544740068,-0.16957677944084176,-0.112661546367404,0.6719474976642675,1.0272878802113663,-1.1560361756616873,0.8396474548971071,186945,4MCBfE4596Uoi2O4DtmEMz,98,7403812,https://i.scdn.co/image/d8e62447a338a882b490460da20e90aac6d60ae7,True,False,False,False,False,False,False,True,False,False,False,False,False,True,False
global,1176.0,5RgBnDtHKFHgtVdqabjGE3,2801230,Harder (with Bebe Rexha),Jax Jones,https://open.spotify.com/track/5RgBnDtHKFHgtVdqabjGE3,-0.6529831736148918,1.5153599648206404,1.2113137392607725,-0.16957677944084176,-0.14943900592107634,1.242821864337927,-0.5009187557300471,1.1994364425301383,-0.5900849934342625,159760,4Q6nIcaBED8qUel8bBx6Cr,81,662652,https://i.scdn.co/image/b09786939d10dc3240d760e7f4023b33ca1c9902,False,False,False,False,False,True,False,False,False,False,False,False,False,True,False
global,1177.0,1fBXSMOusjaj7GjzErHmUI,2797062,Loco Contigo,DJ Snake,https://open.spotify.com/track/1fBXSMOusjaj7GjzErHmUI,0.07142174675771208,0.9631035219153914,0.497224451335286,-0.16955153603507864,-0.16414998974254527,0.9298314386979206,-0.5369075392301034,-0.5070331228650955,-0.8502286675336643,185195,540vIaP2JwjQb9dm3aArA4,88,6393532,https://i.scdn.co/image/4c684a7c0a70d1f506595739c14f8a76ebef6687,False,False,False,False,False,False,True,False,False,False,False,False,False,True,False
global,1178.0,7ce20yLkzuXXLUhzIDoZih,2782934,Before You Go,Lewis Capaldi,https://open.spotify.com/track/7ce20yLkzuXXLUhzIDoZih,1.348180553217755,-1.4588403963678667,-0.28653208419268716,-0.16957677944084176,-0.6312237260741834,0.5833449145716997,-0.6378516880717248,-1.3829603199961598,-0.334139809758834,215107,4GNC7GD6oZMSxPGyXy4MNB,92,2143489,https://i.scdn.co/image/5ed13d249e562fea4e296aaeb745ce06d27ec88f,True,False,False,True,False,False,False,False,False,False,False,False,False,True,False
global,1179.0,3t8pnImpBpOwxdtYBpKvA9,2781382,The Motion,Drake,https://open.spotify.com/track/3t8pnImpBpOwxdtYBpKvA9,0.12591754947246986,-0.014989214314385498,0.5378636791034032,-0.16529587007640292,-0.5657598480686467,-0.62719688125806,-0.37803022670546477,0.31897076251238493,1.1547620617569105,241000,3TVXtAsR1Inumwj472S9r4,99,43763483,https://i.scdn.co/image/012ecd119617ac24ab56620ace4b81735b172686,False,False,False,False,False,False,False,False,False,False,False,True,False,True,False
global,1180.0,66FltlEV09mPJYAyfYm8De,2780522,Bang Bang,YNW Melly,https://open.spotify.com/track/66FltlEV09mPJYAyfYm8De,-0.39568513365449887,-0.14140936389510514,-0.5942290944370022,-0.16957677944084176,-0.6856543662136183,-0.41577527038270484,2.3439506911890344,-0.2074932523435917,1.8727039242564374,260333,1cNDP5yjU5vjeR8qMf4grg,90,2433412,https://i.scdn.co/image/030819be90d9cd2438d122215868eb46ed880ebf,True,False,False,False,False,False,False,False,False,False,True,False,False,True,False
global,1181.0,4Wjhj0WjkyECccfHVIgaTq,2775721,Trust Issues,Drake,https://open.spotify.com/track/4Wjhj0WjkyECccfHVIgaTq,2.0293780871522293,-1.711680695529306,-0.4955338270001462,-0.16957677944084176,-0.465725158082658,0.3679613995743188,1.2642871861873468,0.16012386147825397,-1.073074124378229,281519,3TVXtAsR1Inumwj472S9r4,99,43763483,https://i.scdn.co/image/012ecd119617ac24ab56620ace4b81735b172686,False,False,False,False,False,False,False,False,False,False,False,True,True,False,False
global,1182.0,3iwZ8hg0q1kTBB5kjg0nO4,2747265,Merry Xmas Everybody,Slade,https://open.spotify.com/track/3iwZ8hg0q1kTBB5kjg0nO4,-0.9254621871886813,-2.070980068021877,-0.007863093782740953,-0.1610731252413722,-0.112661546367404,-1.06552754639487,-0.7028070534132895,0.10566206683798049,0.19919865983542384,205467,10n5lhNDoSMUHWLlnST1yw,67,141501,https://i.scdn.co/image/bfb524af354a6542bd2c5f56070806186636b8dc,True,False,False,False,False,False,False,True,False,False,False,False,False,True,False
global,1183.0,2NSWi83peog6gHerzlMCqU,2745862,Love Me More,Trippie Redd,https://open.spotify.com/track/2NSWi83peog6gHerzlMCqU,-0.14656146410131973,-0.2678295134758248,-0.4955338270001462,-0.16957677944084176,0.49048879031282155,0.22497267807940244,-0.6984181773766973,-1.092497415248035,-1.2617132755204956,143713,6Xgp2XMz1fhVYe7i6yNAax,92,3998147,https://i.scdn.co/image/955a9b53451b9c97a6571202eccfe0b2b94a9e50,True,False,False,False,False,False,False,False,False,False,True,False,False,True,False
global,1184.0,6l26j7uCiDstBiYTuiaInV,2738617,In The Dark,YG,https://open.spotify.com/track/6l26j7uCiDstBiYTuiaInV,-0.9854075701749151,1.7615465718988832,-2.1094917297910833,-0.0369616523902908,-0.5172136014577993,-0.5724505697537093,0.2636234498443188,-1.9253090249555491,-0.6556986112228765,191813,0A0FS04o6zMoto8OKPsDwY,86,2020926,https://i.scdn.co/image/d1e573d166fe6f42bba50cb9754ed38c9ecf8105,True,False,False,False,False,False,False,False,False,False,False,False,False,True,False
global,1185.0,6IAgarq2wDeYzpsY2Kx0Hw,2735112,Almeda,Solange,https://open.spotify.com/track/6IAgarq2wDeYzpsY2Kx0Hw,-0.9145630266457297,0.9897182902481745,-0.4142553714639119,-0.16939995927144103,0.012381816115081703,0.42558909589468824,-0.8599288155232913,-1.927124418110225,-0.39487146193817646,236120,2auiVi8sUZo17dLy1HwrTU,71,949175,https://i.scdn.co/image/fd28a30af0dbb314121e507b2f3a30bd6e28daf5,True,True,False,False,False,False,False,False,False,False,False,False,False,True,False
global,1186.0,1JIgaRnqtzS7DuGM3hVZU9,2706444,Keanu Reeves,Logic,https://open.spotify.com/track/1JIgaRnqtzS7DuGM3hVZU9,-0.7861086345323718,0.2245437006806615,1.5480387693394575,-0.16957677944084176,-0.3039043360464999,0.007428124470007898,0.9658436156990751,1.4127451382045426,1.5616576220710263,225933,4xRYI6VqpkE3UwrDrAZL8L,87,4329265,https://i.scdn.co/image/efa0b73c2cdaf40b1767b4b1e1254b1cfc5b51db,True,False,True,False,False,False,False,False,False,False,False,False,False,True,False
global,1187.0,4FPrAERfkPKOBKrRoyuxLu,2705556,Cold December Night,Michael Bublé,https://open.spotify.com/track/4FPrAERfkPKOBKrRoyuxLu,-0.974819814218905,-1.0729262555425123,0.4507796196002949,-0.16957677944084176,-0.6231326849723755,-0.1027848447426986,-0.9240064056575378,-0.33457077317089645,-1.2457004283220836,198267,1GxkXlMwML1oSg5eLPiAz3,92,3547268,https://i.scdn.co/image/6bf4c3c955399c4c45cd0677a860a42f39b6a508,True,False,False,True,False,False,False,False,False,False,False,False,False,True,False
global,1188.0,4XW5PGlQ3S4B8Bti7meocj,2700354,Fear Inoculum,TOOL,https://open.spotify.com/track/4XW5PGlQ3S4B8Bti7meocj,-0.9991911157044121,-2.3903572880152737,-0.23428164849082228,5.693407784899306,-0.7952511956835618,-1.3126062943684538,-0.7756623956207206,-1.5145763237101537,-1.1035375897800859,621027,2yEwvVSSSUkcLeSTNyHKh8,78,1126207,https://i.scdn.co/image/c23701238e46876969ea3b694e9b42b8db133b91,True,False,False,False,False,False,False,True,False,False,False,False,False,True,False
global,1189.0,1a7WZZZH7LzyvorhpOJFTe,2690495,Wasted (feat. Lil Uzi Vert),Juice WRLD,https://open.spotify.com/track/1a7WZZZH7LzyvorhpOJFTe,-0.8546176436594961,0.42415446317653466,-0.26330966832519165,-0.16957677944084176,-0.5819419302722625,0.5235561796393163,0.6322890369180659,0.06481572085777539,0.7435703717066361,258475,4MCBfE4596Uoi2O4DtmEMz,98,7403812,https://i.scdn.co/image/d8e62447a338a882b490460da20e90aac6d60ae7,True,False,False,False,False,False,False,False,False,False,False,False,False,True,False
global,1190.0,0Zl4G9qcdXV5hVhdOirNHG,2686793,Goddamn (feat. A Boogie wit da Hoodie),Tyga,https://open.spotify.com/track/0Zl4G9qcdXV5hVhdOirNHG,-0.7432905038279192,1.8147761085644494,-0.2981432921264349,-0.16957677944084176,-0.4068812227967824,0.1713068858810584,0.8517328387476772,-0.3073398758507597,-0.556399430730286,211040,5LHRHt1k9lMyONurDHEdrp,92,5328383,https://i.scdn.co/image/67c4bd718cbf584ba2d297ccbb1e6e62a9772d0a,False,False,False,False,False,False,False,False,False,False,False,False,False,True,False
global,1191.0,1rX5L6pyl3rVWb55D8Cprr,2670317,Gold Roses (feat. Drake),Rick Ross,https://open.spotify.com/track/1rX5L6pyl3rVWb55D8Cprr,-0.964348834982998,-1.172731636790449,0.05019294588599785,-0.16957677944084176,1.5791015931015215,0.24406185248552478,2.5370612367990923,0.29173986519224815,-1.2667579733167431,349600,1sBkRIssrMs1AbVkOJbc7a,86,3714784,https://i.scdn.co/image/d385491147314cbbe2826da3a379902891f97213,True,True,False,False,False,False,False,False,False,False,False,False,False,True,False
global,1192.0,0iV9yfj1knFNOSEiuTHZwl,2664113,Have Yourself a Merry Little Christmas,Christina Aguilera,https://open.spotify.com/track/0iV9yfj1knFNOSEiuTHZwl,2.3874933621349244,-2.8893841942549563,-2.034018878221723,-0.16943951115143857,-0.622397135781302,-1.4246201290911717,-0.7897067989378156,-1.4691914948432592,-1.7449302315262283,243133,1l7ZsJRRS8wlW3WfJfPfNS,84,4811827,https://i.scdn.co/image/e3ea6d2340bba0d93450a813a0843fd9cf998e39,True,False,False,False,False,False,False,False,True,False,False,False,False,True,False
global,1193.0,1CAksvEO6oRHd9bBKWAfuY,2652921,One Last Time,Ariana Grande,https://open.spotify.com/track/1CAksvEO6oRHd9bBKWAfuY,-0.6319633639963422,-0.3144053580581952,-0.1413919850208402,-0.16954560325307902,-0.5473711182918105,0.5394037961274177,-0.8599288155232913,-1.746038950931316,0.09329255255161853,197253,66CXWjxzNUsdJxJ2JdwvnR,97,40958727,https://i.scdn.co/image/b1dfbe843b0b9f54ab2e588f33e7637d2dab065a,True,False,False,False,False,False,False,False,True,False,False,False,False,True,False
global,1194.0,7hpJ9tATWb2vztlq99hERP,2651740,Maniac,Conan Gray,https://open.spotify.com/track/7hpJ9tATWb2vztlq99hERP,-0.9981751582395155,-0.3676348947237614,0.13147140142223215,-0.16957677944084176,1.3216593762258153,0.37444451541036056,-0.7897067989378156,0.15558537859156452,-0.46087563697553274,185787,4Uc8Dsxct0oMqx0P6i60ea,80,726329,https://i.scdn.co/image/f63d75acabbf98a37ec5e447d6b4553878b8565f,True,False,False,False,False,False,False,False,True,False,False,False,False,True,False
global,1195.0,3B7FO3kJ5kv3mX7yiaB7sT,2626908,O Holy Night,Mariah Carey,https://open.spotify.com/track/3B7FO3kJ5kv3mX7yiaB7sT,0.42564446440363857,0.11143093526633341,-0.6929243618738581,-0.16950163086884645,-0.14943900592107634,-0.2630618751337261,-0.8888953973647999,-1.3421139740159547,1.6897603996583213,266933,4iHNK0tOyZPYnBU7nGAgpQ,89,5197826,https://i.scdn.co/image/f20958ba510269df7c67951f0e6ae228ee1ce992,True,False,False,False,True,False,False,False,False,False,False,False,True,False,False
global,1196.0,030mot3ZKR3oskfMsqDB2R,2618086,Have Yourself A Merry Little Christmas,Judy Garland,https://open.spotify.com/track/030mot3ZKR3oskfMsqDB2R,2.772856538474998,-3.4749090975761834,-2.556523235240372,-0.11629807050298882,0.6302431366167763,-3.004699527575301,-0.7958512253890447,-1.727885019384558,1.9117596491306121,162333,0hItVPjwJLVZrFqOyIsxPf,68,122715,https://i.scdn.co/image/eb176061d33ff8d04daee54b00a6f4206d1c0ef5,True,False,False,False,False,False,True,False,False,False,False,False,True,False,False
global,1197.0,25leEEaz1gIpp7o21Fqyjo,2616174,Here Comes Santa Claus (Right Down Santa Claus Lane),Gene Autry,https://open.spotify.com/track/25leEEaz1gIpp7o21Fqyjo,2.107229233887598,1.0362941348305448,-1.4650696894680835,-0.16957677944084176,0.7405755152777933,-1.9854096489087667,-0.8265733576451904,2.216056609148575,-0.8305706193469962,150267,5ixB75BQR3ADoWQkcHQJTs,69,27188,https://i.scdn.co/image/66a7fe2b2fd9388cf860f88e8636910f161be6cd,True,True,False,False,False,False,False,False,False,False,False,False,False,True,False
global,1198.0,1I3ZAmPmbFV78oNKnibOiW,2596568,Jumpin on a Jet,Future,https://open.spotify.com/track/1I3ZAmPmbFV78oNKnibOiW,-0.7806590542608961,0.9697572139985872,-0.17042000485520958,-0.16953373768907973,-0.6378436687938444,0.04740733879226409,-0.3420414432054085,-1.5009608750500854,0.5823027744136872,137134,1RyvyyTE3xzB2ZywiAwp0i,91,8253537,https://i.scdn.co/image/287c505d7b76d3971a8c5b2fbb3935f9b2dbc3ce,True,False,False,False,False,False,False,False,False,False,False,True,False,True,False
global,1199.0,65irrLqfCMRiO3p87P4C0D,2595822,Frosty The Snowman,Ella Fitzgerald,https://open.spotify.com/track/65irrLqfCMRiO3p87P4C0D,1.8503204496608816,-0.6603973463843753,-0.7103411737744798,-0.16957677944084176,0.7847084667422002,-0.39344453805856194,-0.6905182005108313,1.580669005012052,-1.475380637019629,131733,5V0MlUE1Bft0mbLlND7FJz,80,1494046,https://i.scdn.co/image/3c1d23141059785c8a863137d176319329dc17ef,True,False,False,False,False,False,False,False,True,False,False,False,False,True,False
global,1200.0,42zePe03Iq8tvFcJAIKkp8,2588095,D.R.E.A.M. (feat. Ghostface Killah),Miley Cyrus,https://open.spotify.com/track/42zePe03Iq8tvFcJAIKkp8,-0.2828009708882146,0.06485509068396302,0.07341536175349336,-0.1693476111949737,-0.5885618729919235,0.4864583501330786,1.1326209050895797,-0.17572387213676552,1.2328084186304713,168347,5YGY8feqx7naU7z4HrwZM6,87,10744522,https://i.scdn.co/image/b5079187578650ea27fba00480ddf80182777fda,True,False,False,False,False,False,False,False,False,False,False,False,False,True,False
global,1201.0,04vLj9QUXoKdRlsp3gkURo,2581707,Mele Kalikimaka (Merry Christmas),Bing Crosby,https://open.spotify.com/track/04vLj9QUXoKdRlsp3gkURo,1.511667961362029,-1.1860390209568406,-2.324299076565417,-0.16957677944084176,0.8067749424744032,-2.1442459868917845,-0.3200970630224474,0.6003567014871306,2.614567418241395,175333,6ZjFtWeHP9XN7FeKSUe80S,85,279435,https://i.scdn.co/image/ae161dc2c147cbebc97ff1a1cdc3e43fee7ba7dc,True,False,False,True,False,False,False,False,False,False,False,False,False,True,False
global,1202.0,3bidbhpOYeV4knp8AIu8Xn,2574870,Can't Hold Us - feat. Ray Dalton,Macklemore & Ryan Lewis,https://open.spotify.com/track/3bidbhpOYeV4knp8AIu8Xn,-0.8896506596904118,0.11143093526633341,1.728012492312548,-0.16957677944084176,-0.6481413574688726,0.7277743284746254,-0.4508855689128957,1.630592316765636,0.7788507098429744,258343,5BcAKTbp20cv7tC5VqPFoC,79,2439551,https://i.scdn.co/image/aa77c545af000003e22621637813e2e7c65c4203,True,False,True,False,False,False,False,False,False,False,False,False,False,True,False
global,1203.0,1vYh9x8UmFTLbXiizk9Qc5,2566864,I Believe,Jonas Brothers,https://open.spotify.com/track/1vYh9x8UmFTLbXiizk9Qc5,-0.669331914429319,0.11143093526633341,0.8687831052152143,-0.16944416431379122,-0.4730806499933925,0.09242897654255268,-0.0874866330830594,-0.6250336779190213,-0.752752087535202,217533,7gOdHgIoIKoe4i9Tta6qdD,87,3492262,https://i.scdn.co/image/a6607686d8bb0913324c84360ee921e94c5aadf3,True,False,False,False,False,False,False,False,False,True,False,False,False,True,False
global,1204.0,1T7aSWZQIorPMzRT8jTMXc,2556569,Bebi Liguei - Ao Vivo,Marília Mendonça,https://open.spotify.com/track/1T7aSWZQIorPMzRT8jTMXc,0.4061816777197964,-0.5007087363876768,1.0429512242214307,-0.16957677944084176,4.18294572950152,0.8012496412830963,0.5971780286253281,0.8817426404618769,1.0328756537120893,159780,1yR65psqiazQpeM79CcGh8,90,12972222,https://i.scdn.co/image/1f399aa92438efbbaad112193271dd52603ab913,True,False,False,False,False,False,False,False,False,False,False,False,False,True,False
global,1205.0,7n7VsX3sv66znBwA8b5uhp,2549507,Here Comes Santa Claus (Right Down Santa Claus Lane),Elvis Presley,https://open.spotify.com/track/7n7VsX3sv66znBwA8b5uhp,2.7650714238014613,-0.7003194988835499,-2.2604374329298045,0.060754757015378344,-0.5098581095470648,-3.783393774104292,-0.766884643547536,1.571592039238673,-1.3854873769342357,115827,43ZHCT0cAZBISjO8DG9PnE,85,3765036,https://i.scdn.co/image/5629fbf1c4e0bc4155eca3e08a2b98065eedd305,True,False,True,False,False,False,False,False,False,False,False,False,False,True,False
global,1206.0,6ZEYvUSgON3J5Qe1RYi3Jo,2510356,Peace Of Mind (feat. Vargas & Lagola),Avicii,https://open.spotify.com/track/6ZEYvUSgON3J5Qe1RYi3Jo,-0.5747427711458464,-1.4455330122014751,-0.002057489815867073,-0.1694956980868468,2.0572085672992615,-0.5605648573876333,-0.8792398700842972,-0.9518044457606617,-0.3952620191869182,180000,1vCWHaC5f2uS3yhpwWbIA6,89,16559762,https://i.scdn.co/image/81b19a403109c4fe528ee3972137127b85be9519,False,False,False,False,True,False,False,False,False,False,False,False,False,True,False
global,1207.0,66WPXyhXqMlkM1kZhyEXWK,2493482,Christmas (Baby Please Come Home),Michael Bublé,https://open.spotify.com/track/66WPXyhXqMlkM1kZhyEXWK,-0.9992572891791371,-1.2193074813728193,0.979089580585818,-0.16948034265108308,-0.7003653500350873,0.2815198550937649,-0.8774843196696602,0.8363578115949823,0.1253182469484425,187920,1GxkXlMwML1oSg5eLPiAz3,92,3547268,https://i.scdn.co/image/6bf4c3c955399c4c45cd0677a860a42f39b6a508,True,False,False,False,False,False,True,False,False,False,False,False,False,True,False
global,1208.0,7lR4UmEDJ1ngczVX2NiNi4,2482366,Te Soñé de Nuevo,Ozuna,https://open.spotify.com/track/7lR4UmEDJ1ngczVX2NiNi4,-0.7522433857024865,1.1094847477456984,0.18952744109097097,-0.16957677944084176,-0.7408205555441268,1.087947430476934,-0.3973412812664706,1.2039749254168277,-1.2419901344590372,198404,1i8SpTcr7yvPOmcqrbnVXY,98,21123358,https://i.scdn.co/image/f9ede0c1b199df8dfc4a29b784342e9af2e15a2c,False,False,False,False,False,True,False,False,False,False,False,False,False,True,False
global,1209.0,2QEnZJ8FwpBoyLKcFcgceT,2471438,Government Official,Future,https://open.spotify.com/track/2QEnZJ8FwpBoyLKcFcgceT,-0.8608457353983255,0.8167222960850852,0.8687831052152143,-0.16954153173602043,-0.44365868235045464,0.4871786963370831,0.23729019362476542,-0.7566496816330154,0.7433750930822652,150760,1RyvyyTE3xzB2ZywiAwp0i,91,8253537,https://i.scdn.co/image/287c505d7b76d3971a8c5b2fbb3935f9b2dbc3ce,True,True,False,False,False,False,False,False,False,False,False,False,False,True,False
global,1210.0,5a0nHa7F4S9hb0Zi0zLS8w,2441117,SUGA's Interlude,Halsey,https://open.spotify.com/track/5a0nHa7F4S9hb0Zi0zLS8w,-0.6666071242935812,-0.8533544167970519,0.6249477386065113,-0.16957677944084176,-0.9695763539679684,-0.14492509767696873,-0.21915291418082622,-1.0970358981347244,1.0313459711545176,138205,26VFTg2z8YR0cCuwLzESi2,92,9063023,https://i.scdn.co/image/1ccc88afcd13131dc35a1bd028922dbc748a55fb,True,False,False,False,False,False,False,False,False,False,False,False,False,True,False
global,1211.0,0Ie5uiv54KgCr7P4sYDTHl,2401399,Baby It's Cold Outside (duet with Michael Bublé),Idina Menzel,https://open.spotify.com/track/0Ie5uiv54KgCr7P4sYDTHl,1.5155605186987973,-0.8333933405474646,-0.8612868769132006,-0.16957677944084176,0.7847084667422002,-0.8613093975595608,-0.5711407723155227,0.31897076251238493,-0.28466922491821217,166147,73Np75Wv2tju61Eo9Zw4IR,84,239956,https://i.scdn.co/image/75d36765aad4334c14b73152bac6467ff51e9986,True,False,False,False,False,False,False,False,False,False,False,False,True,False,False
global,1212.0,2P0NiuAfypaw5UZJoo0n0o,2394571,It Might Be Time,Tame Impala,https://open.spotify.com/track/2P0NiuAfypaw5UZJoo0n0o,-0.9235159085202972,-0.6204751938852007,1.0139232043870612,-0.16714550211158166,3.3591306354992603,0.9554037289400844,-0.7379180617060275,-0.6477260923524687,-0.2009597879378965,273013,5INjqkS1o8h1imAzPqGZBb,84,3187891,https://i.scdn.co/image/a7cb9fc6df8b68fdb071156add87284c3c941a04,True,False,True,False,False,False,False,False,False,False,False,False,False,True,False
global,1213.0,0OTBOHjEaoqroFlfut1ZsH,2385931,"Royalty (feat. Ky-Mani Marley, Stefflon Don & Vybz Kartel)",XXXTENTACION,https://open.spotify.com/track/0OTBOHjEaoqroFlfut1ZsH,-0.9083349349069003,1.6018579619021853,-0.50133943096702,0.31318881464669024,-0.5789997335079686,0.11800126678471651,0.9746213677722595,0.49597159509327315,0.09127467343311955,203570,15UsOTVnJzReFVN1VCnxy4,95,17294420,https://i.scdn.co/image/942afa81f0a2298ead0c154fb7b4b606de48d9e6,True,True,False,False,False,False,False,False,False,False,False,False,False,True,False
global,1214.0,6eR1N0EBHiDkGDzegX99d3,2385638,Sorry - Original Demo,Beyoncé,https://open.spotify.com/track/6eR1N0EBHiDkGDzegX99d3,2.663864933045482,-0.879969185129835,-2.1152973337579573,-0.1695175679499043,-0.3406817956001722,-2.195390567376113,-0.043597872717137096,-0.30280139296407027,1.0703040567165065,204400,6vWDO969PvNqNYHIOW5v0m,90,21495344,https://i.scdn.co/image/9fef2047e4e3f05031807d5fa9e121b7862ba259,True,True,False,False,False,False,False,False,False,False,False,False,False,True,False
global,1215.0,1tC5WMSlsGDFfqnrquB1ty,2384125,"SPIRIT - From Disney's ""The Lion King""",Beyoncé,https://open.spotify.com/track/1tC5WMSlsGDFfqnrquB1ty,-0.964465611703101,-1.5320310092830203,-1.0993166395550293,-0.16957677944084176,-0.5731153399793811,-0.5850566283237902,-0.798484551011,-2.002009385740601,-1.344120855005005,277030,6vWDO969PvNqNYHIOW5v0m,90,21495344,https://i.scdn.co/image/9fef2047e4e3f05031807d5fa9e121b7862ba259,True,False,False,False,False,False,False,False,False,False,True,False,False,True,False
global,1216.0,2093eVNfimjmNjU1gk1ES7,2377060,Unsainted,Slipknot,https://open.spotify.com/track/2093eVNfimjmNjU1gk1ES7,-1.0021572443950297,-1.6717585430301314,1.8557357795837726,0.015386424077031953,-0.8224665157532793,1.2939664448222548,-0.6448738897302723,-1.0879589323613454,-0.6857389729385963,260276,05fG473iIaoy82BF1aGhL8,83,5347669,https://i.scdn.co/image/a7958184e76eaec48937485e75d9f7e6d26d097f,True,False,False,False,False,False,False,True,False,False,False,False,False,True,False
global,1217.0,1qyFlfPREPbRcS2BNszdYI,2341585,Dreams Money Can Buy,Drake,https://open.spotify.com/track/1qyFlfPREPbRcS2BNszdYI,1.9748822844374714,-1.6983733113629145,-0.21686483659020062,-0.16957677944084176,-0.44365868235045464,-0.05668268768640304,3.5026139648493824,-0.7158033356528102,1.8936638299389106,253803,3TVXtAsR1Inumwj472S9r4,99,43763483,https://i.scdn.co/image/012ecd119617ac24ab56620ace4b81735b172686,True,False,False,False,False,False,True,False,False,False,False,False,False,True,False
global,1218.0,1DnSNqCQM3LUxqFuXt184Q,2306752,Have Yourself a Merry Little Christmas,Michael Bublé,https://open.spotify.com/track/1DnSNqCQM3LUxqFuXt184Q,1.340395438544218,-2.6831197396758877,-2.022407670287975,-0.15014982661852422,-0.3921702389753135,-1.7711066532173927,-0.8590510403159729,-1.3284985253558863,-1.7374445509253449,230307,1GxkXlMwML1oSg5eLPiAz3,92,3547268,https://i.scdn.co/image/6bf4c3c955399c4c45cd0677a860a42f39b6a508,True,False,False,False,False,False,False,False,False,True,False,False,True,False,False
global,1219.0,6ERZ30cRjVWGtVLhczX9aL,2303431,The greatest,Lana Del Rey,https://open.spotify.com/track/6ERZ30cRjVWGtVLhczX9aL,2.663864933045482,-1.7582565401116763,-2.289465452764174,0.024692748782333757,-0.009684659617121692,-2.1255169855876646,-0.784440147693905,-1.3421139740159547,-1.4207677150705742,300361,00FQb4jTyendYWaN8pK0wa,89,9718093,https://i.scdn.co/image/6e8dc460cfb6b89d7970302259febd0aa73b38c6,False,False,True,False,False,False,False,False,False,False,False,False,True,False,False
global,1220.0,42w7pX3r1TpLR0i55Ek5ND,2300654,Bluffin',Khalid,https://open.spotify.com/track/42w7pX3r1TpLR0i55Ek5ND,0.375041219025649,-0.9930819505441632,-1.8017947195467683,-0.16450483247645226,-0.5319245852792682,-1.385001087870918,-0.7361625112913904,-0.9064196168937674,0.24463348643904725,199240,6LuN9FCkKOj5PcnpouEgny,96,10092177,https://i.scdn.co/image/e52c824585bfeef4d674b509437120805300f557,True,False,False,False,False,False,False,False,False,False,False,False,True,False,False
global,1221.0,3uhTOxvu2h2YEm0uPNF2vi,2295384,Doch in der Nacht,Apache 207,https://open.spotify.com/track/3uhTOxvu2h2YEm0uPNF2vi,-0.5319246404413938,1.4820915044046614,1.2055081352938986,2.7270167850843503,0.28453501681225674,-0.1542895983290287,-0.4912632284495443,0.9997431955158023,0.28792024817459183,191760,1qQLhymHXFPtP5U8KNKsm6,86,459884,https://i.scdn.co/image/fc9cc19386528672abb07589b53b7b92db397042,False,False,False,False,False,False,False,False,False,True,False,False,False,True,False
global,1222.0,3S2R0EVwBSAVMd5UMgKTL0,2286778,Thriller,Michael Jackson,https://open.spotify.com/track/3S2R0EVwBSAVMd5UMgKTL0,-0.6701104258966727,0.6304189177556035,1.3622594423994934,-0.16748285638214885,5.440734846237112,0.5635353939615725,-0.4851188019983151,1.4762838986181945,-0.12008189101095867,357267,3fMbdgg4jU18AjLCKBhRSm,86,13384291,https://i.scdn.co/image/51dad9aaabe5643818840207a9a8957c2ad91bf2,True,False,False,False,False,False,False,False,False,False,False,True,False,True,False
global,1223.0,7F9oCEKbqjN99cV5HpvYER,2277157,"White Christmas - Spotify Singles - Holiday, Recorded at Air Studios, London",George Ezra,https://open.spotify.com/track/7F9oCEKbqjN99cV5HpvYER,1.4766349453311132,-0.6138215018020049,-1.7669610957455248,-0.14607830955995466,-0.3406817956001722,-2.272827784306609,-0.8871398469501631,-0.23018566677703897,-0.20632995010809535,192459,2ysnwxxNtSgbb9t1m2Ur4j,81,2876840,https://i.scdn.co/image/f145882e808633707759012c6417264f657304be,True,False,False,False,False,False,False,False,False,False,False,False,False,True,False
global,1224.0,7GGhY0m7PZ408BYVXgXtjt,2265147,Raffaello,Shindy,https://open.spotify.com/track/7GGhY0m7PZ408BYVXgXtjt,-0.25944562686760403,-0.2212536688934544,-0.7800084213769664,-0.16941159217732266,-0.6054795043866128,-0.9798063481183207,-0.21915291418082622,-1.5145763237101537,-1.5547939442637853,237561,5j21TGkrNEAJe3gG9VlS34,76,608268,https://i.scdn.co/image/f5f8bbf2fb41a3f0cbcc90f2bedc9505e9032345,True,False,False,False,False,False,False,False,False,False,False,False,False,True,False
global,1225.0,64A5aseVdsvdNOjobGQclN,2264432,Letzte Träne,Kontra K,https://open.spotify.com/track/64A5aseVdsvdNOjobGQclN,0.6903383633038914,0.17796785609829113,1.7105956804119262,-0.1694162453396753,-0.04646211917079381,0.500865274213171,1.0009546239918128,0.5413564239601677,0.3866986856688599,175922,4lDiJcOJ2GLCK6p9q5BgfK,79,1378671,https://i.scdn.co/image/8a923975196c76afe391cf75aacf6ca587a6b576,False,False,False,False,False,False,False,False,True,False,False,False,False,True,False
global,1226.0,2xGjteMU3E1tkEPVFBO08U,2251843,This Is Me,Keala Settle,https://open.spotify.com/track/2xGjteMU3E1tkEPVFBO08U,-0.980230468917013,-2.623236510927126,0.46239082753404265,-0.16823899526445463,-0.9703119031590419,-0.287553646069883,0.4918450037471146,-1.7596543995913843,2.2637493695591164,234707,7HV2RI2qNug4EcQqLbCAKS,75,119237,https://i.scdn.co/image/3b90dbf7e56731dd0b0fdb8df17470719965526d,True,False,True,False,False,False,False,False,False,False,False,False,False,True,False
global,1227.0,4zxpssj8DyrfZcEUSUiNxG,2238799,Ring Ring (with Rvssian feat. Clever),Juice WRLD,https://open.spotify.com/track/4zxpssj8DyrfZcEUSUiNxG,-0.7039756747265581,-0.6470899622179838,0.28241710456095304,-0.16957677944084176,1.6600120041196007,0.7407405601467084,-0.6589182930473673,0.6048951843738201,1.2343381011880432,171817,4MCBfE4596Uoi2O4DtmEMz,98,7403812,https://i.scdn.co/image/d8e62447a338a882b490460da20e90aac6d60ae7,False,False,False,False,False,False,False,False,False,False,False,False,False,True,False
global,1228.0,4W9XGjEUVG9junR70FOLii,2237499,Lick,Offset,https://open.spotify.com/track/4W9XGjEUVG9junR70FOLii,-0.33340421626620415,1.8680056452300156,-0.4955338270001462,-0.16957677944084176,-0.4877916338148614,-0.04803853323834762,-0.2999082332541232,0.7682805682946405,-0.6231847202651257,204516,4DdkRBBYG6Yk9Ka8tdJ9BW,89,1389641,https://i.scdn.co/image/d718d632faa01221dd271f4e60a421596718fda0,False,False,False,False,True,False,False,False,False,False,False,False,False,True,False
global,1229.0,0Jh6iWjna1wk5le0Ahn7No,2231423,La vie qu'on mène,Ninho,https://open.spotify.com/track/0Jh6iWjna1wk5le0Ahn7No,1.6712628121695345,0.8100686040018894,0.7642822338114844,-0.1695528156547256,-0.465725158082658,0.7483041952887568,-0.8186733807793243,-0.1439544919299393,-0.29108087308505604,193444,6Te49r3A6f5BiIgBRxH7FH,84,2588183,https://i.scdn.co/image/3b11c1b82e510b866fa2e0935c9d9ab149d03407,False,False,False,False,False,False,False,True,False,False,False,False,True,False,False
global,1230.0,34mnEACakE122UwsaaoMSL,2222591,Press,Cardi B,https://open.spotify.com/track/34mnEACakE122UwsaaoMSL,-0.8900399154240888,1.3955935073231165,-0.5768122825363805,-0.16951070453543413,-0.27448236840356205,0.2926852212558364,1.5363975004560646,-1.1106513467947927,0.38520154954868346,143792,4kYSro6naA4h99UJvo89HB,92,10412486,https://i.scdn.co/image/85145039b32b56e911bd2ad39f28f96277aea9f3,True,True,False,False,False,False,False,False,False,False,False,False,False,True,False
global,1231.0,6fIjnWrv46njJHLDAY2JdC,2198363,Dedication (feat. Kendrick Lamar),Nipsey Hussle,https://open.spotify.com/track/6fIjnWrv46njJHLDAY2JdC,0.6747681339568177,-1.1061947159584913,0.636558946540259,-0.16957677944084176,0.38015641165180475,0.37084278439033724,2.703838526189597,-1.4510375632965014,-0.9162653890084155,245813,0EeQBlQJFiAfJeVN2vT9s0,79,1253075,https://i.scdn.co/image/2a53f9d4a36e958d54797aae6aee9645b547c9fd,False,False,False,False,False,False,False,False,True,False,False,False,False,True,False
global,1232.0,4QX5pZQpQTgVlkqfUTDim0,2192876,Silver Bells,Dean Martin,https://open.spotify.com/track/4QX5pZQpQTgVlkqfUTDim0,2.5003775249012086,-2.696427123842279,-2.121102937724831,-0.16957677944084176,0.9833067483320302,-2.6974718715673314,-0.8722176684257495,0.5277409753000993,-0.8156968974574147,142560,49e4v89VmlDcFCMyDv9wQ9,82,806529,https://i.scdn.co/image/492d4ece2bf7c87952be47359f038182fbf15d9d,True,False,False,False,False,False,False,False,True,False,False,False,True,False,False
global,1233.0,0NmyHZZMfVBiUSOfDmz9Bf,2150688,La ragazza con il cuore di latta,Irama,https://open.spotify.com/track/0NmyHZZMfVBiUSOfDmz9Bf,0.08309941876801737,-0.44082550763891487,0.36369556009718734,-0.16957677944084176,0.2551130491693189,-0.2216419684034605,0.4567339954543767,-0.8292654078200467,-0.7228093651316679,222101,5iot8OPcosJN9nCl7I5SdK,67,1039594,https://i.scdn.co/image/bc2ee54730efc42188565fc4272caf471a0df747,True,False,False,False,False,False,False,False,False,False,False,False,False,True,False
global,1234.0,2aG2nLUd8NNI7vFuOLBCe0,2133277,Autre monde,PNL,https://open.spotify.com/track/2aG2nLUd8NNI7vFuOLBCe0,2.2512538553480295,0.11143093526633341,-1.0006213721181734,-0.16933132512673943,-0.31125982795723434,-0.5004159493532475,-0.35696362172982204,-1.6734232247442846,0.41107596727782414,281670,3NH8t45zOTqzlZgBvZRjvB,80,2607096,https://i.scdn.co/image/5183e0a003fb8679a63fbdac311df70c79bc9851,True,False,False,False,False,False,False,False,True,False,False,False,True,False,False
global,1235.0,2drEUEg0TYQR6dDEHkpuPE,2132100,Patience,Tame Impala,https://open.spotify.com/track/2drEUEg0TYQR6dDEHkpuPE,-0.9942436753293794,-0.879969185129835,1.3622594423994934,-0.15856041757094072,-0.89307923809633,0.18427311755314138,-0.8722176684257495,0.7138187736543671,-0.7219631577593938,292267,5INjqkS1o8h1imAzPqGZBb,84,3187891,https://i.scdn.co/image/a7cb9fc6df8b68fdb071156add87284c3c941a04,True,True,False,False,False,False,False,False,False,False,False,False,False,True,False
global,1236.0,4NbHIhW0P5skMNvtOMPDUL,2119834,Mac 10,Trippie Redd,https://open.spotify.com/track/4NbHIhW0P5skMNvtOMPDUL,-0.2983712002352883,0.7235706069203444,-0.031085509650236473,-0.16957677944084176,1.0936391269930472,-0.3034012625579847,0.35140097057616343,1.5262072103717785,0.06321964439850386,127843,6Xgp2XMz1fhVYe7i6yNAax,92,3998147,https://i.scdn.co/image/955a9b53451b9c97a6571202eccfe0b2b94a9e50,True,False,False,False,False,False,False,False,False,True,False,False,False,True,False
global,1237.0,32h59T8q2SonUPJ006lyXt,2108906,This Christmas,Christina Aguilera,https://open.spotify.com/track/32h59T8q2SonUPJ006lyXt,-0.7355053891543823,-0.6870121147171584,0.6946149862089979,-0.16957677944084176,-0.7503826950280815,0.36435966855429575,-0.6115184318521714,0.9679738153089761,2.006241956888721,241507,1l7ZsJRRS8wlW3WfJfPfNS,84,4811827,https://i.scdn.co/image/e3ea6d2340bba0d93450a813a0843fd9cf998e39,True,True,False,False,False,False,False,False,False,False,False,False,False,True,False
global,1238.0,6VMAFT0zfide2Jg8MVZAPz,2096787,Capital Bra je m'appelle,Capital Bra,https://open.spotify.com/track/6VMAFT0zfide2Jg8MVZAPz,-0.3840074616441936,-0.34767381847417406,0.833949481413971,-0.1674130589468591,-0.6584390461439008,0.657180400482173,0.3162899622834256,1.2039749254168277,-1.3696047154854045,187000,4WZGDpNwrC0vNQyl9QzF7d,86,2984316,https://i.scdn.co/image/d03852fe340cb703676ef25a2e66368c788c4b95,False,False,False,False,False,False,False,False,False,False,True,False,False,True,False
global,1239.0,7rknFhrVDyxzTJkPSf7LoW,2087484,No Me Conoce - Remix,Jhay Cortez,https://open.spotify.com/track/7rknFhrVDyxzTJkPSf7LoW,-0.44239582169572,0.7701464515027148,0.9616727686851964,-0.16957677944084176,-0.6253393325455957,0.9445985358800153,-0.615029532681445,0.40520193735948407,-0.9817162746100545,307547,0EFisYRi20PTADoJrifHrz,84,508260,https://i.scdn.co/image/98ffe4a8339829e550701e4b18e5856cb7b50e7d,False,False,False,False,False,False,False,False,False,False,True,False,False,True,False
global,1240.0,2Ysi49tRdVH74d1Cnc4o94,2067349,Man With The Bag,Jessie J,https://open.spotify.com/track/2Ysi49tRdVH74d1Cnc4o94,1.3637507825648287,-0.34767381847417406,0.2998339164615747,-0.16957677944084176,2.344072751817905,1.1884357259355782,-0.49214100365686275,0.8908196062352558,0.6030674014717905,163560,2gsggkzM5R49q6jpPvazou,79,6987809,https://i.scdn.co/image/3e15d9e5fcce7712caa3ca96f4b473595184b846,True,False,False,False,False,False,False,True,False,False,False,False,False,True,False
global,1241.0,2qfEcCkEo5NscA9GL7ER72,2052503,Nobody,Martin Jensen,https://open.spotify.com/track/2qfEcCkEo5NscA9GL7ER72,0.044173845400333096,-0.03495029056397281,0.36369556009718734,-0.16957677944084176,0.04915927566875403,0.42594926899669067,-0.5939629277058024,0.16466234436494342,-0.8196350163822272,211040,4ehtJnVumNf6xzSCDk8aLB,75,726728,https://i.scdn.co/image/aa7eacb7370cb7d8dfbf054d3e9bfb3f8926d65d,False,False,False,False,False,False,True,False,False,False,False,False,False,True,False
global,1242.0,7ntUbTIwmwOD6ygCMRZT6e,2047261,"Writing on the Wall (feat. Post Malone, Cardi B & Rvssian)",French Montana,https://open.spotify.com/track/7ntUbTIwmwOD6ygCMRZT6e,0.118132434798933,0.6370726098387993,1.2287305511613942,-0.16929293653733005,-0.6760922267296635,1.4963837281475525,0.19340143325884313,0.028507857764259747,-0.3298111335852797,201271,6vXTefBL93Dj5IqAWq6OTv,87,3261832,https://i.scdn.co/image/14443f9c4ab806e91aee7feaad4f90b91f29f7b6,False,False,False,False,False,False,False,False,False,True,False,False,False,True,False
global,1243.0,5eDvChP4WAPPrtaQeI9MhT,2046306,Beer Never Broke My Heart,Luke Combs,https://open.spotify.com/track/5eDvChP4WAPPrtaQeI9MhT,-0.9492067869429688,-0.9198913376290097,1.385481858266989,-0.16957677944084176,-0.6415214147492116,0.7184098278225655,-0.7186070071450216,0.6911263592209198,-1.4693920925389223,186800,718COspgdWOnwOFpJHRZHS,87,2202099,https://i.scdn.co/image/c38b0f572e09b8203dfaa4be4d1920b98b9d7870,True,True,False,False,False,False,False,False,False,False,False,False,False,True,False
global,1244.0,4dFtIGQBrYjiskk7fN5Wmx,2044226,Glittery - From The Kacey Musgraves Christmas Show,Kacey Musgraves,https://open.spotify.com/track/4dFtIGQBrYjiskk7fN5Wmx,2.3991710341452297,-1.1261557922080785,-1.8424339473148854,-0.16957677944084176,3.874015069250672,-1.1303587047552854,-0.8713398932184311,-0.4344173966780642,-1.194244510800358,143467,70kkdajctXSbqSMJbQO424,81,682082,https://i.scdn.co/image/7d0e221f0918967038512a0bac1735dfec5f272d,False,True,False,False,False,False,False,False,False,False,False,False,False,True,False
global,1245.0,3e39X4Q74yJzsYUEeyf4ws,2018912,OFF THE RIP,DaBaby,https://open.spotify.com/track/3e39X4Q74yJzsYUEeyf4ws,-0.9624414818879814,0.8167222960850852,0.39852918389843,-0.16957677944084176,1.4834801982619734,0.8916530898856759,1.6943970377733848,0.5186640095267204,1.3648818615799738,115610,4r63FhuTkUYltbVAg5TQnk,95,1799463,https://i.scdn.co/image/f68192e6516d89a77a2b16904725a77b75b42056,True,False,False,False,False,False,False,False,False,False,False,False,False,True,False
global,1246.0,3uB8KqnEoQq5bTQ1JFHJ7Y,2016123,ROMEO & JULIET,Loredana,https://open.spotify.com/track/3uB8KqnEoQq5bTQ1JFHJ7Y,-0.33340421626620415,-0.22790736097665018,0.3230563323290702,-0.1691044834620477,-0.9622208620572339,0.9417171510639968,0.9658436156990751,0.8862811233485663,0.10797099581682963,198627,2Im8m4STDBosjfmb5hmP80,78,565240,https://i.scdn.co/image/fcde3e64e69b8dc2b12e6d5d464d5bea616cf7eb,False,False,False,False,False,True,False,False,False,False,False,False,False,False,True
global,1247.0,5R0cvR5BMFkLomChhmcCzr,2005310,Kick It,BLACKPINK,https://open.spotify.com/track/5R0cvR5BMFkLomChhmcCzr,-0.9433679509378161,0.5705356890068416,0.9442559567845747,-0.16957677944084176,-0.7408205555441268,1.0195145410964956,-0.7502069146084857,-0.4843407084316482,0.09117703412093411,191226,41MozSoPIsD1dJM0CLPjZF,83,10276873,https://i.scdn.co/image/254b0e0fc1d4cf39de56960ed983c1ff7e3dff00,False,True,False,False,False,False,False,False,False,False,False,False,False,True,False
global,1248.0,6YQlCOZnlFmqeciAh58fDE,2004358,Orphans,Coldplay,https://open.spotify.com/track/6YQlCOZnlFmqeciAh58fDE,-0.904053121836455,0.11143093526633341,1.0661736400889261,-0.15073147191260558,2.814824234104911,0.513831505885254,-0.7458180385718934,-0.9291120313272146,-0.4612661942242745,197533,4gzpq5DPGxSnKTe4SA8HAU,92,24034836,https://i.scdn.co/image/c942640d486338e4ae144a497f0cfd3f35ceb7af,False,False,False,False,False,False,False,False,False,False,False,True,False,True,False
global,1249.0,1xsP6AITcWNigBYBYVnVZw,2002817,Handsome,Chance the Rapper,https://open.spotify.com/track/1xsP6AITcWNigBYBYVnVZw,-0.9056101447711624,1.269173357742397,-0.10075275725272304,-0.16957677944084176,-0.615777193061641,0.10287399650061961,1.7821745585052295,0.1964317245717696,1.2323202220695437,173489,1anyVhU62p31KFi8MEzkbf,87,4587455,https://i.scdn.co/image/0433f521b1fadf1d839b6e70c3914021f122901f,False,False,False,False,False,False,True,False,False,False,False,False,False,True,False
global,1250.0,03sEzk1VyrUZSgyhoQR0LZ,1995505,Pneuma,TOOL,https://open.spotify.com/track/03sEzk1VyrUZSgyhoQR0LZ,-0.9947107822097916,-1.738295463862089,-0.553589866668885,8.613267161187752,-0.4730806499933925,-1.0302305823986435,-0.8643176915598835,-1.9588937983170511,-0.26139852218068266,713192,2yEwvVSSSUkcLeSTNyHKh8,78,1126207,https://i.scdn.co/image/c23701238e46876969ea3b694e9b42b8db133b91,False,False,False,False,False,False,False,False,False,True,False,False,False,False,False
global,1251.0,5n9NAd0Y5OUeOGU0nVtLua,1995383,Chang,PNL,https://open.spotify.com/track/5n9NAd0Y5OUeOGU0nVtLua,0.7098011499877336,0.444115539426122,-0.977398956250678,-0.16957677944084176,-0.752589342601302,-1.082095509086976,-0.3736413506688725,-1.6507308103108373,-0.9150611708247954,314367,3NH8t45zOTqzlZgBvZRjvB,80,2607096,https://i.scdn.co/image/5183e0a003fb8679a63fbdac311df70c79bc9851,True,False,False,False,False,False,False,False,True,False,False,False,False,True,False
global,1252.0,76FZM38RC8XaAjJ77CVTNe,1987432,Into You,Ariana Grande,https://open.spotify.com/track/76FZM38RC8XaAjJ77CVTNe,-0.9398646493347246,-0.3676348947237614,0.636558946540259,-0.16955467691966666,-0.21563843311768652,0.19003588718517833,-0.20159741003445728,-0.5251870544118533,-0.4652368595864823,244453,66CXWjxzNUsdJxJ2JdwvnR,97,40958727,https://i.scdn.co/image/b1dfbe843b0b9f54ab2e588f33e7637d2dab065a,True,False,False,False,False,False,False,False,False,True,False,False,False,True,False
global,1253.0,6DwnAl6l63e83dDgIzY8P4,1979435,Santa Baby,Michael Bublé,https://open.spotify.com/track/6DwnAl6l63e83dDgIzY8P4,2.2473612980112607,-0.2478684372262375,-3.065094142738523,-0.16923360871733376,-0.4730806499933925,-2.3477437895230895,-0.7905845741451342,-0.5932642977121951,-1.4930533525251934,231627,1GxkXlMwML1oSg5eLPiAz3,92,3547268,https://i.scdn.co/image/6bf4c3c955399c4c45cd0677a860a42f39b6a508,False,False,False,False,False,False,False,False,False,True,False,False,False,True,False
global,1254.0,7kh95COsNZjnTmc6aF76n7,1976895,Homerun (Intro),Paulo Londra,https://open.spotify.com/track/7kh95COsNZjnTmc6aF76n7,1.6011967801077027,0.9564498298321956,-2.092074917890462,-0.16957677944084176,-0.5672309464507936,-1.0417561216627174,-0.6202961839253558,0.8363578115949823,0.4221092095547786,149505,3vQ0GE3mI0dAaxIMYe5g7z,86,9006523,https://i.scdn.co/image/cff7f6bb72fd3d318a98557b3891cae1b438c695,True,False,False,False,False,True,False,False,False,False,False,False,False,True,False
global,1255.0,7po7c8LzxTZ0ybU41qT5gD,1975118,Show & Tell,Melanie Martinez,https://open.spotify.com/track/7po7c8LzxTZ0ybU41qT5gD,0.18041335218722784,-0.9531597980449885,0.7062261941427457,-0.16957677944084176,1.3584368357794876,0.30024885639788484,1.2730649382605312,0.7274342223144354,-0.39555493712347456,215973,63yrD80RY3RNEM2YDpUpO8,83,5683455,https://i.scdn.co/image/92a5ad8518a21a8667f8962cdca0524d34e4771c,False,False,False,False,True,False,False,False,False,False,False,False,False,True,False
global,1256.0,3eYnKe0LhQA1B5HEkQaRTP,1971180,The Christmas Song (Chestnuts Roasting On An Open Fire),Justin Bieber,https://open.spotify.com/track/3eYnKe0LhQA1B5HEkQaRTP,0.7487267233554178,-2.749656660507845,-1.0935110355881554,-0.16957677944084176,-0.5319245852792682,-1.1037058952071146,-0.7800512716573128,-1.4918839092767064,-1.7282339091425187,215160,1uNFoZAHBGtllmzznpCI3s,96,32365717,https://i.scdn.co/image/d745628f6659a715f0f69eed1508805849796e5e,False,False,False,False,False,False,False,False,False,True,False,False,False,True,False
global,1257.0,5a1ofLoPiAn5xxf5UE6472,1969789,!,Trippie Redd,https://open.spotify.com/track/5a1ofLoPiAn5xxf5UE6472,-0.8877043810220276,0.3110416977622065,-0.4723114111326507,-0.16957677944084176,0.019737308025816167,0.06001339736234494,-0.4026079325103813,0.9316659522154604,-0.0711645956060542,135339,6Xgp2XMz1fhVYe7i6yNAax,92,3998147,https://i.scdn.co/image/955a9b53451b9c97a6571202eccfe0b2b94a9e50,True,False,False,False,False,True,False,False,False,False,False,False,False,True,False
global,1258.0,1w2OwBeojIZI8hTI5WkMkV,1967738,MOWGLI II,PNL,https://open.spotify.com/track/1w2OwBeojIZI8hTI5WkMkV,1.9048162523756396,0.3376564660949896,-0.5303674508013895,-0.16952396604813916,-0.6584390461439008,-1.3061231785324119,2.7565050386287036,-0.2982629100773808,1.101743915240218,225953,3NH8t45zOTqzlZgBvZRjvB,80,2607096,https://i.scdn.co/image/5183e0a003fb8679a63fbdac311df70c79bc9851,False,False,False,False,False,False,False,False,False,True,False,False,False,True,False
global,1259.0,0jeS8PyyIRAG0A3t5DtL71,1960777,La Playa,Myke Towers,https://open.spotify.com/track/0jeS8PyyIRAG0A3t5DtL71,-0.5825278858193833,0.7834538356691063,0.3404731442296918,-0.16957677944084176,-0.4951471257255959,1.3411491211845572,0.1758459291124742,-0.611418229258953,0.5845484785939528,207731,7iK8PXO48WeuP03g8YR51W,91,888971,https://i.scdn.co/image/b46fe7d8ddb47ae233bfab6e7ce76b3558dd1336,True,False,False,False,False,False,False,False,False,False,True,False,False,True,False
global,1260.0,5h0Jgt873QtgL6nJRBGfT6,1957360,That's Life (feat. Mac Miller & Sia),88-Keys,https://open.spotify.com/track/5h0Jgt873QtgL6nJRBGfT6,-0.0687103173659513,-1.0196967188769461,0.8687831052152143,-0.1695643322315484,2.3587837356393737,0.7007613458244523,0.9746213677722595,0.17373931013832233,1.0429325028671894,202391,6RedK3o51NbUJuJxXlT4kj,58,13475,https://i.scdn.co/image/b9eb309e20bf896a4d3a9511a5bf8e3637b2661c,True,False,False,False,False,False,False,False,False,True,False,False,False,True,False
global,1261.0,0WoAkdHmgPmEXfiBox1flk,1955580,"GOSPEL (feat. Chance The Rapper, Gucci Mane & YK Osiris)",DaBaby,https://open.spotify.com/track/0WoAkdHmgPmEXfiBox1flk,-0.852282109257435,-0.014989214314385498,0.23016666885908812,-0.16957677944084176,-0.9327988944142961,0.7356981367186763,1.869952079237074,1.589745970785431,1.2927264098749345,214893,4r63FhuTkUYltbVAg5TQnk,95,1799463,https://i.scdn.co/image/f68192e6516d89a77a2b16904725a77b75b42056,True,False,False,False,False,False,False,False,True,False,False,False,False,True,False
global,1262.0,5rAtoPMDrOFN5wLdM6YmRx,1947650,Who Do You Love,The Chainsmokers,https://open.spotify.com/track/5rAtoPMDrOFN5wLdM6YmRx,-0.8561746665942034,-0.9997356426273589,0.8920055210827098,-0.16957677944084176,0.27717952490152226,0.10359434270462414,-0.7888290237304972,-0.02595393687601372,0.581977310039736,228215,69GGBxA162lTqCwzJG5jLp,91,15139114,https://i.scdn.co/image/960547a625bc2eb742bb3dd170cbc049d2e94cf9,True,False,False,True,False,False,False,False,False,False,False,False,False,True,False
global,1263.0,1Xm2e1vDwOMeJJioWuG1s7,1946984,Soldi in Nero - feat. Sfera Ebbasta,Shiva,https://open.spotify.com/track/1Xm2e1vDwOMeJJioWuG1s7,-0.42293303501187784,0.4640766156757093,0.21855546092534037,-0.16957677944084176,-0.03175113534932488,0.5927094152237596,1.3608424589923753,-0.6431876094657792,1.1642005286015034,183797,2K5nCggbhSZ00YCYP5qkZS,78,201241,https://i.scdn.co/image/bc4fa3aafdc73e85cd7ec4ce2ad093def8aa57aa,False,False,False,False,False,False,True,False,False,False,False,False,False,True,False
global,1264.0,4z8sz6E4YyFuEkv5o7IJni,1946687,"Mary, Did You Know?",Pentatonix,https://open.spotify.com/track/4z8sz6E4YyFuEkv5o7IJni,0.172628237513691,-1.2060000972064278,-1.8134059274805159,-0.16957677944084176,-0.5701731432150874,-0.9401873068980663,-0.904695351096532,-1.4101912173162965,-0.5569201737286085,203373,26AHtbjWKiwYzsoGoUZq53,85,2499652,https://i.scdn.co/image/f14f4142881d3bd59d1fc5ed88453ad37774c3db,False,False,False,False,False,False,False,False,False,False,False,True,False,True,False
global,1265.0,5gpImN0eqlucE3a3r121SF,1940087,Rockin' Around The Christmas Tree,Mel & Kim,https://open.spotify.com/track/5gpImN0eqlucE3a3r121SF,1.5272381907091026,0.11143093526633341,-0.20525362865645286,-0.16957677944084176,0.2551130491693189,-1.5550027920160077,-0.19281965796127282,0.7682805682946405,0.7160360856703425,223951,5XnIjshjqYVE2eDVgSt9Ro,63,109,https://i.scdn.co/image/d25e4038ed049c9029f2b65f374e7ece27845073,True,False,False,False,False,False,False,False,False,False,True,False,False,True,False
global,1266.0,70sKIAQgaVN2zWEEyOpyMZ,1921011,All Night (BTS World Original Soundtrack) [Pt. 3],BTS,https://open.spotify.com/track/70sKIAQgaVN2zWEEyOpyMZ,-0.25166051219406715,0.3110416977622065,0.4740020354677904,-0.16957677944084176,-0.480436141904127,0.616480839955912,-0.07870888100987494,0.8136653971615351,-0.06852833417704728,216874,3Nrfpe0tUJi4K4DXYWgMUX,93,15652748,https://i.scdn.co/image/0c9057cb30520f9f883a220051260fc66a2f3ffa,True,False,False,False,False,True,False,False,False,False,False,False,False,True,False
global,1267.0,295SxdR1DqunCNwd0U767w,1919430,Blanka,PNL,https://open.spotify.com/track/295SxdR1DqunCNwd0U767w,-0.10763589073363547,0.7967612198354979,-0.35039372782829986,-0.16936389726320797,0.06387025949022296,0.17923069412510897,-0.7282625344255245,-0.4253404309046853,-0.46032234753981494,254218,3NH8t45zOTqzlZgBvZRjvB,80,2607096,https://i.scdn.co/image/5183e0a003fb8679a63fbdac311df70c79bc9851,True,False,True,False,False,False,False,False,False,False,False,False,False,True,False
global,1268.0,1sFWEpf1aPYN576LS1aa4Y,1917609,Silent Night,Mariah Carey,https://open.spotify.com/track/1sFWEpf1aPYN576LS1aa4Y,2.1578324792655876,-3.381757408411443,-1.5231257291368223,-0.16957677944084176,-0.4510141742611891,-1.8712347755740346,-0.8362288849256932,-1.1061128639081033,1.7803371349290122,219293,4iHNK0tOyZPYnBU7nGAgpQ,89,5197826,https://i.scdn.co/image/f20958ba510269df7c67951f0e6ae228ee1ce992,True,False,False,False,False,False,False,False,False,False,True,False,True,False,False
global,1269.0,3QIoEi8Enr9uHffwInGIsC,1904996,Please Come Home for Christmas - Eagles 2013 Remaster,Eagles,https://open.spotify.com/track/3QIoEi8Enr9uHffwInGIsC,1.328717766533913,-0.44082550763891487,-1.9469348187186153,-0.1386332497957132,-0.8695416639819799,-1.8334165998637921,-0.7712735195841284,-0.09856966306304477,1.9863886300776823,177440,0ECwFtbIWEVNwjlrfc6xoL,81,4306498,https://i.scdn.co/image/6b215464b769958ef1d7d9f163e3f49ebacf8842,True,False,False,False,False,False,False,False,False,True,False,False,True,False,False
global,1270.0,2zYzyRzz6pRmhPzyfMEC8s,1904551,Highway to Hell,AC/DC,https://open.spotify.com/track/2zYzyRzz6pRmhPzyfMEC8s,-0.7728739395873592,-0.7003194988835499,1.675762056610683,-0.14945185226562657,-0.1347280220996074,0.6067561662018496,0.017846391795154133,-0.2982629100773808,-0.20935676878584406,208400,711MCceyCBcFnzjGY4Q7Un,86,13960366,https://i.scdn.co/image/a16c5d95ede008ec905d6ca6d1b5abbf39ad4566,False,False,False,False,False,False,True,False,False,False,False,False,False,True,False
global,1271.0,5tmu5pAFHkUSl8Fo8ncyA4,1901185,CIVIL WAR,Russ,https://open.spotify.com/track/5tmu5pAFHkUSl8Fo8ncyA4,-0.5513874271252359,1.5619358094030107,-0.09494715328584916,-0.16957677944084176,-0.480436141904127,-0.10314501784470104,1.1326209050895797,0.03758482353763866,-0.6882125021806277,143880,1z7b1Pr1rSlvWRzsW3HOrS,86,3013841,https://i.scdn.co/image/f60958c2e6f4543f2036954388f179a813f7cc4f,True,False,False,False,False,False,False,True,False,False,False,False,False,True,False
global,1272.0,2TsD9kSbgYx5fSNRsoNURE,1896736,POP STAR (feat. Kevin Gates),DaBaby,https://open.spotify.com/track/2TsD9kSbgYx5fSNRsoNURE,-0.9087241906405772,0.9098739852498252,0.7875046496789799,-0.16957677944084176,0.21098009770491227,0.6647440356242215,1.7646190543588605,1.0950513361362808,-1.3217289060771447,183145,4r63FhuTkUYltbVAg5TQnk,95,1799463,https://i.scdn.co/image/f68192e6516d89a77a2b16904725a77b75b42056,True,False,False,False,False,False,True,False,False,False,False,False,False,True,False
global,1273.0,6B14wYcEpWhyDvxWRb9Df8,1896157,Silent Night,Michael Bublé,https://open.spotify.com/track/6B14wYcEpWhyDvxWRb9Df8,2.7300384077705453,-2.922652654670935,-2.9048594732528046,0.10612308995372469,-0.5245690933685337,-2.904571405218658,-0.8704621180111127,-1.7006541220644213,-1.33966199308187,227520,1GxkXlMwML1oSg5eLPiAz3,92,3547268,https://i.scdn.co/image/6bf4c3c955399c4c45cd0677a860a42f39b6a508,True,False,False,False,False,False,False,True,False,False,False,False,True,False,False
global,1274.0,3d3k8g4GTVx9EFIFlOZOEX,1895137,ZEIG DICH,Rammstein,https://open.spotify.com/track/3d3k8g4GTVx9EFIFlOZOEX,-0.998720116266663,0.11143093526633341,1.8441245716500247,0.11659270524718926,-0.8518884833962171,0.790444448223027,-0.7747846204134021,-0.5569564346186795,1.396842463102007,255845,6wWVKhxIU2cEi0K81v7HvP,83,3823990,https://i.scdn.co/image/cdf344b2f5124d1f2f1217c45f12096730c70560,False,False,False,False,False,False,False,False,False,False,False,False,False,True,False
global,1275.0,2Xo3rLHjXfdb4avN68aQyi,1881857,BEST ON EARTH (feat. BIA),Russ,https://open.spotify.com/track/2Xo3rLHjXfdb4avN68aQyi,-0.15823913611162502,-0.7335879592995288,0.8107270655464754,-0.16957677944084176,-0.5973884632848049,1.0850660456609158,1.097509896796842,0.623049115920578,1.882402762600191,160720,1z7b1Pr1rSlvWRzsW3HOrS,86,3013841,https://i.scdn.co/image/f60958c2e6f4543f2036954388f179a813f7cc4f,False,False,False,False,False,True,False,False,False,False,False,False,False,True,False
global,1276.0,2HD7DoEe9FdtvGdAdQIv5W,1864345,Oh Holy Night,Nina Nesbitt,https://open.spotify.com/track/2HD7DoEe9FdtvGdAdQIv5W,2.1150143485611346,-2.357088827599295,-2.4810503836710116,-0.16957677944084176,-0.43630319043972016,-1.3374582384066134,-0.8450066369988777,-0.6794954725592945,1.846862052964691,227887,7AzjETXRUKNRSJHMW9GIqd,75,223413,https://i.scdn.co/image/51fb6c703651876a5c5a63c65491b937fb040229,True,False,False,False,False,False,False,False,True,False,False,False,True,False,False
global,1277.0,6KsFSrVS3DwG4xNAPQvznC,1855221,Winter Wonderland,Hannah Kerr,https://open.spotify.com/track/6KsFSrVS3DwG4xNAPQvznC,2.0955515618772926,-0.014989214314385498,-1.2328455307931285,-0.16957677944084176,-0.2597713845820931,-0.5375137788594853,-0.8362288849256932,-0.08041573151628718,0.08928934075201589,157600,5FxshnB3eJ2YDn8xN8zDKq,64,23442,https://i.scdn.co/image/d74013a828252a30f5b01d64acec86b060aeabd6,True,False,False,False,False,False,False,False,True,False,False,False,False,True,False
global,1278.0,2X8sssaxS5GReg6945B6RW,1855033,Só Pra Castigar,Wesley Safadão,https://open.spotify.com/track/2X8sssaxS5GReg6945B6RW,-0.9246836757213277,0.018279246101593358,1.832513363716277,-0.16957677944084176,2.969289564230334,1.6955594535548288,-0.801995651840274,0.7274342223144354,0.060778661593867814,163851,1AL2GKpmRrKXkYIcASuRFa,82,7532491,https://i.scdn.co/image/e52391ae6e8c4ca6974057f2171baab3604411ef,True,False,False,False,False,False,False,False,False,False,False,False,False,True,False
global,1279.0,4AEzAEnbm9uRgbmTdeI63K,1853868,MIDDLE CHILD,PnB Rock,https://open.spotify.com/track/4AEzAEnbm9uRgbmTdeI63K,-0.46964372305309887,0.47738399984210084,-0.33297691592767825,-0.16957677944084176,-0.480436141904127,0.027957991284139318,3.072504113263344,-0.4071864993579275,0.9681733361705391,151574,21WS9wngs9AqFckK7yYJPM,84,2262594,https://i.scdn.co/image/a525eed860cd4ee699ec2525953071d68bff95a0,True,False,False,False,False,False,False,False,False,False,False,False,False,True,False
global,1280.0,6YHnhfw8yMCx4vZvsgem3D,1848720,Hasta la vista,PNL,https://open.spotify.com/track/6YHnhfw8yMCx4vZvsgem3D,0.5229583978228493,0.9830645981649787,0.7875046496789799,-0.16957677944084176,-0.31125982795723434,0.03444110712018112,-0.11381988930261266,1.4762838986181945,-0.7216702398228375,216285,3NH8t45zOTqzlZgBvZRjvB,80,2607096,https://i.scdn.co/image/5183e0a003fb8679a63fbdac311df70c79bc9851,False,False,False,False,False,False,False,False,False,False,False,True,False,True,False
global,1281.0,40KuvsFD0zpUFuCcmt5Xm0,1840704,Ex Bitch,XXXTENTACION,https://open.spotify.com/track/40KuvsFD0zpUFuCcmt5Xm0,0.9939578355718285,1.0429478269137407,-0.9425653324494346,-0.16957677944084176,-0.6385792179849179,0.09026793793053875,0.2197346894783965,0.9725122981956655,-1.4046246821225818,121672,15UsOTVnJzReFVN1VCnxy4,95,17294420,https://i.scdn.co/image/942afa81f0a2298ead0c154fb7b4b606de48d9e6,True,False,False,False,False,False,False,True,False,False,False,False,False,True,False
global,1282.0,7JJmb5XwzOO8jgpou264Ml,1828850,There's Nothing Holdin' Me Back,Shawn Mendes,https://open.spotify.com/track/7JJmb5XwzOO8jgpou264Ml,0.4762477097816281,1.2492122814928095,1.095201659923295,-0.16957677944084176,-0.7091919403279686,0.8696825306635352,-0.654529417010775,2.184287228941749,-0.004867502632141569,199440,7n2wHs1TKAczGzO7Dd2rGr,94,23152263,https://i.scdn.co/image/6bd59cfbd3e1e6394af710bddcd62999aae31c6f,False,False,False,False,False,False,False,False,False,False,False,True,False,True,False
global,1283.0,4rWC4tiO4NCwRHdh6vyu6b,1800425,Big,Juice WRLD,https://open.spotify.com/track/4rWC4tiO4NCwRHdh6vyu6b,-0.758471477441316,0.5971504573396247,0.09663777762098888,-0.16957677944084176,-0.6113638979152003,0.1010731309906081,-0.14015314552216607,-1.1651131414350662,0.7425614321473863,224063,4MCBfE4596Uoi2O4DtmEMz,98,7403812,https://i.scdn.co/image/d8e62447a338a882b490460da20e90aac6d60ae7,False,False,False,False,False,False,False,False,False,False,False,True,False,True,False
global,1284.0,1PfUKiMDKIlPEF9FfdJawc,1797371,hope is a dangerous thing for a woman like me to have - but I have it,Lana Del Rey,https://open.spotify.com/track/1PfUKiMDKIlPEF9FfdJawc,2.753393751791156,0.11143093526633341,-2.788747393915327,-0.1695553748940196,-0.09795056254593507,-1.3136868136744608,-0.5193520350837345,-0.9699583773074195,1.389454421813309,324302,00FQb4jTyendYWaN8pK0wa,89,9718093,https://i.scdn.co/image/6e8dc460cfb6b89d7970302259febd0aa73b38c6,True,False,False,False,False,False,False,True,False,False,False,False,True,False,False
global,1285.0,1AGPmw3QJBNfOK6XioDhZp,1782850,Never Stop,Future,https://open.spotify.com/track/1AGPmw3QJBNfOK6XioDhZp,-0.7452367824963034,-0.7136268830499415,-0.3968385595632903,-0.1678434764644793,-0.27448236840356205,0.22353198567139304,0.8166218304549394,-1.8676702922945931,1.0843641176712102,291334,1RyvyyTE3xzB2ZywiAwp0i,91,8253537,https://i.scdn.co/image/287c505d7b76d3971a8c5b2fbb3935f9b2dbc3ce,True,True,False,False,False,False,False,False,False,False,False,False,False,True,False
global,1286.0,7MqL7uh6zGd8x0B9srz3r0,1777656,Gib Gas,Ufo361,https://open.spotify.com/track/7MqL7uh6zGd8x0B9srz3r0,-0.7257739958124613,-0.02164290639758127,1.3216202146313762,1.912713373370441,3.623928344285701,0.7018418651304592,-0.2999082332541232,-0.9563429286473512,-1.534615153078795,173200,5pVRwX5ZQR7hfJ18w8ZYkl,83,1230672,https://i.scdn.co/image/ae285fbcf49b45b35adfff6dffd59b4cff6f7862,True,False,False,False,False,False,False,False,True,False,False,False,False,True,False
global,1287.0,3GX2hFAekmSduZzcS52OnR,1773772,iPHONE (with Nicki Minaj),DaBaby,https://open.spotify.com/track/3GX2hFAekmSduZzcS52OnR,-0.05703264535564602,0.3642712344277727,-0.29233768815956107,-0.16957677944084176,0.4169338712054771,0.024716433366118735,1.194065169601871,-0.8292654078200467,1.2315391075720603,191920,4r63FhuTkUYltbVAg5TQnk,95,1799463,https://i.scdn.co/image/f68192e6516d89a77a2b16904725a77b75b42056,False,True,False,False,False,False,False,False,False,False,False,False,False,True,False
global,1288.0,2xKDKtJBLDPd7BF3VmSQQO,1763026,Invincible,TOOL,https://open.spotify.com/track/2xKDKtJBLDPd7BF3VmSQQO,-0.9644266861297333,-1.4455330122014751,-0.3387825198945521,8.973887243518197,-0.480436141904127,-0.9563950964881701,-0.6439961145229538,-0.4571098111115115,-1.1092006698868415,764457,2yEwvVSSSUkcLeSTNyHKh8,78,1126207,https://i.scdn.co/image/c23701238e46876969ea3b694e9b42b8db133b91,False,False,False,False,False,False,False,False,False,True,False,False,False,False,False
global,1289.0,39zWYYZStDgWi32sOU9AX4,1753381,Fear Inoculum,TOOL,https://open.spotify.com/track/39zWYYZStDgWi32sOU9AX4,-0.9997166109448758,0.11143093526633341,-0.23428164849082228,5.879534279005342,-0.89307923809633,-1.301440928206382,-0.776540170828039,-1.4918839092767064,-1.1148312035562014,620101,2yEwvVSSSUkcLeSTNyHKh8,78,1126207,https://i.scdn.co/image/c23701238e46876969ea3b694e9b42b8db133b91,True,False,False,False,False,False,False,True,False,False,False,False,False,True,False
global,1290.0,1Spmq0UazGU6ovMIlGldZX,1750446,Dumb Blonde (feat. Nicki Minaj),Avril Lavigne,https://open.spotify.com/track/1Spmq0UazGU6ovMIlGldZX,-0.3567595602868146,0.32434908192859807,1.3216202146313762,-0.16957677944084176,-0.384814747064579,0.6467353805241057,-0.4359633903884822,1.9709785332673453,-0.3948063690633863,214652,0p4nmQO2msCgU4IF37Wi3j,81,5429987,https://i.scdn.co/image/035ad2a01098302eb1d195668fe153c364cb77b1,True,True,False,False,False,False,False,False,False,False,False,False,False,True,False
global,1291.0,7j43FohbLVulScL7S9sQZk,1733858,AUSLÄNDER,Rammstein,https://open.spotify.com/track/7j43FohbLVulScL7S9sQZk,-0.9999774122864393,0.018279246101593358,1.669956452643809,-0.15375602744182867,1.3584368357794876,0.8351059128713134,-0.3402858927907716,-0.03956938553608209,0.09384584198733635,231603,6wWVKhxIU2cEi0K81v7HvP,83,3823990,https://i.scdn.co/image/cdf344b2f5124d1f2f1217c45f12096730c70560,True,False,False,False,False,False,False,False,False,False,False,False,False,True,False
global,1292.0,4hanO6Du5J7QEguNHYZHmw,1725271,Daddy (feat. Rich The Kid),Blueface,https://open.spotify.com/track/4hanO6Du5J7QEguNHYZHmw,-0.7304450646165833,1.269173357742397,-0.19944802468957898,-0.16957677944084176,0.4537113307591492,-0.6253960157480488,1.1150654009432108,-0.03956938553608209,-0.4626005981574754,151147,3Fl1V19tmjt57oBdxXKAjJ,81,1765266,https://i.scdn.co/image/6924d354dc0667e20868cc9d10c3117249fa6373,True,False,False,False,False,False,False,False,False,False,False,True,False,True,False
global,1293.0,7vxGCUPJhe0fXfBkwVPFcP,1717360,REALLY (feat. Stunna 4 Vegas),DaBaby,https://open.spotify.com/track/7vxGCUPJhe0fXfBkwVPFcP,-0.788054913200756,1.7615465718988832,0.17211062919034933,-0.16957677944084176,-0.6253393325455957,0.46917004123696776,1.2642871861873468,0.5458949068468572,-0.7178623066476058,139500,4r63FhuTkUYltbVAg5TQnk,95,1799463,https://i.scdn.co/image/f68192e6516d89a77a2b16904725a77b75b42056,True,True,False,False,False,False,False,False,False,False,False,False,False,True,False
global,1294.0,3zuMEteRKyQCujA5CiS1jl,1706791,Jumpin on a Jet,Future,https://open.spotify.com/track/3zuMEteRKyQCujA5CiS1jl,-0.7724846838536823,0.9764109060817829,-0.1646144008883357,-0.16951175149696346,-0.6238682341634489,0.05317010842430103,-0.3490636448639561,-1.5145763237101537,0.5820749493519219,138541,1RyvyyTE3xzB2ZywiAwp0i,91,8253537,https://i.scdn.co/image/287c505d7b76d3971a8c5b2fbb3935f9b2dbc3ce,True,False,False,False,False,False,False,False,False,False,False,True,False,True,False
global,1295.0,5MWOSsgPDm3aPvAHWghxxG,1697836,Rodeo,Lil Nas X,https://open.spotify.com/track/5MWOSsgPDm3aPvAHWghxxG,-0.46575116571633046,0.21789000859746574,0.36369556009718734,-0.16875084312324623,2.138118978317341,0.31393543427397264,-0.8616843659379282,0.8182038800482245,0.5831489817859613,158707,7jVv8c5Fj3E9VhNjxT4snq,87,2218983,https://i.scdn.co/image/12d5ab979779aa41e697ce823328d527e643e4cf,True,False,False,False,False,False,False,False,False,True,False,False,False,True,False
global,1296.0,6NVjujGb9fnl25fjzm5dTy,1660808,Freak (feat. Bonn),Avicii,https://open.spotify.com/track/6NVjujGb9fnl25fjzm5dTy,-0.1270986774174776,-1.818139768860438,-0.2807264802258133,-0.1694827855613182,-0.6775633251118105,0.08378482209449727,0.3601787226493479,0.9407429179888394,-1.0071024957782684,179479,1vCWHaC5f2uS3yhpwWbIA6,89,16559762,https://i.scdn.co/image/81b19a403109c4fe528ee3972137127b85be9519,True,False,False,False,False,False,False,False,True,False,False,False,False,True,False
global,1297.0,3E7dfMvvCLUddWissuqMwr,1657187,Party In The U.S.A.,Miley Cyrus,https://open.spotify.com/track/3E7dfMvvCLUddWissuqMwr,-0.9985644139731923,-0.174677824311084,0.4275572037327994,-0.16823899526445463,-0.6304881768831099,0.6521379770541406,-0.7721512947914467,-0.08041573151628718,-0.8503263068458499,202067,5YGY8feqx7naU7z4HrwZM6,87,10744522,https://i.scdn.co/image/b5079187578650ea27fba00480ddf80182777fda,False,False,False,False,False,False,False,False,False,False,True,False,False,True,False
global,1298.0,7oTE1KmtU2ml9zBhv9Reao,1656731,California,Lana Del Rey,https://open.spotify.com/track/7oTE1KmtU2ml9zBhv9Reao,2.0838738898669873,-1.5919142380317821,-1.2328455307931285,-0.16957677944084176,-0.9372121895607368,-0.5828955897117762,-0.8537843890720621,-1.4011142515429176,0.02556341633232003,305900,00FQb4jTyendYWaN8pK0wa,89,9718093,https://i.scdn.co/image/6e8dc460cfb6b89d7970302259febd0aa73b38c6,False,False,False,False,False,False,False,False,False,True,False,False,False,True,False
global,1299.0,4LH1gsNA3wUS6QKkGZoJN8,1652742,XXL,DaBaby,https://open.spotify.com/track/4LH1gsNA3wUS6QKkGZoJN8,-0.9933873127152903,1.5685895014862066,0.1779162331572232,-0.16957677944084176,-0.6812410710671777,0.4122626911206028,1.4398422276510354,0.9861277468557339,0.7104055520009821,153863,4r63FhuTkUYltbVAg5TQnk,95,1799463,https://i.scdn.co/image/f68192e6516d89a77a2b16904725a77b75b42056,False,False,False,False,False,False,True,False,False,False,False,False,False,True,False
global,1300.0,1fsaruaCPeyVquN9iQLHzX,1648506,EFH,Shindy,https://open.spotify.com/track/1fsaruaCPeyVquN9iQLHzX,-0.9797633620366009,-0.5206698126372641,0.18952744109097097,-0.1677504132174263,-0.3039043360464999,-0.23857010419756894,-0.5465630665106064,-1.0652665179278982,1.2445251360927234,180662,5j21TGkrNEAJe3gG9VlS34,76,608268,https://i.scdn.co/image/f5f8bbf2fb41a3f0cbcc90f2bedc9505e9032345,True,True,False,False,False,False,False,False,False,False,False,False,False,True,False
global,1301.0,4qUtC2BwFC154Ha8YQRrkk,1641986,How to disappear,Lana Del Rey,https://open.spotify.com/track/4qUtC2BwFC154Ha8YQRrkk,1.1963708170837863,0.11143093526633341,-1.8656563631823808,-0.1619572260883759,-0.09795056254593507,-1.9176971057323324,-0.7282625344255245,-1.9062473968314535,-1.4079444187368864,228071,00FQb4jTyendYWaN8pK0wa,89,9718093,https://i.scdn.co/image/6e8dc460cfb6b89d7970302259febd0aa73b38c6,True,False,False,False,False,False,False,False,False,True,False,False,True,False,False
global,1302.0,6C9SwoZ5OrxcvkntgA5t8s,1637770,4pm in Calabasas,Drake,https://open.spotify.com/track/6C9SwoZ5OrxcvkntgA5t8s,-0.5552799844620043,0.43080815525973043,0.2069442529915926,-0.16957677944084176,-0.5392800771900026,0.603514608283829,2.528283484725908,0.2781244165321798,2.2744571474621194,240218,3TVXtAsR1Inumwj472S9r4,99,43763483,https://i.scdn.co/image/012ecd119617ac24ab56620ace4b81735b172686,False,False,False,False,True,False,False,False,False,False,False,False,False,True,False
global,1303.0,7lnQCEtaDJeMZN75siSxLc,1637518,Fabergé,RIN,https://open.spotify.com/track/7lnQCEtaDJeMZN75siSxLc,-0.8032358868141528,0.28442692942942344,0.13147140142223215,-0.13933122414861085,0.18891362197270886,-0.20219262089533574,0.518178259966668,0.32804772828576384,1.3625059716501278,177093,18ISxWwWjV6rPLoVCXf1dz,82,451971,https://i.scdn.co/image/92a091bac0a8e19ee45cb5f6c83ed4d3096b6905,True,False,False,False,False,False,False,False,False,False,False,True,False,True,False
global,1304.0,4bl1HBZliBuYpFZjWgefE4,1636190,Peta (feat. Meek Mill),Roddy Ricch,https://open.spotify.com/track/4bl1HBZliBuYpFZjWgefE4,-0.9445357181388466,0.6636873781715824,-0.2981432921264349,-0.16957677944084176,2.130763486406606,-0.31024455149602864,1.062398888504104,-0.9926507917408668,0.5847437572183237,198849,757aE44tKEUQEqRuT6GnEB,93,1162631,https://i.scdn.co/image/020e997fb003cf666859a90b57ca0519df769d30,False,False,False,False,False,False,False,False,False,False,True,False,False,True,False
global,1305.0,06LFFPPS7MylCZXps3cO4m,1635929,Who Shot Cupid?,Juice WRLD,https://open.spotify.com/track/06LFFPPS7MylCZXps3cO4m,-0.7857193787986949,0.530613536507667,1.7860685319812866,-0.16957677944084176,-0.5687020448329404,1.3213396005744302,-0.8142845047427322,0.4732791806598259,0.12515551476146647,214246,4MCBfE4596Uoi2O4DtmEMz,98,7403812,https://i.scdn.co/image/d8e62447a338a882b490460da20e90aac6d60ae7,True,False,False,True,False,False,False,False,False,False,False,False,False,True,False
global,1306.0,4czcw3NVLY0of5hTD7OufN,1634815,Days in The East,Drake,https://open.spotify.com/track/4czcw3NVLY0of5hTD7OufN,0.35168587500503845,0.3642712344277727,-1.5289313331036962,-0.16626140126457797,-0.5892974221829969,-1.6753006080847785,0.044179648014707515,-2.04966345605084,-0.8867457702910182,353698,3TVXtAsR1Inumwj472S9r4,99,43763483,https://i.scdn.co/image/012ecd119617ac24ab56620ace4b81735b172686,True,True,False,False,False,False,False,False,False,False,False,False,False,True,False
global,1307.0,0SQ8yalm13UIJuebuZkQlH,1633022,Wild Wild West (feat. Gunna),Offset,https://open.spotify.com/track/0SQ8yalm13UIJuebuZkQlH,-0.6755600061681485,1.4887451964878573,-0.01947430171648871,-0.16957677944084176,-0.26712687649282757,0.4187458069566443,0.6059557806985125,0.042123306424328114,-0.2649460838567534,236300,4DdkRBBYG6Yk9Ka8tdJ9BW,89,1389641,https://i.scdn.co/image/d718d632faa01221dd271f4e60a421596718fda0,True,False,False,False,False,False,False,False,False,True,False,False,False,True,False
global,1308.0,0FnxK9FEAQyPJ284QcieNb,1629565,5 Am in Toronto,Drake,https://open.spotify.com/track/0FnxK9FEAQyPJ284QcieNb,-0.7390086907574739,-0.8200859563810731,1.484177125703845,-0.16957677944084176,-0.7503826950280815,0.7753171779389301,1.1852874175286865,-0.4389558795647537,-1.137581163295409,205264,3TVXtAsR1Inumwj472S9r4,99,43763483,https://i.scdn.co/image/012ecd119617ac24ab56620ace4b81735b172686,False,False,False,False,False,False,False,False,False,False,False,True,False,True,False
global,1309.0,7hHf4gz7kGmkuwa6XMc88W,1624427,Stamm Fort (feat. Sfera Ebbasta),Luche,https://open.spotify.com/track/7hHf4gz7kGmkuwa6XMc88W,-0.6202856919860369,0.676994762337974,-0.600034698403876,-0.16812266620563834,-0.5709086924061608,0.4983440624991546,-0.06115337686350602,0.7047418078809882,1.2347937513115745,171375,3yiEJ9SByXZMXTwaKdVFN4,74,333836,https://i.scdn.co/image/c345fb0522c4e56fa73f6a82558393ec9855e765,True,False,False,False,False,False,False,False,False,False,False,False,False,True,False
global,1310.0,3aYAAXlB1yvUs5MJ0FI3bh,1618974,Hallo Hallo,Azet,https://open.spotify.com/track/3aYAAXlB1yvUs5MJ0FI3bh,-0.09595821872333019,0.703609530670757,0.17211062919034933,-0.16957677944084176,-0.08323957872446613,-0.0707294386644933,1.3432869548460065,0.7864344998413983,-0.7847452354946306,166725,39KEQQAG9JhIt71g9NEVhh,75,941010,https://i.scdn.co/image/45d0196be6c1fd029950498b95b9ca55f52bf87c,True,False,False,False,False,True,False,False,False,False,False,False,False,True,False
global,1311.0,6aoWJSqAgHXacunJ2tdijv,1585016,Christmas Time,Bryan Adams,https://open.spotify.com/track/6aoWJSqAgHXacunJ2tdijv,0.8226853127540177,-1.1660779447072531,-0.24008725245769616,-0.16957677944084176,-0.5245690933685337,0.7756773510409325,-0.9196175296209456,-0.7475727158596365,-1.4589446861350805,243057,3Z02hBLubJxuFJfhacLSDc,80,1440272,https://i.scdn.co/image/3bad94091d5b5de72358736e1193b719a2886f0b,True,False,False,False,False,False,False,False,False,False,False,False,False,True,False
global,1312.0,4EQSeRRJmk3h3HQ5KlkzVy,1584227,Confessions of a Dangerous Mind,Logic,https://open.spotify.com/track/4EQSeRRJmk3h3HQ5KlkzVy,0.4957104964654702,0.849990756501064,0.7642822338114844,-0.16957677944084176,-0.4730806499933925,0.8588773376034657,0.6849555493571725,0.6775109105608514,0.6451499450237145,283867,4xRYI6VqpkE3UwrDrAZL8L,87,4329265,https://i.scdn.co/image/efa0b73c2cdaf40b1767b4b1e1254b1cfc5b51db,False,False,False,False,False,False,False,True,False,False,False,False,False,True,False
global,1313.0,5LeStoyvjAHpM52IYogOq0,1583921,Eternal,Chance the Rapper,https://open.spotify.com/track/5LeStoyvjAHpM52IYogOq0,-0.7608070118433771,0.763492759419519,-0.5826178865032544,-0.16957677944084176,-0.6915387597422059,0.08954759172653422,0.15829042496610526,0.6502800132407147,-0.8821241761809075,243915,1anyVhU62p31KFi8MEzkbf,87,4587455,https://i.scdn.co/image/0433f521b1fadf1d839b6e70c3914021f122901f,False,False,False,False,False,True,False,False,False,False,False,False,False,True,False
global,1314.0,0SvD6EdetxVtXei2JhkV4B,1560251,Wonderful Dream (Holidays Are Coming) - Radio Version,Melanie Thornton,https://open.spotify.com/track/0SvD6EdetxVtXei2JhkV4B,-0.5591725417987727,-0.6670510384675711,0.2998339164615747,-0.16957677944084176,0.593465677063104,0.3600375913302682,-0.8511510634501068,0.16466234436494342,0.9053587119979071,231933,2apYMRrg5FxN4go0pfsCvf,63,5230,https://i.scdn.co/image/f863c6aaca3ae6ea50fba5e320938cb038d3dc21,True,False,False,False,False,False,False,False,True,False,False,False,False,True,False
global,1315.0,6QgjcU0zLnzq5OrUoSZ3OK,1557946,Feel It Still,Portugal. The Man,https://open.spotify.com/track/6QgjcU0zLnzq5OrUoSZ3OK,-0.8406044372471296,0.8167222960850852,0.9907007885195658,-0.1682622610762179,-0.7547959901745223,0.49078042735710614,-0.6984181773766973,1.2085134083035172,-1.403387917501566,163253,4kI8Ie27vjvonwaB2ePh8T,75,1036250,https://i.scdn.co/image/53cfabafc2e9d15590719cf987ac0801d8ec75b3,False,True,False,False,False,False,False,False,False,False,False,False,False,True,False
global,1316.0,71OvX5NNLrmz7rpq1ANTQn,1553184,Daddy Lessons,Beyoncé,https://open.spotify.com/track/71OvX5NNLrmz7rpq1ANTQn,0.059744074747406804,-0.23456105305984595,-0.7045355698076059,-0.16957677944084176,1.284881916672143,-0.6815830196604086,0.7551775659426482,0.5005100779799626,-1.0174522628699247,287987,6vWDO969PvNqNYHIOW5v0m,90,21495344,https://i.scdn.co/image/9fef2047e4e3f05031807d5fa9e121b7862ba259,True,False,False,False,False,False,False,True,False,False,False,False,False,True,False
global,1317.0,5FYvEl2ThSP9THRBuB1qRB,1547172,Higher (feat. Nipsey Hussle & John Legend),DJ Khaled,https://open.spotify.com/track/5FYvEl2ThSP9THRBuB1qRB,-0.6335203869310496,-2.1774391413530094,1.9254030271862592,-0.16957677944084176,0.38015641165180475,1.6141603325023075,1.0097323760649972,-0.18933932079683388,-1.2527955516742255,176875,0QHgL1lAIqAw0HtD7YldmP,82,4390256,https://i.scdn.co/image/94e2383b16d3a8f0af23b45ab9edd767b4107bbf,True,False,False,False,False,False,False,True,False,False,False,False,False,True,False
global,1318.0,2FNPJWVdGxYhWaotd6rULS,1537738,Sandcastles,Beyoncé,https://open.spotify.com/track/2FNPJWVdGxYhWaotd6rULS,2.368030575451082,-2.3171666751001205,-1.5521537489711916,-0.16937204029732514,0.11535870286536422,-1.3302547763665666,-0.8353511097183749,-1.7551159167046948,-1.2376940047228777,182720,6vWDO969PvNqNYHIOW5v0m,90,21495344,https://i.scdn.co/image/9fef2047e4e3f05031807d5fa9e121b7862ba259,True,False,False,False,False,False,False,False,False,False,True,False,True,False,False
global,1319.0,0rQbvQpjQ6QeeCAnVRzokf,1533271,Goutte d'eau,Ninho,https://open.spotify.com/track/0rQbvQpjQ6QeeCAnVRzokf,1.5155605186987973,0.0315866302679849,0.39852918389843,-0.16957677944084176,-0.3921702389753135,0.013190894102044843,-0.026042368570768176,-0.7521111987463259,0.5102775084582293,157184,6Te49r3A6f5BiIgBRxH7FH,84,2588183,https://i.scdn.co/image/3b11c1b82e510b866fa2e0935c9d9ab149d03407,False,False,False,False,False,True,False,False,False,False,False,False,False,True,False
global,1320.0,7jKUnzzOGhAlPjr7LkIUlE,1515838,Momma I Hit A Lick (feat. Kendrick Lamar),2 Chainz,https://open.spotify.com/track/7jKUnzzOGhAlPjr7LkIUlE,-0.21662749616315133,0.7834538356691063,-0.9135373126150652,-0.16919056696557172,0.23304657343711546,0.06649651319838643,1.8436188230175208,-0.3981095335845486,1.8820447517888435,173760,17lzZA2AlOHwCwFALHttmp,86,5191623,https://i.scdn.co/image/8a0f9090548262a85cceef38650642d3037fd1e0,True,False,False,False,False,False,False,False,False,False,False,True,True,False,False
global,1321.0,1aHKVxoYHAWvedbVUTP9SF,1500424,Susamam,Şanışer,https://open.spotify.com/track/1aHKVxoYHAWvedbVUTP9SF,0.5852393152111438,-0.25452212930943324,0.32886193629594407,-0.16957677944084176,-0.6018017584312455,-0.5346323940434667,0.19340143325884313,-0.8610347880268728,0.24922253411176346,851871,5LUxu287CsPM7jy3yS3l86,70,500604,https://i.scdn.co/image/50bd74c9ed83c7237524a07d3a32d9b16f832363,False,False,False,False,False,False,False,False,False,False,False,False,False,True,False
global,1322.0,6TNK1SFt77MvTFoiTloiFQ,1499777,She Got Me,Luca Hänni,https://open.spotify.com/track/6TNK1SFt77MvTFoiTloiFQ,-0.795450772140616,-0.07487244306314744,0.7584766298446105,-0.16944300102320306,-0.6974231532707935,0.21056575399931007,-0.7019292782059711,-0.07133876574290827,-0.8164129190801076,180816,5JbALDn35ZrLwVAle4xVqZ,57,39750,https://i.scdn.co/image/95a66d2ba73609c414a80d204784d175c4579330,False,False,False,False,False,False,False,False,False,False,False,True,False,True,False
global,1323.0,39xWBHPM4E9MwzEy5gbM7p,1498155,Last Time That I Checc'd (feat. YG),Nipsey Hussle,https://open.spotify.com/track/39xWBHPM4E9MwzEy5gbM7p,-0.8904291711577655,0.21789000859746574,0.7062261941427457,-0.16957677944084176,1.4467027387083011,0.8116946612411633,1.079954392650473,-0.9472659628739722,-0.8502286675336643,225573,0EeQBlQJFiAfJeVN2vT9s0,79,1253075,https://i.scdn.co/image/2a53f9d4a36e958d54797aae6aee9645b547c9fd,True,True,False,False,False,False,False,False,False,False,False,False,False,True,False
global,1324.0,6fenHIxXuuzKB55wY4WCHP,1493637,God Is A Dancer (with Mabel),Tiësto,https://open.spotify.com/track/6fenHIxXuuzKB55wY4WCHP,-0.909113446374254,0.6370726098387993,0.7120317981096195,-0.169505702385905,1.2333934732970022,0.925509361473893,-0.42104121186406857,1.5670535563519836,-0.07106695629386876,168125,2o5jDhtHVPhrJdv3cEQ99Z,85,4824537,https://i.scdn.co/image/75b06fb7f4eef88d06067ad277840ccfec3eb1b1,False,True,False,False,False,False,False,False,False,False,False,False,False,True,False
global,1325.0,7EB2UpfRbS4QVjZQlKLi3Z,1489579,Promise U That,Future,https://open.spotify.com/track/7EB2UpfRbS4QVjZQlKLi3Z,0.31276030163735435,-0.2678295134758248,-0.32717131196080435,-0.16957677944084176,2.2999398003534983,-0.03651299397427373,0.25484569777113436,-0.18933932079683388,0.18416220575886627,205423,1RyvyyTE3xzB2ZywiAwp0i,91,8253537,https://i.scdn.co/image/287c505d7b76d3971a8c5b2fbb3935f9b2dbc3ce,False,True,False,False,False,False,False,False,False,False,False,False,False,True,False
global,1326.0,3fd5jcZKAzoiivM4ZDwhyU,1485341,Two of Us,Louis Tomlinson,https://open.spotify.com/track/3fd5jcZKAzoiivM4ZDwhyU,-0.12320612008070918,-0.4275181234725233,-0.1123639651864708,-0.16957677944084176,-0.37010376324311006,0.38416918916442294,-0.8590510403159729,-0.7203418185394996,0.16141224601965926,217855,57WHJIHrjOE3iAxpihhMnp,75,2800005,https://i.scdn.co/image/a63ba37dc90f583e8d82ea2bc7fc6a027c71d912,True,False,False,False,False,False,False,False,False,False,False,False,False,True,False
global,1327.0,1zi7xx7UVEFkmKfv06H8x0,1473728,One Dance,Drake,https://open.spotify.com/track/1zi7xx7UVEFkmKfv06H8x0,-0.9727178332570501,0.7568390673363232,0.0037481141510068063,-0.14770691638338249,1.137772078457454,0.3128549149679657,-0.670329370742507,-0.5342640201852322,-0.5917123153040196,173987,3TVXtAsR1Inumwj472S9r4,99,43763483,https://i.scdn.co/image/012ecd119617ac24ab56620ace4b81735b172686,True,True,False,False,False,False,False,False,False,False,False,False,False,True,False
global,1328.0,0H0MIfeqip6GKmafftx7kC,1467890,Malediven,MERO,https://open.spotify.com/track/0H0MIfeqip6GKmafftx7kC,0.22323148289168054,0.6304189177556035,1.1764801154595292,-0.16957677944084176,-0.37745925515384454,0.011390028592033339,0.40406748301526996,1.798516183573146,1.2277311743968284,169220,5wyWp867LWGjFmYZXVSFnZ,76,1151567,https://i.scdn.co/image/615afe66fedb5c97875da1619efd391fd0657ff1,False,False,False,False,False,False,False,False,False,False,True,False,False,True,False
global,1329.0,2gtFMLjQpCTGekMi4oXZxN,1465237,Wells Fargo (with JID & EARTHGANG feat. Buddy & Guapdad 4000) - Interlude,Dreamville,https://open.spotify.com/track/2gtFMLjQpCTGekMi4oXZxN,-0.7281095302145223,0.8100686040018894,1.1706745114926553,-0.16952140680884523,0.04915927566875403,1.1812322638955322,-0.20159741003445728,-1.1197283125681716,0.8420884377017427,123413,1iNqsUDUraNWrj00bqssQG,78,186560,https://i.scdn.co/image/a18511aae6029596c9dfca3b9d38fb8383386d0e,True,True,False,False,False,False,False,False,False,False,False,False,False,True,False
global,1330.0,5DiuFfnqqyWKat40eY8r8y,1453599,Celebrate (feat. Travis Scott & Post Malone),DJ Khaled,https://open.spotify.com/track/5DiuFfnqqyWKat40eY8r8y,0.044173845400333096,-2.1042485284378563,0.5204468672027814,-0.16957677944084176,0.2624685410800533,1.2273344209518278,-0.40787458375429186,-0.8111114762732888,-1.7818378915323239,206499,0QHgL1lAIqAw0HtD7YldmP,82,4390256,https://i.scdn.co/image/94e2383b16d3a8f0af23b45ab9edd767b4107bbf,False,False,False,False,False,False,False,False,False,True,False,False,False,True,False
global,1331.0,1BEo3epznRQuYhuQH8bZu9,1445027,Kafa Leyla,BRADO,https://open.spotify.com/track/1BEo3epznRQuYhuQH8bZu9,0.2621570562593648,0.5771893810900374,1.3564538384326195,-0.16957677944084176,-0.7040430959904544,0.5959509731417802,1.641730525334278,1.7395159060461831,-1.0437172378478077,154132,0Mh0QuhaJ6WIW0qrJwzMmt,65,23580,https://i.scdn.co/image/a3391666df93ea8fec7b61a2d47410c4e05d301e,False,False,False,False,False,False,False,False,False,False,False,True,False,True,False
global,1332.0,2PpruBYCo4H7WOBJ7Q2EwM,1440215,Hey Ya!,OutKast,https://open.spotify.com/track/2PpruBYCo4H7WOBJ7Q2EwM,-0.6019906725032255,0.33100277401179384,2.029903898589989,-0.16338807351181606,0.005026324204347238,1.5187144604716953,-0.5570963689984276,2.166133297394991,-1.3871797916787836,235213,1G9G7WwrXka3Z1r7aIDjI7,78,1251926,https://i.scdn.co/image/cf78e460a538b48dec7ef55064cdc76042511a07,False,False,False,False,True,False,False,False,False,False,False,False,False,True,False
global,1333.0,1u0THw5xaGd7sYzJEh48Lt,1437457,Jenny of Oldstones (Game of Thrones),Florence + The Machine,https://open.spotify.com/track/1u0THw5xaGd7sYzJEh48Lt,2.62104680234103,-2.7163882000918664,-2.4926615916047594,-0.16946359126661353,-0.5841485778454828,-1.5038582115316799,-0.44123004163239293,-1.437422114636433,-2.4624164439022227,188639,1moxjboGR7GNWYIMWsRjgG,80,4991609,https://i.scdn.co/image/0cc0c2edddf3830194d55292cb43e6a72ac7247b,False,True,False,False,False,False,False,False,False,False,False,False,False,True,False
global,1334.0,5PIB8aoUJoCRh1O5TEGdOj,1429689,Ghostbusters,"Ray Parker, Jr.",https://open.spotify.com/track/5PIB8aoUJoCRh1O5TEGdOj,-0.9542671114807677,0.6703410702547782,0.5378636791034032,0.45394697581438037,1.3290148681365497,-1.1606132453234792,-0.8467621874135146,1.367360309337648,-0.22012963956363749,240800,0NyzfcGDZZ6GM25EBG9BYK,58,34962,https://i.scdn.co/image/112bf0d1817b5cffc0874ff8f147d7b6ba2b9cc3,False,False,False,False,False,False,True,False,False,False,False,False,False,True,False
global,1335.0,03nPEoQOYMuDe7KmGljpmd,1400164,"No Brainer (feat. Justin Bieber, Chance the Rapper & Quavo)",DJ Khaled,https://open.spotify.com/track/03nPEoQOYMuDe7KmGljpmd,-0.718767392606278,-1.0063893347105546,0.7933102536458538,-0.16957677944084176,-0.6459347098956523,0.6373708798720458,1.8523965750907052,0.7501266367478827,0.4359739918851113,260000,0QHgL1lAIqAw0HtD7YldmP,82,4390256,https://i.scdn.co/image/94e2383b16d3a8f0af23b45ab9edd767b4107bbf,True,False,False,False,False,False,False,False,False,False,False,False,False,False,True
global,1336.0,09mEdoA6zrmBPgTEN5qXmN,1395451,Call Out My Name,The Weeknd,https://open.spotify.com/track/09mEdoA6zrmBPgTEN5qXmN,-0.3411893309397409,-1.4455330122014751,-0.18203121278895734,-0.16957677944084176,0.9759512564212959,0.548768296779478,-0.8283289080598273,-1.4192681830896754,0.3912877333415752,228373,1Xyo4u8uXC1ZmMpatF05PJ,96,18323290,https://i.scdn.co/image/22c98f5bc7713315e8d3e48aa3ce8a98ce4ec873,True,True,False,False,False,False,False,False,False,False,False,False,True,False,False
global,1337.0,7B7O5jgFpWfc9orZw6FN4K,1395314,Spirit in the Sky,Keiino,https://open.spotify.com/track/7B7O5jgFpWfc9orZw6FN4K,-0.47742883772663575,-0.45413289180530636,0.7526710258777367,-0.16957677944084176,-0.4951471257255959,0.003106047245980029,-0.6273183855839033,-0.5932642977121951,-0.006364638752318497,185158,0chh7dlaUzEreDTulHiOlm,56,16925,https://i.scdn.co/image/f9ca60cb5bc2cf13d5c1b33eecf7b8180cdbed2f,False,False,False,False,False,False,False,False,False,True,False,False,False,True,False
global,1338.0,5rLyYxZNzca00ENADO9m54,1378412,When I Grow Up,NF,https://open.spotify.com/track/5rLyYxZNzca00ENADO9m54,0.24269426957552268,0.9231813694162168,1.101007263890169,-0.16957677944084176,-0.16414998974254527,0.8977760326197152,0.4830672516739301,-1.092497415248035,-0.39555493712347456,196800,6fOMl44jA4Sp5b9PpYCkzz,89,2865437,https://i.scdn.co/image/55db20d7c49bdcf52162474265c66ca601054b1c,True,False,True,False,False,False,False,False,False,False,False,False,False,True,False
global,1339.0,44ONERBHALxftQNWq6dmyd,1376529,Side To Side,Ariana Grande,https://open.spotify.com/track/44ONERBHALxftQNWq6dmyd,-0.8032358868141528,-0.18798520847747555,0.6481701544740068,-0.16957677944084176,0.44635583884841473,0.22965492840543242,0.8692883428940462,0.564048838393615,1.205078853969807,226160,66CXWjxzNUsdJxJ2JdwvnR,97,40958727,https://i.scdn.co/image/b1dfbe843b0b9f54ab2e588f33e7637d2dab065a,False,False,False,False,False,False,True,False,False,False,False,False,False,True,False
global,1340.0,1E1YyZjbteIz2XQyLvtRxD,1371174,Skifahren (feat. Joshi Mizu),The Cratez,https://open.spotify.com/track/1E1YyZjbteIz2XQyLvtRxD,-0.13488379209101445,0.11143093526633341,0.46819643150091655,-0.1695547932487255,-0.16414998974254527,-0.14888700179899417,1.0711766405772885,-0.23926263255041788,0.3833789490545549,162651,3pVfscwg2QxhdHtk966inb,76,7160,https://i.scdn.co/image/18dd03cf70922d45b251bd20f621c2e70918cb4b,False,False,False,False,False,True,False,False,False,False,False,False,False,True,False
global,1341.0,4llK75pXNWZz6KAho2Gp16,1366241,She Will Be Loved - Radio Mix,Maroon 5,https://open.spotify.com/track/4llK75pXNWZz6KAho2Gp16,-0.11542100540717232,-0.18133151639427977,0.22436106489221425,-0.16957677944084176,-0.5510488642471777,0.32726183904805806,-0.8941620486087106,-0.10310814594973422,-0.6557311576602718,259453,04gDigrS5kc9YWfZHwBETP,94,21668307,https://i.scdn.co/image/608c7b23420c9556a7eabd9097f7e171a91d3871,False,False,False,False,False,False,False,False,False,False,False,False,False,True,False
global,1342.0,1u8c2t2Cy7UBoG4ArRcF5g,1364359,Blank Space,Taylor Swift,https://open.spotify.com/track/1u8c2t2Cy7UBoG4ArRcF5g,-0.6019906725032255,0.5439209206740585,0.4565852235671688,-0.16957677944084176,-0.6106283487241269,0.3838090160624205,-0.6668182699132333,0.3734325571526579,-0.8511074213433334,231827,06HL4z0CvFAxyc27GXpf02,95,25846444,https://i.scdn.co/image/62b33d12e2b9a033cf77585f6e3d4b2c6b3a63a1,True,False,False,False,False,True,False,False,False,False,False,False,False,True,False
global,1343.0,70zRDnEkOhVb51fZA13khd,1362147,Yallah Goodbye (feat. Gringo),Summer Cem,https://open.spotify.com/track/70zRDnEkOhVb51fZA13khd,-0.9192340954498519,1.3090955102415716,0.6597813624077545,0.0979800558365856,-0.45836966617192354,0.11007745854066595,0.39528973094208547,-1.2604212820555447,-0.5596215280324055,141587,3drqpTL4sQOckmAfF9i1wg,81,818637,https://i.scdn.co/image/bcdeb11f063818e198921abce79f8631b3fde6c1,True,False,False,False,False,False,False,True,False,False,False,False,False,True,False
global,1344.0,0xxZY5C9xxij3D1HkzbnfC,1337496,Monster Mash,"Bobby ""Boris"" Pickett",https://open.spotify.com/track/0xxZY5C9xxij3D1HkzbnfC,0.45678492309778596,-0.9132376455458139,-0.698729965840732,-0.16957677944084176,1.814477334245024,-2.7781506464158485,2.8706158155801016,0.9952047126291128,-1.7466226462707761,192040,42MRYPhQfcEXqb18dl5ERX,47,11162,https://i.scdn.co/image/120fb5b93274fd39d1d761e9dacc71deb891eb95,False,False,False,False,False,False,False,False,False,False,False,True,False,True,False
global,1345.0,6cHxkkZ3TZUKsjd13pIO1p,1330252,Puta Madre,RAF Camora,https://open.spotify.com/track/6cHxkkZ3TZUKsjd13pIO1p,0.8265778700907861,1.1028310556625025,0.926839144883953,-0.16957677944084176,0.5199107579557594,0.09350949584855965,-0.8371066601330118,2.0980560540946493,0.12453713245095897,209032,0Dvx6p8JDyzeOPGmaCIH1L,85,1053568,https://i.scdn.co/image/545705916303faf8bf52413dee30637c5b417e98,False,False,True,False,False,False,False,False,False,False,False,False,False,True,False
global,1346.0,0AUurCHJ6A8Ua4yXyKXNuM,1295031,Jet Lag,A$AP Ferg,https://open.spotify.com/track/0AUurCHJ6A8Ua4yXyKXNuM,-0.9698373408278413,1.1427532081616771,1.0371456202545568,-0.16929642640909454,-0.5172136014577993,1.1455751267973036,1.4222867235046666,-0.2483395983237968,1.5569709350861252,203720,5dHt1vcEm9qb8fCyLcB3HL,81,2237199,https://i.scdn.co/image/ea08ae0c9e60a0a416f18b02b35bb6591f62d171,True,False,False,False,False,False,False,False,False,False,False,True,False,True,False
global,1347.0,32lexhcz93AinKK0qLTZaZ,1285949,Ni Gucci Ni Prada,Kenny Man,https://open.spotify.com/track/32lexhcz93AinKK0qLTZaZ,0.5930244298846807,0.8034149119186936,0.2998339164615747,-0.16053801157081737,1.1083501108145162,0.30024885639788484,0.34262321850297894,1.9165167386270718,-0.5595238887202201,175200,6SGvRyZuaSuWmP6IWUKpGf,66,130713,https://i.scdn.co/image/402e7cf2a6162610bd9d519227b6324147abf2b7,True,False,True,False,False,False,False,False,False,False,False,False,False,True,False
global,1348.0,35wvL50xvKpCHEJPxLOLPI,1282564,Si Estuviésemos Juntos,Bad Bunny,https://open.spotify.com/track/35wvL50xvKpCHEJPxLOLPI,-0.7592499889086697,-0.04160398264716858,-0.17622560882208346,-0.16897884807852612,-0.16414998974254527,-0.12079349984281398,-0.44825224329094043,-1.496422392163396,1.6177676801402585,169248,4q3ewBCX7sLwd24euuV69X,98,17863391,https://i.scdn.co/image/22590f4021a00d1cad0821cc46a54395960342ee,False,True,False,False,False,False,False,False,False,False,False,False,False,True,False
global,1349.0,6Jf8Y84YSdqeJfEPDJFEZu,1282044,Too Late For Love,John Lundvik,https://open.spotify.com/track/6Jf8Y84YSdqeJfEPDJFEZu,-0.23609028284699346,-1.844754537193221,0.7062261941427457,-0.16957677944084176,-0.798928941638929,0.8365466052793226,-0.49652987969345486,-0.3209553245108281,-0.5824365806464031,178133,11LbPHLi2sCqOVjknt0jmW,56,19341,https://i.scdn.co/image/5c31aea61824a93b82ac19e9b26be648a7c48a60,True,False,False,False,False,False,False,False,False,False,False,False,False,True,False
global,1350.0,0WhDotK0QXigmsrlw0DxKK,1270100,Evoluiu,MC Kevin o Chris,https://open.spotify.com/track/0WhDotK0QXigmsrlw0DxKK,0.8110076407437127,0.11143093526633341,-0.925148520548813,-0.16957677944084176,1.3878588034224255,0.03948353054821321,2.6687275178968592,0.9362044351021499,0.9009323965121674,179644,2UMj7NCbuqy1yUZmiSYGjJ,84,1139072,https://i.scdn.co/image/984dfbcdcf7880b022478b4433ae006b2a108b03,True,False,False,False,False,False,False,True,False,False,False,False,False,True,False
global,1351.0,0IQCOAw9ZAI6WnXIrl481F,1266318,Hoje Eu Vou Parar Na Gaiola,Mc Livinho,https://open.spotify.com/track/0IQCOAw9ZAI6WnXIrl481F,-0.8740804303433383,-0.18798520847747555,-1.5289313331036962,-0.16957677944084176,-0.5628176513043529,-0.24325235452359892,2.405394955701326,1.6169768681055676,-1.0527000545688678,177094,7me0S5Z40qVWj3gzyK8aC3,79,5100158,https://i.scdn.co/image/afaa5ec487cef04fa4a4a1429c5ef5e67cb69696,True,False,True,False,False,False,False,False,False,False,False,False,False,True,False
global,1352.0,7wMAgaPiKzTNxpDWu2BPfk,1255711,Jenifer,Gabriel Diniz,https://open.spotify.com/track/7wMAgaPiKzTNxpDWu2BPfk,-0.14656146410131973,0.5971504573396247,1.7976797399150344,-0.16955665451366655,-0.6540257509974602,1.4207473767270675,-0.743184712949938,1.9437476359472086,1.2354772264968732,160640,3WQ1s2QFvL6crxBvrVhwzj,65,961614,https://i.scdn.co/image/34ac7af1da87ca5c0d7f65cc8902e326da598444,True,False,False,False,False,False,False,False,True,False,False,False,False,True,False
global,1353.0,5Lb1pjnll07UQKxNpnnGBy,1253291,Punto G,KAROL G,https://open.spotify.com/track/5Lb1pjnll07UQKxNpnnGBy,-0.9719393217896963,0.7235706069203444,0.735254213977115,-0.16795980552329556,-0.6518191034242399,0.6265656868119764,-0.38154132753473863,1.989132464814103,1.425971524570663,181587,790FomKkXshlbRYZFtlgla,92,7947851,https://i.scdn.co/image/f67a7967874f13a1af7f3e90df067eea5199c1d9,False,False,False,False,False,False,True,False,False,False,False,False,False,True,False
global,1354.0,6875MeXyCW0wLyT72Eetmo,1249034,Starving,Hailee Steinfeld,https://open.spotify.com/track/6875MeXyCW0wLyT72Eetmo,0.6085946592317544,-0.06821875097995167,-0.06591913345147975,-0.16957677944084176,-0.5319245852792682,0.8113344881391611,-0.2454861704003796,0.04666178931101757,-0.7256409051850453,181933,5p7f24Rk5HkUZsaS3BLG5F,82,5192876,https://i.scdn.co/image/1fe03485d11ecce6a26a6f1c85ef4f5186fb992f,True,False,False,False,True,False,False,False,False,False,False,False,False,True,False
global,1355.0,4Y0TtDriFlN3XZoQx6PYsu,1223556,"Don't Give Up On Me - (From ""Five Feet Apart"")",Andy Grammer,https://open.spotify.com/track/4Y0TtDriFlN3XZoQx6PYsu,-0.662325311223136,-0.2478684372262375,-0.507145034933894,-0.16947150164261304,-0.43630319043972016,0.36940209198232815,-0.8932842734013922,-1.9044320036767777,-0.3021466617994053,196188,2oX42qP5ineK3hrhBECLmj,77,716103,https://i.scdn.co/image/a8660c4ae74a883067345f1bc0095b2c291d2e3c,False,False,False,False,False,False,False,False,False,False,False,False,False,True,False
global,1356.0,34rzJNfTd5e9s3TICFMPD0,1179556,O Tannenbaum,Vince Guaraldi Trio,https://open.spotify.com/track/34rzJNfTd5e9s3TICFMPD0,2.531517983595356,-0.6337825780515922,-2.5158840074722546,-0.07372163497623299,-0.35539277942164116,-3.4073730556138817,-0.786195698108542,-0.6613415410125367,0.03760559816852374,309387,4ytkhMSAnrDP8XzRNlw9FS,75,75655,https://i.scdn.co/image/822d7cac5aa9649b2c8a0be5da89567f8b80ca56,True,False,False,False,False,True,False,False,False,False,False,False,False,True,False
global,1357.0,5Bj9llJ7xr70Ny2nWiSM6G,1168772,Celsius,PNL,https://open.spotify.com/track/5Bj9llJ7xr70Ny2nWiSM6G,-0.22052005349991974,0.8632981406674556,0.49141884736841207,-0.1258370533259232,-0.5856196762276297,-0.29547745431393385,-0.766884643547536,-0.42080194801799586,-0.23334349314606695,242466,3NH8t45zOTqzlZgBvZRjvB,80,2607096,https://i.scdn.co/image/5183e0a003fb8679a63fbdac311df70c79bc9851,False,False,False,False,False,False,False,False,True,False,False,False,False,True,False
global,1358.0,00v5O7qsglyTtp2q1M9DZr,1155602,Pray You Catch Me,Beyoncé,https://open.spotify.com/track/00v5O7qsglyTtp2q1M9DZr,1.4532796013105025,-2.8561157338389775,-2.3591327003666605,0.6075013334518603,2.130763486406606,-2.592661498884659,-0.8072623030841846,-1.8567779333665384,1.7476279653468907,196000,6vWDO969PvNqNYHIOW5v0m,90,21495344,https://i.scdn.co/image/9fef2047e4e3f05031807d5fa9e121b7862ba259,False,False,False,False,False,False,False,False,True,False,False,False,True,False,False
global,1359.0,09OojFvtrM9YRzRjnXqJjA,1150162,Rockin' Around the Christmas Tree,Brenda Lee,https://open.spotify.com/track/09OojFvtrM9YRzRjnXqJjA,1.2080484890940917,0.02493293818478913,0.09663777762098888,-0.16957677944084176,0.36544542783033584,-0.8778773602516668,-0.801995651840274,1.5352841761451574,0.6136449936252135,126146,4cPHsZM98sKzmV26wlwD2W,78,148590,https://i.scdn.co/image/2873f90f994289db10fcbbab0c5a789ab6670a0f,True,False,False,False,False,False,False,False,True,False,False,False,False,True,False
global,1360.0,4M3FO0ji6Lc8vwD1sgf1nc,1137287,Born To Be Yours,Kygo,https://open.spotify.com/track/4M3FO0ji6Lc8vwD1sgf1nc,0.12591754947246986,0.018279246101593358,0.49141884736841207,-0.16957677944084176,-0.5620821021132795,0.2411804676695063,-0.8151622799500506,-0.1439544919299393,-0.26452298017061676,193320,23fqKkggKUBHNkbKtXEls4,89,5922832,https://i.scdn.co/image/1caaca2be637b0c56bb0ede637e36a8bcca149d1,True,False,False,True,False,False,False,False,False,False,False,False,False,True,False
global,1361.0,1tT55K6VEyO6XFDxK4lDQe,1119832,In My Head,Peter Manos,https://open.spotify.com/track/1tT55K6VEyO6XFDxK4lDQe,1.8970311377021027,-1.1926927130400362,-2.5739400471409937,-0.15526830520644022,-0.5025026176363303,-3.1988328295545445,-0.7642513179255808,-1.8744780166246273,-0.33169882695419795,214533,4K9aclpXgCPNFGEqRlFPal,62,46099,https://i.scdn.co/image/d0ba328333ae000a719f1c5cb1cc587da0721084,False,False,False,False,False,False,False,False,False,True,False,False,False,True,False
global,1362.0,0lCf7sZrGyEAKrfA1AXG11,1097873,Daddy Lessons,Beyoncé,https://open.spotify.com/track/0lCf7sZrGyEAKrfA1AXG11,0.04806640273710153,-0.40090335513974024,-0.7219523817082275,-0.16957677944084176,1.1083501108145162,-0.6686167879883256,0.6586222931376191,0.39612497158610516,-1.0149461871904986,287960,6vWDO969PvNqNYHIOW5v0m,90,21495344,https://i.scdn.co/image/9fef2047e4e3f05031807d5fa9e121b7862ba259,True,False,False,False,False,False,False,True,False,False,False,False,False,True,False
global,1363.0,6mf7BNgXs8JipPr2QILnyN,1089801,Champion Of The World,Coldplay,https://open.spotify.com/track/6mf7BNgXs8JipPr2QILnyN,-0.9920249176474213,-1.1660779447072531,-0.1646144008883357,-0.03928823356661626,-0.480436141904127,-0.22200214150546296,-0.9099620023404427,-1.4555760461831908,-0.43125837894594954,257547,4gzpq5DPGxSnKTe4SA8HAU,92,24034836,https://i.scdn.co/image/c942640d486338e4ae144a497f0cfd3f35ceb7af,True,False,False,False,False,False,False,True,False,False,False,False,False,True,False
global,1364.0,6YeDjSHCDmJKgU8foiaruL,1086492,Santa Claus Is Comin' to Town,Frank Sinatra,https://open.spotify.com/track/6YeDjSHCDmJKgU8foiaruL,2.212328281980345,-0.21459997681025864,-2.4404111559028947,-0.16957677944084176,1.012728715974968,-1.9735239365426906,-0.6439961145229538,0.9044350548953242,0.5949633385603993,154640,1Mxqyy3pSjf8kZZL4QVxS0,88,3528165,https://i.scdn.co/image/fc4e0f474fb4c4cb83617aa884dc9fd9822d4411,True,False,False,False,False,False,False,False,False,False,True,False,False,True,False
global,1365.0,299lFlaAsNQdgbIZNPmIA0,1083461,Christmas Time Is Here - Vocal,Vince Guaraldi Trio,https://open.spotify.com/track/299lFlaAsNQdgbIZNPmIA0,2.8039969971691456,-1.9312525342747662,-2.782941789948453,-0.1694969777064938,-0.5488422166739575,-4.7612637460405605,-0.8616843659379282,-1.8000468972829202,-1.519057956003915,166387,4ytkhMSAnrDP8XzRNlw9FS,75,75655,https://i.scdn.co/image/822d7cac5aa9649b2c8a0be5da89567f8b80ca56,False,False,False,False,False,False,False,False,False,True,False,False,True,False,False
global,1366.0,07RmHXaYqBdUyfAESPZkRO,1073499,Sleigh Ride,Carpenters,https://open.spotify.com/track/07RmHXaYqBdUyfAESPZkRO,2.3874933621349244,-1.3856497834527135,-2.277854244830426,-0.16957677944084176,-0.5172136014577993,-3.307965279461244,0.5445115161862213,0.29173986519224815,2.574763125307132,159440,1eEfMU2AhEo7XnKgL7c304,77,1181983,https://i.scdn.co/image/ed45f575339b044d7168780a15ff457b85be851a,True,False,False,False,False,False,False,False,False,False,False,True,False,True,False
global,1367.0,5ZOEulH7fvK4ZkMLTOyKL0,1046168,Demonz (feat. Brent Faiyaz) - Interlude,Juice WRLD,https://open.spotify.com/track/5ZOEulH7fvK4ZkMLTOyKL0,0.04028128806356467,-1.172731636790449,-1.8308227393811376,3.076003961533169,-0.3480372875109067,-1.7689456146053788,-0.6132739822668082,-1.3965757686562281,1.5418693881347774,95267,4MCBfE4596Uoi2O4DtmEMz,98,7403812,https://i.scdn.co/image/d8e62447a338a882b490460da20e90aac6d60ae7,True,False,False,False,False,False,True,False,False,False,False,False,False,False,False
global,1368.0,0zYqFyhiTj419q56lNsjk0,1044473,Don't Know What To Do,BLACKPINK,https://open.spotify.com/track/0zYqFyhiTj419q56lNsjk0,-0.6167823903829454,-0.3343664343077825,0.090832173654115,-0.16957677944084176,-0.26712687649282757,0.833305047361302,-0.7107070302791556,-0.3572631876043437,0.24954799848571463,201081,41MozSoPIsD1dJM0CLPjZF,83,10276873,https://i.scdn.co/image/254b0e0fc1d4cf39de56960ed983c1ff7e3dff00,False,False,False,False,False,False,True,False,False,False,False,False,False,True,False
global,1369.0,6pXcDMr10gh902gPlKuSLv,1038177,Freedom (feat. Kendrick Lamar),Beyoncé,https://open.spotify.com/track/6pXcDMr10gh902gPlKuSLv,-0.8569531780615571,-1.4654940884510625,1.0429512242214307,-0.16957677944084176,3.7563271986789215,0.020394356142090866,1.4398422276510354,-0.3618016704910332,-1.217710492162258,289760,6vWDO969PvNqNYHIOW5v0m,90,21495344,https://i.scdn.co/image/9fef2047e4e3f05031807d5fa9e121b7862ba259,True,False,True,False,False,False,False,False,False,False,False,False,False,True,False
global,1370.0,0VPKan5aM2nQy5voiAjjUo,1034856,Cœurs,PNL,https://open.spotify.com/track/0VPKan5aM2nQy5voiAjjUo,0.6786606912935861,0.018279246101593358,-0.0833359453521014,-0.15119678814787066,-0.22299392502842097,-1.1350409550813154,-0.7782957212426759,-1.6643462589709057,-0.5582545776618093,357948,3NH8t45zOTqzlZgBvZRjvB,80,2607096,https://i.scdn.co/image/5183e0a003fb8679a63fbdac311df70c79bc9851,False,True,False,False,False,False,False,False,False,False,False,False,False,True,False
global,1371.0,0VgGHwbFBA5B9et2mSDdYQ,1023224,All Night,Beyoncé,https://open.spotify.com/track/0VgGHwbFBA5B9et2mSDdYQ,0.5112807258125439,-0.7602027276323119,-0.30394889609330883,-0.16931852893026964,-0.5576688069668387,-0.2144385063634145,-0.38154132753473863,0.623049115920578,0.46074183074281727,322000,6vWDO969PvNqNYHIOW5v0m,90,21495344,https://i.scdn.co/image/9fef2047e4e3f05031807d5fa9e121b7862ba259,True,False,False,False,False,False,False,False,False,False,False,True,False,True,False
global,1372.0,5CMUThHlepHR8c1xD0QYzs,1016847,They Afraid Of You,Trippie Redd,https://open.spotify.com/track/5CMUThHlepHR8c1xD0QYzs,-0.13488379209101445,-0.27448320555902056,-0.04850232155085811,-0.16957677944084176,0.04915927566875403,-0.005538107202075389,-0.7379180617060275,-0.33457077317089645,-1.4327448040319877,138469,6Xgp2XMz1fhVYe7i6yNAax,92,3998147,https://i.scdn.co/image/955a9b53451b9c97a6571202eccfe0b2b94a9e50,False,True,False,False,False,False,False,False,False,False,False,False,False,True,False
global,1373.0,4hXAK3mjFVFOOiJQ3rKAXi,1016182,Rudolph The Red-Nosed Reindeer,Burl Ives,https://open.spotify.com/track/4hXAK3mjFVFOOiJQ3rKAXi,1.6089818947812395,-0.054911366813560125,-2.028213274254849,-0.16957677944084176,0.1815581300619744,-2.260942071940533,-0.8028734270475923,1.4445145184113688,0.9927133499664789,130027,0MHgLfmQdutffmvWe5XBTN,75,36275,https://i.scdn.co/image/89c1ee2f7e000530b5b88aecc003f72acec863d0,True,False,False,False,False,False,False,False,False,False,False,False,False,True,False
global,1374.0,2PRKaIkl62537yLUt8VhHR,1011273,Love Sick,Trippie Redd,https://open.spotify.com/track/2PRKaIkl62537yLUt8VhHR,1.0484536382865866,1.2159438210768307,0.5088356592690337,-0.16909750371851873,3.29293120830265,-0.08729740135659927,-0.22793066625401068,0.9044350548953242,-0.1010747715721933,177981,6Xgp2XMz1fhVYe7i6yNAax,92,3998147,https://i.scdn.co/image/955a9b53451b9c97a6571202eccfe0b2b94a9e50,False,False,False,False,False,False,True,False,False,False,False,False,False,True,False
global,1375.0,5gqh2FMBquUEwDsRUU4pCF,1010939,Shenmue,PNL,https://open.spotify.com/track/5gqh2FMBquUEwDsRUU4pCF,-0.7320020875512907,1.5353210410702276,-0.24589285642457004,-0.16902072653969996,-0.5584043561579122,0.40361853667254743,-0.5570963689984276,1.6169768681055676,0.12743376537912693,249598,3NH8t45zOTqzlZgBvZRjvB,80,2607096,https://i.scdn.co/image/5183e0a003fb8679a63fbdac311df70c79bc9851,True,False,False,False,False,False,False,True,False,False,False,False,False,True,False
global,1376.0,6MR5IBSNfDmiwnrlQpVw4w,1005693,Club Paradise,Drake,https://open.spotify.com/track/6MR5IBSNfDmiwnrlQpVw4w,1.9476343830800924,-2.2639371384345544,0.6075309267058897,-0.16919987329027703,0.04180378375801956,0.021114702346095724,-0.2454861704003796,0.25089351921204306,2.0187397888484573,283816,3TVXtAsR1Inumwj472S9r4,99,43763483,https://i.scdn.co/image/012ecd119617ac24ab56620ace4b81735b172686,False,False,False,False,False,False,True,False,False,False,False,False,False,True,False
global,1377.0,6keKIzkXWdbwJWMBJQUwYl,1004677,The First Noel - Remastered 1999,Frank Sinatra,https://open.spotify.com/track/6keKIzkXWdbwJWMBJQUwYl,2.71836073576024,-3.341835255912268,-2.7364969582134617,-0.1681808307350465,-0.12001703827813846,-3.4185384217759527,-0.8204289311939612,-1.5009608750500854,-1.217450120663097,161373,1Mxqyy3pSjf8kZZL4QVxS0,88,3528165,https://i.scdn.co/image/fc4e0f474fb4c4cb83617aa884dc9fd9822d4411,True,False,False,False,False,False,False,False,False,False,False,False,False,False,False
global,1378.0,6GivWRmlYtefJr28jev6e0,993607,Leray,Trippie Redd,https://open.spotify.com/track/6GivWRmlYtefJr28jev6e0,2.0683036605199137,0.6370726098387993,-2.4926615916047594,-0.15759488638276567,-0.480436141904127,-2.0729317126953277,-0.3771524514981464,-0.5388025030719217,0.3482287966677977,122707,6Xgp2XMz1fhVYe7i6yNAax,92,3998147,https://i.scdn.co/image/955a9b53451b9c97a6571202eccfe0b2b94a9e50,True,False,False,False,True,False,False,False,False,False,False,False,False,True,False
global,1379.0,54q6WgqyTXjwOSrevVR8z9,993330,"Baby, It's Cold Outside (feat. Kelly Clarkson)",John Legend,https://open.spotify.com/track/54q6WgqyTXjwOSrevVR8z9,0.9394620328570705,-0.8932765692962266,-0.18203121278895734,-0.16957677944084176,-0.112661546367404,0.05929305115834041,-0.5017965309373655,0.028507857764259747,0.42627515354135775,218920,5y2Xq6xcjJb2jVM54GHK3t,85,4804945,https://i.scdn.co/image/2bcc50240e556e832fde021700fdca5629d31440,False,False,False,False,False,True,False,False,False,False,False,False,True,False,False
global,1380.0,4buHBCFNm5WvttEDevaj9C,991922,White Christmas,Michael Bublé,https://open.spotify.com/track/4buHBCFNm5WvttEDevaj9C,1.1379824570322603,-0.9997356426273589,-0.5826178865032544,-0.16957677944084176,-0.7518537934102285,0.24262116007751539,-0.6905182005108313,0.5685873212803044,0.21508132128425508,204157,1GxkXlMwML1oSg5eLPiAz3,92,3547268,https://i.scdn.co/image/6bf4c3c955399c4c45cd0677a860a42f39b6a508,True,False,False,False,False,False,False,False,False,False,False,False,False,True,False
global,1381.0,3MhNgzZwFtUF6jSr6pRSkW,977771,Ain't A Thing (feat. Bonn),Avicii,https://open.spotify.com/track/3MhNgzZwFtUF6jSr6pRSkW,1.1146271130116499,-1.4921088567838456,-1.168983887157516,-0.16957677944084176,-0.8864592953766691,-0.29115537708990596,-0.656284967425412,-1.1015743810214138,1.5626991080676713,183661,1vCWHaC5f2uS3yhpwWbIA6,89,16559762,https://i.scdn.co/image/81b19a403109c4fe528ee3972137127b85be9519,True,False,False,False,False,False,False,False,False,True,False,False,False,True,False
global,1382.0,660eekzsNZ7sdATvfIsAkR,973035,"Fuego (with Sean Paul & Anitta, feat. Tainy)",DJ Snake,https://open.spotify.com/track/660eekzsNZ7sdATvfIsAkR,-0.9079456791732234,0.9364887535826083,1.3622594423994934,-0.16957677944084176,-0.6084217011509065,0.07694153315645336,0.8253995825281238,0.564048838393615,-0.5611512105899773,195429,540vIaP2JwjQb9dm3aArA4,88,6393532,https://i.scdn.co/image/4c684a7c0a70d1f506595739c14f8a76ebef6687,True,False,False,False,False,False,False,False,True,False,False,False,False,True,False
global,1383.0,2iFgHPoa7FNHwgLnjXzu7F,971336,PUPPE,Rammstein,https://open.spotify.com/track/2iFgHPoa7FNHwgLnjXzu7F,-0.9137845151783761,-0.6470899622179838,1.14745209562516,-0.16957677944084176,-0.35539277942164116,-0.31096489770003316,-0.6369739128644061,-0.8519578222534939,-0.16984539378813682,273707,6wWVKhxIU2cEi0K81v7HvP,83,3823990,https://i.scdn.co/image/cdf344b2f5124d1f2f1217c45f12096730c70560,True,False,False,False,False,False,False,False,False,False,False,True,False,True,False
global,1384.0,08Fvx5MZ9RAvSbXOR1jbxy,970679,Affalterbach,Shindy,https://open.spotify.com/track/08Fvx5MZ9RAvSbXOR1jbxy,-0.9523208328123834,0.9364887535826083,0.28822270852782694,-0.16957677944084176,1.5423241335478493,0.6535786694621497,1.7295080460661227,1.2629752029437906,-0.2034333171799274,173220,5j21TGkrNEAJe3gG9VlS34,76,608268,https://i.scdn.co/image/f5f8bbf2fb41a3f0cbcc90f2bedc9505e9032345,True,False,False,False,False,False,True,False,False,False,False,False,False,False,True
global,1385.0,2n6red10oCd6YhlEUp6jXy,967592,Used To Be,Jonas Brothers,https://open.spotify.com/track/2n6red10oCd6YhlEUp6jXy,-0.33340421626620415,0.21123631651426997,-0.6232571142713715,-0.16957677944084176,-0.7040430959904544,-0.13411990461689938,-0.7475735889865303,-1.414729700202986,0.7745545801068151,184987,7gOdHgIoIKoe4i9Tta6qdD,87,3492262,https://i.scdn.co/image/a6607686d8bb0913324c84360ee921e94c5aadf3,True,True,False,False,False,False,False,False,False,False,False,False,False,True,False
global,1386.0,43IfdE75ficQgsI8QGBvwb,965753,Mama/Show Love (feat. YBN Cordae),Logic,https://open.spotify.com/track/43IfdE75ficQgsI8QGBvwb,-0.5513874271252359,-0.6936658068003542,1.1532576995920338,-0.16957677944084176,-0.6216615865902285,0.776397697244937,-0.05237562479032156,-1.0516510692678296,1.0384085480692637,241307,4xRYI6VqpkE3UwrDrAZL8L,87,4329265,https://i.scdn.co/image/efa0b73c2cdaf40b1767b4b1e1254b1cfc5b51db,False,False,False,False,False,False,False,False,False,False,False,False,False,True,False
global,1387.0,0O7mJ0noFBLn8MMUJrFaF1,959633,PROLLY HEARD,DaBaby,https://open.spotify.com/track/0O7mJ0noFBLn8MMUJrFaF1,-0.7133178123348023,1.3689787389903334,0.9210335409170792,-0.16957677944084176,-0.3995257308860479,1.4729724765174024,1.4398422276510354,2.0027479134741712,0.06198287977748842,143226,4r63FhuTkUYltbVAg5TQnk,95,1799463,https://i.scdn.co/image/f68192e6516d89a77a2b16904725a77b75b42056,True,True,False,False,False,False,False,False,False,False,False,False,False,True,False
global,1388.0,6Oq4fiDzKaFMU89dTvM24u,957039,Audacity (feat. Headie One),Stormzy,https://open.spotify.com/track/6Oq4fiDzKaFMU89dTvM24u,-0.7993433294773844,-0.0016818301479939555,-0.6290627182382454,-0.16957677944084176,-0.3259708117787033,0.6759094017862929,2.7565050386287036,-1.7142695707244897,0.38376950630329665,245920,2SrSdSvpminqmStGELCSNd,88,1308575,https://i.scdn.co/image/cf3aa3567c73ea2867d1e4027c29cf45926a72c6,True,True,False,False,False,False,False,False,False,False,False,False,False,True,False
global,1389.0,0uZd8cKaTyNogTREourFY5,954824,Cattitude (feat. RuPaul),Miley Cyrus,https://open.spotify.com/track/0uZd8cKaTyNogTREourFY5,-0.9723675030967409,0.8167222960850852,1.3158146106645023,-0.1583393923591898,1.5496796254585836,0.2807995088897601,0.39528973094208547,0.9861277468557339,-0.03523332872181303,189973,5YGY8feqx7naU7z4HrwZM6,87,10744522,https://i.scdn.co/image/b5079187578650ea27fba00480ddf80182777fda,False,False,False,False,False,False,True,False,False,False,False,False,False,True,False
global,1390.0,5YvcUK2eXJ2OllqDuEg18S,953495,Finally // beautiful stranger,Halsey,https://open.spotify.com/track/5YvcUK2eXJ2OllqDuEg18S,-0.8044036540151834,-0.34767381847417406,-0.43167218336453356,-0.16957677944084176,-0.4142367147075169,0.4943821583771291,-0.8862620717428447,-1.6552692931975268,0.38497372448691725,221096,26VFTg2z8YR0cCuwLzESi2,92,9063023,https://i.scdn.co/image/1ccc88afcd13131dc35a1bd028922dbc748a55fb,False,False,False,False,False,False,False,False,False,True,False,False,False,True,False
global,1391.0,1gZqRnn8P56wZZGwilEHiZ,951797,Love Drought,Beyoncé,https://open.spotify.com/track/1gZqRnn8P56wZZGwilEHiZ,-0.9231266527866203,-1.2459222497056024,-0.50133943096702,6.7520022201273875,-0.35539277942164116,-1.4919724991656034,-0.7554735658523963,-1.2604212820555447,1.136373324628653,237467,6vWDO969PvNqNYHIOW5v0m,90,21495344,https://i.scdn.co/image/9fef2047e4e3f05031807d5fa9e121b7862ba259,True,False,False,False,False,False,False,False,False,True,False,False,False,True,False
global,1392.0,1ABQT5SxlUTNapSbSzblGx,951630,F9mily (You & Me),Lil Nas X,https://open.spotify.com/track/1ABQT5SxlUTNapSbSzblGx,-0.928965488791773,-0.8134322642978773,-0.5245618468345156,-0.16224804873541657,-0.6503480050420929,-0.4582756964189774,-0.8493955130354699,-0.3618016704910332,1.5591840928289955,162720,7jVv8c5Fj3E9VhNjxT4snq,87,2218983,https://i.scdn.co/image/12d5ab979779aa41e697ce823328d527e643e4cf,True,False,False,False,False,False,False,False,False,False,False,False,False,True,False
global,1393.0,3cdxShmWeMHolKPDi3SRXM,947643,Menace,PNL,https://open.spotify.com/track/3cdxShmWeMHolKPDi3SRXM,-0.5397097551149306,0.5173061523412754,-0.4200609754307858,-0.16957677944084176,-0.5172136014577993,-0.1564506369410426,-0.6176628583034004,-0.3981095335845486,0.7794039992786919,188864,3NH8t45zOTqzlZgBvZRjvB,80,2607096,https://i.scdn.co/image/5183e0a003fb8679a63fbdac311df70c79bc9851,True,False,False,False,False,False,False,False,True,False,False,False,False,True,False
global,1394.0,1gRMO4h3NGb1ZJA7TNdMPj,940383,Zoulou tchaing,PNL,https://open.spotify.com/track/1gRMO4h3NGb1ZJA7TNdMPj,1.538915862719408,-0.1480630559783009,-1.4128192537662185,-0.16957677944084176,-0.4289476985289857,-0.8209700101353022,-0.43684116559580066,-1.4601145290698803,-1.2120474120555027,325556,3NH8t45zOTqzlZgBvZRjvB,80,2607096,https://i.scdn.co/image/5183e0a003fb8679a63fbdac311df70c79bc9851,False,False,False,False,False,False,False,False,False,False,False,False,False,True,False
global,1395.0,1Cth2nNUYYfCiSoIei6rCi,936404,HERE (For Christmas),Lukas Graham,https://open.spotify.com/track/1Cth2nNUYYfCiSoIei6rCi,0.14927289349308043,0.42415446317653466,0.0037481141510068063,-0.16957677944084176,-0.1935719573854831,0.42558909589468824,-0.6229295095473111,-0.8065729933865994,-0.23581702238809785,240689,25u4wHJWxCA9vO0CzxAbK7,79,1599559,https://i.scdn.co/image/5bd7d837e985d43ca5197a72db3feb3ffa1a2821,True,False,False,False,False,False,False,False,True,False,False,False,False,True,False
global,1396.0,0uxDHazXSSu9bSZ28LsnAN,935531,Tough Love,Avicii,https://open.spotify.com/track/0uxDHazXSSu9bSZ28LsnAN,-0.4462883790324884,-1.8381008451100254,0.7526710258777367,-0.16957677944084176,1.3510813438687532,0.5909085497137482,-0.7616179923036254,0.6048951843738201,-0.4549196389322208,191248,1vCWHaC5f2uS3yhpwWbIA6,89,16559762,https://i.scdn.co/image/81b19a403109c4fe528ee3972137127b85be9519,True,False,False,False,False,False,False,False,True,False,False,False,False,True,False
global,1397.0,4KzOYxD4qIkUtZV9ZYakGu,933897,original me (feat. dan reynolds of imagine dragons),YUNGBLUD,https://open.spotify.com/track/4KzOYxD4qIkUtZV9ZYakGu,-0.9683581690398694,-1.3789960913695178,0.9384503528177008,-0.1695547932487255,0.09329222713316082,0.44575878960681753,0.5445115161862213,0.5549718726202361,1.2322876756321484,205320,6Ad91Jof8Niiw0lGLLi3NW,81,666904,https://i.scdn.co/image/ef82f86503eb61b9699a83b6b39aa8e8b6f68102,True,True,False,False,False,False,False,False,False,False,False,False,False,True,False
global,1398.0,4jFD7byoPdGkEdjHLMduR9,929799,Living Proof,Camila Cabello,https://open.spotify.com/track/4jFD7byoPdGkEdjHLMduR9,-0.5786353284826149,0.37757861859416425,-0.6406739261719933,-0.16957677944084176,1.3584368357794876,0.3650800147583003,-0.42104121186406857,0.13289296415811722,-1.4509708089732696,194440,4nDoRrQiYLoBzwC5BhVJzF,96,14245838,https://i.scdn.co/image/667daebca4856db3f4cbe8f51a4881091e62c401,True,False,False,False,False,False,False,True,False,False,False,False,False,True,False
global,1399.0,3eG36tERWexe2lm75Ea3Y8,928881,Cheum,Nekfeu,https://open.spotify.com/track/3eG36tERWexe2lm75Ea3Y8,0.02860361605325939,1.2891344339919841,-0.06591913345147975,-0.16957677944084176,-0.6797699726850308,0.5739804139196394,1.659286029480647,-0.6749569896726051,0.5773882623670207,196027,4LXBc13z5EWsc5N32bLxfH,80,1154381,https://i.scdn.co/image/4b29b23a7dc7ac866210d93d4a5287c95941696c,True,False,False,False,False,False,False,False,False,True,False,False,False,True,False
global,1400.0,5wTM2Bm8phDwHAuOsfBwhU,928725,2000 Miles - 2007 Remaster,Pretenders,https://open.spotify.com/track/5wTM2Bm8phDwHAuOsfBwhU,-0.9915578107670093,-3.049072804251655,0.48561324340153816,0.14102180759860655,-0.5319245852792682,-0.9268609021239812,-0.833595559303738,-0.15756994059000767,-1.8204379662829673,220427,0GByy3DcfbQwDvXGCWmzv9,71,659702,https://i.scdn.co/image/b65e8ef3f06ef30e130cbc4532e4b9d8fd024704,True,False,False,False,False,False,False,True,False,False,False,False,False,True,False
global,1401.0,3W3FVHEDetkiRkkGKDmdir,927811,Draft Day,Drake,https://open.spotify.com/track/3W3FVHEDetkiRkkGKDmdir,-0.8775837319464297,-0.03495029056397281,1.077784848022674,-0.16957677944084176,-0.3039043360464999,0.9669292682041584,2.0191738644812096,0.34620165983252116,1.4299747363702657,266325,3TVXtAsR1Inumwj472S9r4,99,43763483,https://i.scdn.co/image/012ecd119617ac24ab56620ace4b81735b172686,True,False,False,False,False,False,False,False,True,False,False,False,False,True,False
global,1402.0,15f16lrsDzFeNpHYBTzHLI,926457,SEX,Rammstein,https://open.spotify.com/track/15f16lrsDzFeNpHYBTzHLI,-1.000740353524446,-0.4674402759716979,1.774457324047539,-0.14921919414799403,-0.1347280220996074,0.9031786291497497,-0.6106406566448528,-0.25287808121048627,0.02832986351090724,236529,6wWVKhxIU2cEi0K81v7HvP,83,3823990,https://i.scdn.co/image/cdf344b2f5124d1f2f1217c45f12096730c70560,True,False,False,False,False,False,False,False,True,False,False,False,False,True,False
global,1403.0,5Nm9ERjJZ5oyfXZTECKmRt,925306,Stay With Me,Sam Smith,https://open.spotify.com/track/5Nm9ERjJZ5oyfXZTECKmRt,1.28589963582946,0.11143093526633341,-1.1864006990581375,-0.16883343675500578,-0.4730806499933925,0.012110374796037876,-0.7774179460353575,-1.3784218371094703,-1.2385076656577565,172724,2wY79sveU1sp5g7SokKOiI,92,11220622,https://i.scdn.co/image/871eeb6c9b0f60dfe982380d1357a7beb85fb3fd,True,False,False,False,False,False,False,False,False,False,False,False,False,True,False
global,1404.0,0gGfmw4csswZmFPj9YK8GW,923777,7empest,TOOL,https://open.spotify.com/track/0gGfmw4csswZmFPj9YK8GW,-1.0026379752261205,-2.363742519682491,1.0371456202545568,9.532266725836307,-0.5782641843168953,-0.3311345914121625,-0.8169178303646875,-0.46164829399820095,0.7357917731691961,943529,2yEwvVSSSUkcLeSTNyHKh8,78,1126207,https://i.scdn.co/image/c23701238e46876969ea3b694e9b42b8db133b91,True,False,False,False,False,False,False,True,False,False,False,False,False,False,True
global,1405.0,0BpYTh0O2ut5wvt0QtDGt4,923752,Beauty In The Benz (feat. Snoop Dogg),Tory Lanez,https://open.spotify.com/track/0BpYTh0O2ut5wvt0QtDGt4,-0.2283051681734566,0.27777323734622766,-0.6232571142713715,-0.16957677944084176,-0.07588408681373167,-0.9772851364043046,2.0981736331398695,-0.19387780368352334,-0.07145751354261054,237452,2jku7tDXc6XoB6MO2hFuqg,87,2680869,https://i.scdn.co/image/c509c5aa8289c3048fa8259d0bce49b2999c320f,True,False,False,False,False,False,False,False,False,False,True,False,False,False,True
global,1406.0,5BRUlCrkTljRTux8BUPUDp,923379,"Taki Taki (with Selena Gomez, Ozuna & Cardi B)",DJ Snake,https://open.spotify.com/track/5BRUlCrkTljRTux8BUPUDp,-0.39568513365449887,1.0762162873297194,1.0487568281883046,-0.1695111698516694,-0.8099621795050308,0.7900842751210249,0.6498445410644347,0.5731258041669939,-0.8458674449227148,212500,540vIaP2JwjQb9dm3aArA4,88,6393532,https://i.scdn.co/image/4c684a7c0a70d1f506595739c14f8a76ebef6687,True,False,False,False,False,False,False,False,False,False,False,True,False,True,False
global,1407.0,25yiHDniULzQL1BaFgV4Tq,922291,Kuta ubud,PNL,https://open.spotify.com/track/25yiHDniULzQL1BaFgV4Tq,0.46846259510809124,0.5239598444244712,-0.03689111361711035,-0.16957677944084176,-0.5025026176363303,-0.5616453766936403,0.3689564747225321,-0.7793420960664627,-0.6872686554961681,304795,3NH8t45zOTqzlZgBvZRjvB,80,2607096,https://i.scdn.co/image/5183e0a003fb8679a63fbdac311df70c79bc9851,False,False,False,True,False,False,False,False,False,False,False,False,False,True,False
global,1408.0,3tTV4DYlhkiXRNiiXwIAPf,922248,Medellín (with Maluma),Madonna,https://open.spotify.com/track/3tTV4DYlhkiXRNiiXwIAPf,-0.7682028707832371,0.9431424456658041,0.3520843521634396,-0.16936506055379616,3.653350311928639,-0.2216419684034605,1.3871757152119286,-0.11672359460980258,-0.9818464603596347,298164,6tbjWDEIzxoDsBA1FuhfPW,81,3692800,https://i.scdn.co/image/96b4818a65820e91e0e17fcf55a4d2213b019ad4,True,True,False,False,False,False,False,False,False,False,False,False,False,True,False
global,1409.0,0z5HSQGWgnjdNvwbOmhB2w,919789,Merry Christmas Darling - Remix,Carpenters,https://open.spotify.com/track/0z5HSQGWgnjdNvwbOmhB2w,2.2746091993686397,-2.2572834463513587,-2.434605551936021,-0.16957677944084176,-0.5392800771900026,-3.1829852130664427,-0.8748509940477049,-1.4601145290698803,-1.3201341306447827,186973,1eEfMU2AhEo7XnKgL7c304,77,1181983,https://i.scdn.co/image/ed45f575339b044d7168780a15ff457b85be851a,True,False,False,False,False,False,False,True,False,False,False,False,False,True,False
global,1410.0,1mH6tZC6iXIHPI6EixCwxw,919027,I Wish It Could Be Christmas Everyday,Wizzard,https://open.spotify.com/track/1mH6tZC6iXIHPI6EixCwxw,-0.9864974862292103,-1.964520994690745,1.6815676605775567,-0.16941391875849898,1.983653648191917,0.017152798224070284,-0.6887626500961945,0.18281627591170124,0.5795688736724958,278947,7823Dim2TzjiQQ9wRQxyi9,62,19412,https://i.scdn.co/image/ab67616d0000b27394cc75e87af5eab81ec20139,True,False,False,False,False,False,False,False,False,True,False,False,False,True,False
global,1411.0,5qm2otRZaeZaqdLVVohUjq,917921,Poquito,Anitta,https://open.spotify.com/track/5qm2otRZaeZaqdLVVohUjq,0.9783876062247548,0.15135308776550804,1.3216202146313762,-0.16957677944084176,0.9906622402427647,0.8815682430296111,-0.03482012064395264,0.5413564239601677,0.7384605810355979,175671,7FNnA9vBm6EKceENgCGRMb,89,8588071,https://i.scdn.co/image/7cabfa639a2b6734f8f9df2f42e7d7a9187682bc,True,False,False,False,False,False,False,False,False,False,False,False,False,True,False
global,1412.0,5Vzpmk27VQ9M77SCkSkERq,917661,Future Nostalgia,Dua Lipa,https://open.spotify.com/track/5Vzpmk27VQ9M77SCkSkERq,-0.9788680738491441,1.3090955102415716,1.095201659923295,-0.16957677944084176,1.0789281431715783,0.7115665388845216,-0.6334628120351324,1.6850541114059097,-0.23282275014774445,184882,6M2wZ9GZgrQXHCFfjv46we,93,14982761,https://i.scdn.co/image/a1f0ad6fe9f1913da2bd883555f3aee9d91024a9,True,False,False,False,False,False,False,True,False,False,False,False,False,True,False
global,1413.0,1FN3Bo2tGTBxvEb5b83vFV,917471,Les étoiles vagabondes,Nekfeu,https://open.spotify.com/track/1FN3Bo2tGTBxvEb5b83vFV,0.37893377636241743,0.7368779910867359,-0.8961205007144439,-0.16957677944084176,-0.12001703827813846,0.0376826650382017,2.554616740945461,-0.21203173523028115,-1.372338616226597,234053,4LXBc13z5EWsc5N32bLxfH,80,1154381,https://i.scdn.co/image/4b29b23a7dc7ac866210d93d4a5287c95941696c,False,False,False,False,False,False,False,False,False,False,False,True,False,True,False
global,1414.0,2zHu4GAsQIw2skGszWEMFY,915986,The Little Drummer Boy,Bing Crosby,https://open.spotify.com/track/2zHu4GAsQIw2skGszWEMFY,2.3797082474613873,-0.23456105305984595,-2.8642202454846872,-0.1684739799632635,-0.7327295144423188,-3.3025626829312094,-0.8432510865842409,-0.19387780368352334,-0.3253197252247494,177760,6ZjFtWeHP9XN7FeKSUe80S,85,279435,https://i.scdn.co/image/ae161dc2c147cbebc97ff1a1cdc3e43fee7ba7dc,True,False,False,False,False,False,False,False,False,False,True,False,False,True,False
global,1415.0,5C1TucCRf4Vjjree1OItyv,911102,One,Lewis Capaldi,https://open.spotify.com/track/5C1TucCRf4Vjjree1OItyv,2.2434687406744924,0.19792893234787845,-1.6566546203749213,-0.16957677944084176,-0.3406817956001722,-0.21876058358744205,-0.7818068220719497,0.11020054972466994,-0.13515089152491108,179908,4GNC7GD6oZMSxPGyXy4MNB,92,2143489,https://i.scdn.co/image/5ed13d249e562fea4e296aaeb745ce06d27ec88f,True,False,False,False,False,False,False,False,False,True,False,False,False,True,False
global,1416.0,32OlwWuMpZ6b0aN2RZOeMS,909206,Uptown Funk,Mark Ronson,https://open.spotify.com/track/32OlwWuMpZ6b0aN2RZOeMS,-0.971744693922858,1.1826753606608518,-0.08914154931897528,-0.16862869761148913,-1.0291558384449175,-0.26846447166376064,-0.4175301110347948,1.998209430587482,-0.23301802877211533,269667,3hv9jJF3adDNsBSIQDqcjp,83,749288,https://i.scdn.co/image/d91845f215e0a90b0d4b03bf930221fdf2316b97,True,False,False,False,False,False,False,False,False,False,False,False,False,True,False
global,1417.0,6TL3MOcVW8i1UiJkvhpDbR,904926,Carry Me Away,John Mayer,https://open.spotify.com/track/6TL3MOcVW8i1UiJkvhpDbR,-0.8363226241766845,0.11143093526633341,0.2533890847265836,-0.16483055384113782,-0.5738508891704546,-0.4568350040109683,-0.8871398469501631,0.7773575340680194,-0.06973255236066789,156987,0hEurMDQu99nJRq8pTxO14,86,4315368,https://i.scdn.co/image/093f63fe03e52d014286eb6e0afa9a099214cf65,True,False,False,False,True,False,False,False,False,False,False,False,False,True,False
global,1418.0,76F54HHrw84yqAYqrAJkbr,903223,Every Single Time,Jonas Brothers,https://open.spotify.com/track/76F54HHrw84yqAYqrAJkbr,-0.47742883772663575,0.5173061523412754,0.3520843521634396,-0.16957677944084176,-0.37745925515384454,0.46880986813496534,-0.7493291394011672,1.9165167386270718,0.9712001548482874,212093,7gOdHgIoIKoe4i9Tta6qdD,87,3492262,https://i.scdn.co/image/a6607686d8bb0913324c84360ee921e94c5aadf3,False,False,False,False,False,False,False,False,False,False,False,True,False,True,False
global,1419.0,5KYhIFNTp4VQUqlsbLWTTu,901960,Just How It Is,Young Thug,https://open.spotify.com/track/5KYhIFNTp4VQUqlsbLWTTu,-0.8141350473571045,-0.44747919972211064,-0.4955338270001462,-0.16957677944084176,-0.3480372875109067,-1.490891979859597,2.4668392202136165,0.6321260816939569,-1.2817293345185101,207133,50co4Is1HCEo8bhOyUWKpn,94,4744074,https://i.scdn.co/image/10ea494021e8341a2b5a8fcc8cd3b9a000cbc878,True,False,False,False,False,False,False,True,False,False,False,False,False,True,False
global,1420.0,7oAuqs6akGnPU3Tb00ZmyM,901950,All Night,Beyoncé,https://open.spotify.com/track/7oAuqs6akGnPU3Tb00ZmyM,0.5229583978228493,-0.6936658068003542,-0.2981432921264349,-0.1693255086737986,-0.595917364902658,-0.2165995449754281,-0.3947079556445152,0.6275875988072674,0.46074183074281727,322000,6vWDO969PvNqNYHIOW5v0m,90,21495344,https://i.scdn.co/image/9fef2047e4e3f05031807d5fa9e121b7862ba259,True,False,False,False,False,False,False,False,False,False,False,True,False,True,False
global,1421.0,2L0H5LWEuIAvrzfzTruyCB,901833,Tiffany,Shindy,https://open.spotify.com/track/2L0H5LWEuIAvrzfzTruyCB,-0.9616629704206278,0.7834538356691063,0.03858173795225009,-0.14828856167746385,-0.4289476985289857,-0.31168524390403773,-0.6843737740596023,0.21004717323183797,1.1012882651166864,178649,5j21TGkrNEAJe3gG9VlS34,76,608268,https://i.scdn.co/image/f5f8bbf2fb41a3f0cbcc90f2bedc9505e9032345,True,True,False,False,False,False,False,False,False,False,False,False,False,True,False
global,1422.0,4dOmgE4ULbySxpeGObN8RL,900434,Syphilis,Juice WRLD,https://open.spotify.com/track/4dOmgE4ULbySxpeGObN8RL,-0.7320020875512907,0.6903021465043655,0.20113864902471873,-0.16957677944084176,-0.04646211917079381,1.2154487085857515,1.0360656322845507,-0.6885724383326735,0.8423813556382994,131761,4MCBfE4596Uoi2O4DtmEMz,98,7403812,https://i.scdn.co/image/d8e62447a338a882b490460da20e90aac6d60ae7,True,True,False,False,False,False,False,False,False,False,False,False,False,True,False
global,1423.0,6kqPWdv1pNXp6A2CowGSFA,899757,Gang Gang,ScHoolboy Q,https://open.spotify.com/track/6kqPWdv1pNXp6A2CowGSFA,-0.9418109280031088,0.11143093526633341,-0.7742028174100924,-0.16942089850202796,3.5062404737139494,0.27251552754370706,-0.18404190588808836,-1.9588937983170511,0.2548856142185191,135493,5IcR3N7QB1j6KBL8eImZ8m,81,2913150,https://i.scdn.co/image/16e1c84dcb5ab6b682f113a048ed172ca3ca2ef6,True,False,False,False,False,False,False,False,True,False,False,False,False,True,False
global,1424.0,4HfaOznGhHYWqPtpLYz2PB,899669,Rocket Ship,Future,https://open.spotify.com/track/4HfaOznGhHYWqPtpLYz2PB,-0.9656723044774992,1.828083492730841,-1.4186248577330924,-0.16957677944084176,-0.3480372875109067,0.553450547105508,1.1501764092359488,-1.6325768787640795,0.38383459917808727,116847,1RyvyyTE3xzB2ZywiAwp0i,91,8253537,https://i.scdn.co/image/287c505d7b76d3971a8c5b2fbb3935f9b2dbc3ce,True,False,False,False,False,False,False,False,True,False,False,False,False,True,False
global,1425.0,0pegcONe6MuDQRoPCtCBRf,898553,THERE HE GO,DaBaby,https://open.spotify.com/track/0pegcONe6MuDQRoPCtCBRf,0.3166528589741228,1.0496015189969363,0.7120317981096195,-0.16957677944084176,-0.7386139079709065,1.1200028365551398,0.05295740008789198,1.226667339850275,-1.2274093305060116,143296,4r63FhuTkUYltbVAg5TQnk,95,1799463,https://i.scdn.co/image/f68192e6516d89a77a2b16904725a77b75b42056,False,True,False,False,False,False,False,False,False,False,False,False,False,True,False
global,1426.0,1JRK7srBWUtAW7dPabKBwJ,897788,Teeth,5 Seconds of Summer,https://open.spotify.com/track/1JRK7srBWUtAW7dPabKBwJ,-0.8051821654825371,0.5106524602580796,-1.023843787985669,-0.16953176009507986,-0.4730806499933925,1.2550677498060054,-0.7853179229012234,-0.2574165640971757,0.5493983262071946,204887,5Rl15oVamLq7FbSb0NNBNy,87,5627772,https://i.scdn.co/image/81f45e1c43d961f38e0885e79db547b86d25d101,False,False,False,True,False,False,False,False,False,False,False,False,False,True,False
global,1427.0,7d5OMedGbW3CZwFfiNMGeI,896266,Fliegst Du mit,Shirin David,https://open.spotify.com/track/7d5OMedGbW3CZwFfiNMGeI,1.9203864817227134,0.11143093526633341,-1.07028861972066,-0.16955525856496076,-0.690067661360059,-0.5303103168194392,0.8692883428940462,-0.502494639978406,0.44860200959442814,258837,0JBdTCGs111JKKYfLqOEBa,69,336391,https://i.scdn.co/image/b86ebb56ca3f458c83abec8982dec573ff6c88e1,False,False,False,False,True,False,False,False,False,False,False,False,False,True,False
global,1428.0,1OS9fNE87zO4Z696lBXriv,895773,LamboTruck (with Cozz feat. REASON & Childish Major),Dreamville,https://open.spotify.com/track/1OS9fNE87zO4Z696lBXriv,-0.8141350473571045,-0.0016818301479939555,0.41014039183217776,-0.16957677944084176,0.5861101851523696,0.41586442214062586,1.3696202110655598,-1.1151898296814822,0.4197333196249336,229387,1iNqsUDUraNWrj00bqssQG,78,186560,https://i.scdn.co/image/a18511aae6029596c9dfca3b9d38fb8383386d0e,False,False,False,False,False,False,False,False,False,False,True,False,False,True,False
global,1429.0,3DB14jHq2qNoByUN5W2gz1,891748,Party Up The Street,Miley Cyrus,https://open.spotify.com/track/3DB14jHq2qNoByUN5W2gz1,0.5813467578743754,0.444115539426122,-0.05430792551773199,-0.0972201048571201,1.9395206967275103,-0.30520212806799624,-0.518474259876416,-0.8292654078200467,-0.6887332451789497,217253,5YGY8feqx7naU7z4HrwZM6,87,10744522,https://i.scdn.co/image/b5079187578650ea27fba00480ddf80182777fda,True,True,False,False,False,False,False,False,False,False,False,False,False,True,False
global,1430.0,30VrBsh1STRBoIrhQOAwzK,889811,Disturbia,Rihanna,https://open.spotify.com/track/30VrBsh1STRBoIrhQOAwzK,-0.6588220096200443,0.1646604719318996,1.095201659923295,-0.16957677944084176,0.3286679682766635,0.7061639423544868,-0.6369739128644061,1.0405895414960074,0.08971244443815249,238573,5pKCCKE2ajJHZ9KAiaK11H,92,35820484,https://i.scdn.co/image/1fc2f537d678d701d7d143a8fd4f0c2f29fbde22,False,False,False,False,False,False,False,False,False,False,False,True,False,True,False
global,1431.0,572BChNcXOIvtfn2TGmTKc,888930,ON GOD (feat. Young Thug),Juice WRLD,https://open.spotify.com/track/572BChNcXOIvtfn2TGmTKc,-0.6428625245392938,0.7901075277523021,0.5668916989377725,-0.16957677944084176,-0.45836966617192354,0.08918741862453178,-0.6132739822668082,-0.6794954725592945,0.7759866233522018,250272,4MCBfE4596Uoi2O4DtmEMz,98,7403812,https://i.scdn.co/image/d8e62447a338a882b490460da20e90aac6d60ae7,False,False,False,False,False,True,False,False,False,False,False,False,False,True,False
global,1432.0,2gXOzCwbVXACCaYRj4Qrep,888614,Temptation,Future,https://open.spotify.com/track/2gXOzCwbVXACCaYRj4Qrep,-0.3645446749603515,-0.12144828764551784,-0.43167218336453356,-0.16720366664098982,0.1815581300619744,-0.09594155580465469,0.4742894996007456,-0.8564963051401834,0.255699275153397,167673,1RyvyyTE3xzB2ZywiAwp0i,91,8253537,https://i.scdn.co/image/287c505d7b76d3971a8c5b2fbb3935f9b2dbc3ce,True,False,False,False,True,False,False,False,False,False,False,False,False,True,False
global,1433.0,2xUHiyGeGrWmmfv7NbDTWC,888057,Jodeci Freestyle (feat. J. Cole),Drake,https://open.spotify.com/track/2xUHiyGeGrWmmfv7NbDTWC,-0.9597166917522435,-1.199346405123232,1.2751753828963852,-0.16957677944084176,-0.5319245852792682,1.3123352730243725,1.21162067374824,-0.9336505142139041,-1.0972235809254274,254022,3TVXtAsR1Inumwj472S9r4,99,43763483,https://i.scdn.co/image/012ecd119617ac24ab56620ace4b81735b172686,True,False,True,False,False,False,False,False,False,False,False,False,False,True,False
global,1434.0,2hgk8iKN9UdoM4ILlJ9F5N,886348,Love Her,Jonas Brothers,https://open.spotify.com/track/2hgk8iKN9UdoM4ILlJ9F5N,-0.3100488722455936,0.4108470790101431,-1.6682658283086689,-0.16957677944084176,-0.5878263238008501,0.15798048110697302,-0.8932842734013922,0.32804772828576384,-0.6231196273903357,193133,7gOdHgIoIKoe4i9Tta6qdD,87,3492262,https://i.scdn.co/image/a6607686d8bb0913324c84360ee921e94c5aadf3,True,False,False,False,False,False,False,False,True,False,False,False,False,True,False
global,1435.0,0AuriGfdxWcFNLBCPMUJ71,885617,Hash Hash,SSIO,https://open.spotify.com/track/0AuriGfdxWcFNLBCPMUJ71,-0.8624027583330329,0.8366833723346725,1.077784848022674,-0.16957677944084176,0.3286679682766635,0.6874349410503668,1.395953467285113,-0.5388025030719217,0.25895391889291236,165707,3IrUyDPQlQFcB5lMWhPml2,73,315398,https://i.scdn.co/image/6902da98807d4d958505c2b03d166d24a6aba099,True,True,False,False,False,False,False,False,False,False,False,False,False,True,False
global,1436.0,2DcZd7oFgctIJZG5pFncyD,883321,Flames (with ZAYN),R3HAB,https://open.spotify.com/track/2DcZd7oFgctIJZG5pFncyD,-0.39179257631773046,0.11143093526633341,0.10824898555473664,-0.16957677944084176,-0.6216615865902285,-0.5605648573876333,-0.42981896393725305,-0.21203173523028115,0.9743571592756168,155526,6cEuCEZu7PAE9ZSzLLc2oQ,85,1938755,https://i.scdn.co/image/a157c6e13ffffd135f1465d18103c774d20d053b,False,False,False,False,False,True,False,False,False,False,False,False,False,True,False
global,1437.0,7aBxcRw77817BrkdPChAGY,879804,Freedom (feat. Kendrick Lamar),Beyoncé,https://open.spotify.com/track/7aBxcRw77817BrkdPChAGY,-0.8565639223278803,-1.6052216221981737,1.0371456202545568,-0.16957677944084176,3.7416162148574523,0.023635914060111767,1.5363975004560646,-0.37087863626441187,-1.229264477437535,289760,6vWDO969PvNqNYHIOW5v0m,90,21495344,https://i.scdn.co/image/9fef2047e4e3f05031807d5fa9e121b7862ba259,True,False,True,False,False,False,False,False,False,False,False,False,False,True,False
global,1438.0,6Ks1e4WEUeOGgnTGZ4IMXo,878655,Kick It,BLACKPINK,https://open.spotify.com/track/6Ks1e4WEUeOGgnTGZ4IMXo,-0.9433679509378161,0.5705356890068416,0.9442559567845747,-0.16957677944084176,-0.7408205555441268,1.0195145410964956,-0.7502069146084857,-0.4843407084316482,0.09117703412093411,191226,41MozSoPIsD1dJM0CLPjZF,83,10276873,https://i.scdn.co/image/254b0e0fc1d4cf39de56960ed983c1ff7e3dff00,False,True,False,False,False,False,False,False,False,False,False,False,False,True,False
global,1439.0,0zNHMc1cGKe4MO5rtGtKRh,878253,Sup Mate (feat. Future),Young Thug,https://open.spotify.com/track/0zNHMc1cGKe4MO5rtGtKRh,-0.999864528123673,1.3024418181583757,-0.4200609754307858,3.1574343027045595,-0.22299392502842097,-0.5306704899214413,1.2379539299677933,0.15104689570487506,0.8102580219292905,238027,50co4Is1HCEo8bhOyUWKpn,94,4744074,https://i.scdn.co/image/10ea494021e8341a2b5a8fcc8cd3b9a000cbc878,True,True,False,False,False,False,False,False,False,False,False,False,False,True,False
global,1440.0,12VqHHz4wvVcnEdSivjLeQ,877271,Alive,Khalid,https://open.spotify.com/track/12VqHHz4wvVcnEdSivjLeQ,2.2356836260009554,-1.9445599184411577,-1.2676791545943715,0.5249077016923067,-0.02439564343859042,-1.4195777056631396,-0.7677624187548544,-1.283113696488992,-1.4167970497083664,177413,6LuN9FCkKOj5PcnpouEgny,96,10092177,https://i.scdn.co/image/e52c824585bfeef4d674b509437120805300f557,True,False,False,False,False,False,False,False,False,False,False,True,False,True,False
global,1441.0,2fhePAlCSsJplwkjqMYpVm,876859,LOVE AGAIN,Daniel Caesar,https://open.spotify.com/track/2fhePAlCSsJplwkjqMYpVm,0.5930244298846807,-0.8333933405474646,-1.0644830157537861,-0.16954688287272598,-0.4951471257255959,0.023996087162114196,-0.3350192415468609,0.16920082725163288,-1.469782649787664,214278,20wkVLutqVOYrc0kxFs7rA,82,1707237,https://i.scdn.co/image/f9dbecfbec79585821a0058c96fde9a57b9c106c,True,False,False,False,False,True,False,False,False,False,False,False,False,True,False
global,1442.0,1moEucbMhmAK6KVPoNw6ms,876732,Christmas Time Is Here,Brett Eldredge,https://open.spotify.com/track/1moEucbMhmAK6KVPoNw6ms,2.5821212289733455,-2.0576726838554857,-1.8830731750830025,-0.1612243530178334,-0.04646211917079381,-1.9868503413167757,-0.8625621411452465,-1.124266795454861,-1.5102378714698304,210907,0qSX3s5pJnAlSsgsCne8Cz,77,1046901,https://i.scdn.co/image/5f072aa3efa1ec27c6b1dec37d5c161c442dbb3d,True,False,False,False,False,False,False,False,False,False,False,False,True,False,False
global,1443.0,2nMZx7QHerfo4Wv37xNUEC,874193,Wrapped in Red,Kelly Clarkson,https://open.spotify.com/track/2nMZx7QHerfo4Wv37xNUEC,0.4178593497301017,-0.9198913376290097,0.636558946540259,-0.16957677944084176,-0.31125982795723434,0.6517778039521381,-0.8195511559866429,-0.5796488490521268,0.0562872532333375,216907,3BmGtnKgCSGYIUhmivXKWX,84,6010734,https://i.scdn.co/image/0e874611a108fcd361c92a665a991ba18a852050,True,False,False,False,False,False,False,True,False,False,False,False,False,True,False
global,1444.0,3OJ4LEE50iFELaHiZ09zif,873480,Purple Emoji (feat. J. Cole),Ty Dolla $ign,https://open.spotify.com/track/3OJ4LEE50iFELaHiZ09zif,-0.415147920338341,0.19127524026468268,-0.4723114111326507,-0.16957677944084176,1.5423241335478493,0.672667843868272,1.308175946553269,1.5262072103717785,0.7170775716669875,163755,7c0XG5cIJTrrAgEC3ULPiq,90,3098904,https://i.scdn.co/image/6d0222ada3a614c277aaff64fb1d7eb84a34644b,True,False,False,False,False,False,False,False,True,False,False,False,False,True,False
global,1445.0,7dxKdQC9Vo1hDxIUnt1z0Q,873040,Rollercoaster,Jonas Brothers,https://open.spotify.com/track/7dxKdQC9Vo1hDxIUnt1z0Q,-0.7759879854567739,0.12473831943272495,-0.2575040643583178,-0.16957677944084176,1.6085235607444595,-0.5432765484915222,-0.744940263364575,-0.09403118017635531,0.05954189697285237,181813,7gOdHgIoIKoe4i9Tta6qdD,87,3492262,https://i.scdn.co/image/a6607686d8bb0913324c84360ee921e94c5aadf3,True,False,False,False,False,False,False,False,False,False,False,True,False,True,False
global,1446.0,07NMFSwppnky8JyIQIxAQZ,872437,This Ain't That,Trippie Redd,https://open.spotify.com/track/07NMFSwppnky8JyIQIxAQZ,-0.5591725417987727,0.25115846901344463,0.3230563323290702,-0.16957677944084176,1.4099252791546288,0.6204427440779374,-0.6238072847546294,-1.2195749360753396,-1.4866417043583497,207059,6Xgp2XMz1fhVYe7i6yNAax,92,3998147,https://i.scdn.co/image/955a9b53451b9c97a6571202eccfe0b2b94a9e50,False,False,False,False,True,False,False,False,False,False,False,False,False,True,False
global,1447.0,1FxTz4x5X7ewAICkKhB3kA,870641,Hate Me,Trippie Redd,https://open.spotify.com/track/1FxTz4x5X7ewAICkKhB3kA,0.5774542005376072,1.2891344339919841,-0.8380644610457051,-0.16957677944084176,-0.480436141904127,-0.2544177206856707,-0.5579741442057461,0.5549718726202361,-0.03692574346636038,144771,6Xgp2XMz1fhVYe7i6yNAax,92,3998147,https://i.scdn.co/image/955a9b53451b9c97a6571202eccfe0b2b94a9e50,True,False,False,False,False,False,False,False,False,False,True,False,False,True,False
global,1448.0,5ChkMS8OtdzJeqyybCc9R5,870194,Billie Jean,Michael Jackson,https://open.spotify.com/track/5ChkMS8OtdzJeqyybCc9R5,-0.9110597250426382,1.6085116539853812,0.17211062919034933,0.014223133488869232,-1.0181226005788158,1.2341777098898714,-0.7888290237304972,1.630592316765636,-0.16603746061290459,293827,3fMbdgg4jU18AjLCKBhRSm,86,13384291,https://i.scdn.co/image/51dad9aaabe5643818840207a9a8957c2ad91bf2,False,False,False,False,False,False,False,False,False,False,False,True,False,True,False
global,1449.0,4LAGHmHcSt0HHwXCJcFri6,869429,91's,PNL,https://open.spotify.com/track/4LAGHmHcSt0HHwXCJcFri6,0.07531430409448052,0.6703410702547782,0.46819643150091655,-0.16957677944084176,-0.6908032105511325,-0.4885302369871712,-0.41489678541283953,-1.1787285900951345,-0.6216224912701587,233597,3NH8t45zOTqzlZgBvZRjvB,80,2607096,https://i.scdn.co/image/5183e0a003fb8679a63fbdac311df70c79bc9851,False,False,False,False,True,False,False,False,False,False,False,False,False,True,False
global,1450.0,0kmrXYtFI8cgxsShrJpThx,868878,Mis Deseos / Feliz Navidad (with Thalia),Michael Bublé,https://open.spotify.com/track/0kmrXYtFI8cgxsShrJpThx,1.3326103238706812,-0.14140936389510514,-0.3097545000601827,-0.16957677944084176,0.15213616241903655,-0.015262780956137454,-0.808140078291503,1.4082066553178532,0.1255135255728134,264000,1GxkXlMwML1oSg5eLPiAz3,92,3547268,https://i.scdn.co/image/6bf4c3c955399c4c45cd0677a860a42f39b6a508,True,False,False,False,False,False,False,False,False,True,False,False,False,True,False
global,1451.0,3XFaGEb6daqdj39ThpJ2XI,867435,Critical Darling,Slipknot,https://open.spotify.com/track/3XFaGEb6daqdj39ThpJ2XI,-1.0002654615293602,-2.536738513845581,1.9021806113187636,-0.09477719462197837,0.4757778064913526,1.0097898673424333,-0.33940811758345313,-1.8862780721300199,0.5053955428489572,385818,05fG473iIaoy82BF1aGhL8,83,5347669,https://i.scdn.co/image/a7958184e76eaec48937485e75d9f7e6d26d097f,False,False,False,False,False,False,False,False,False,True,False,False,False,True,False
global,1452.0,5mpUKTdskZea0gStWzeHUZ,866869,Unsainted,Slipknot,https://open.spotify.com/track/5mpUKTdskZea0gStWzeHUZ,-1.0024647564246343,-1.6717585430301314,1.8673469875175204,0.12473573936432834,-0.8379130487658216,1.545007096917864,-0.7291403096328429,-1.1378822441149294,-0.678350931649898,260773,05fG473iIaoy82BF1aGhL8,83,5347669,https://i.scdn.co/image/a7958184e76eaec48937485e75d9f7e6d26d097f,True,False,False,False,False,False,False,True,False,False,False,False,False,True,False
global,1453.0,6A4Jc8npNo79BOgsrPptLA,866190,Somebody's Watching Me - Single Version,Rockwell,https://open.spotify.com/track/6A4Jc8npNo79BOgsrPptLA,-0.8437184831165445,0.5904967652564289,0.5088356592690337,-0.16863684064560627,-0.31125982795723434,0.846271279033385,-0.8564177146940175,1.4354375526379899,0.0632521908358987,237760,3fMbdgg4jU18AjLCKBhRSm,86,13384291,https://i.scdn.co/image/51dad9aaabe5643818840207a9a8957c2ad91bf2,False,True,False,False,False,False,False,False,False,False,False,False,False,True,False
global,1454.0,5vZ4IeUenK2cHub2d7yfWk,864399,RADIO,Rammstein,https://open.spotify.com/track/5vZ4IeUenK2cHub2d7yfWk,-0.9871981465498286,-0.174677824311084,1.5654555812400792,-0.12525540803184182,-0.37010376324311006,0.4799752342970371,-0.7818068220719497,1.235744305623654,0.3216383573159632,277397,6wWVKhxIU2cEi0K81v7HvP,83,3823990,https://i.scdn.co/image/cdf344b2f5124d1f2f1217c45f12096730c70560,False,False,False,False,False,False,False,False,False,False,False,False,False,True,False
global,1455.0,26FNTVsgF4m31xvDgFfhGW,863692,Mit Dir,Loredana,https://open.spotify.com/track/26FNTVsgF4m31xvDgFfhGW,-0.3840074616441936,0.11143093526633341,-0.5710066785695067,-0.16947650379214213,-0.8526240325872905,0.2213709470593791,1.7997300626515984,0.7047418078809882,2.4002816744317537,158049,2Im8m4STDBosjfmb5hmP80,78,565240,https://i.scdn.co/image/fcde3e64e69b8dc2b12e6d5d464d5bea616cf7eb,False,True,False,False,False,False,False,False,False,False,False,False,False,True,False
global,1456.0,24eP9hGnGR6RCQvllQVkCm,862750,Don't Throw it Away,Jonas Brothers,https://open.spotify.com/track/24eP9hGnGR6RCQvllQVkCm,-0.9075564234395467,0.35096385026138116,1.3564538384326195,-0.16957677944084176,-0.6554968493796071,0.5026661397231824,-0.2797194034857988,1.1086667847963492,-0.6550802289123691,172560,7gOdHgIoIKoe4i9Tta6qdD,87,3492262,https://i.scdn.co/image/a6607686d8bb0913324c84360ee921e94c5aadf3,False,True,False,False,False,False,False,False,False,False,False,False,False,True,False
global,1457.0,34UHhwlly3SHryWuVfMOJm,862327,Fuori E Dentro (feat. tha Supreme),Gemitaiz,https://open.spotify.com/track/34UHhwlly3SHryWuVfMOJm,-0.570850213809078,1.6018579619021853,-0.24589285642457004,-0.16957677944084176,-0.4142367147075169,-0.2605406634197097,-0.09626438515624387,0.2282011047785958,0.05856550385099796,170000,4upwdFMlZBmQ68jP9jPzjK,79,1432373,https://i.scdn.co/image/796fdd17488e21f18855718087b17c4c0786aab4,True,False,True,False,False,False,False,False,False,False,False,False,False,True,False
global,1458.0,03CbQgFxnBFoaaVJTfEqMD,861296,medicine,Bring Me The Horizon,https://open.spotify.com/track/03CbQgFxnBFoaaVJTfEqMD,-0.9876263278568731,-0.42086443138932755,1.3564538384326195,-0.16957677944084176,-0.7018364484172341,1.1444946074912967,-0.7932178997670895,-0.7475727158596365,-0.8172265800149865,227265,1Ffb6ejR6Fe5IamqA5oRUF,81,2767688,https://i.scdn.co/image/b62d0034006e7ed561bf7747c058964edf0fdf84,True,False,False,False,False,False,False,False,False,False,False,False,False,True,False
global,1459.0,4JWQC6gyYoPRnxRxk0ta2M,858574,Peer Pressure (feat. Julia Michaels),James Bay,https://open.spotify.com/track/4JWQC6gyYoPRnxRxk0ta2M,-0.8865366138209971,-0.3144053580581952,0.5262524711696553,-0.16957677944084176,-0.3921702389753135,0.14213286461887126,-0.8976731494379845,-0.3073398758507597,0.4451846336679372,176880,4EzkuveR9pLvDVFNx6foYD,81,2668340,https://i.scdn.co/image/a4c0d3092ae7805d905fcd2a750d1c7f8d7cdd95,False,True,False,False,False,False,False,False,False,False,False,False,False,True,False
global,1460.0,2VDTgXwf3F6kcpX4HI0BKy,858117,"Heaven Can Wait (feat. Sia, Diplo, and Labrinth)",Sia,https://open.spotify.com/track/2VDTgXwf3F6kcpX4HI0BKy,-0.8705771287402466,-0.6204751938852007,-0.5768122825363805,-0.16927432388791946,-0.2597713845820931,0.20264194575525918,-0.423674537486024,0.20550869034514851,1.4861824337516831,195747,5WUlDfRSoLAfcVSX1WnrxN,90,15317280,https://i.scdn.co/image/652b6bb0dfaf8aa444f4414ee018699260e74306,False,False,False,False,False,False,False,True,False,False,False,False,True,False,False
global,1461.0,4qE9yOgBNsARadpZTAb6RH,856609,Litanie contre la Peur,TOOL,https://open.spotify.com/track/4qE9yOgBNsARadpZTAb6RH,2.807889554505914,-3.508177557992162,-3.5452175907989925,10.951481243394834,-0.6429925131313584,-5.883202958777753,-0.7203625575596585,-2.0451249731641505,0.4605140056810511,134490,2yEwvVSSSUkcLeSTNyHKh8,78,1126207,https://i.scdn.co/image/c23701238e46876969ea3b694e9b42b8db133b91,False,False,False,False,False,False,False,False,False,False,False,False,True,False,False
global,1462.0,6BKAKoo7J2vwJGZJs5dhGD,855453,CrasH,ScHoolboy Q,https://open.spotify.com/track/6BKAKoo7J2vwJGZJs5dhGD,-0.8818655450168751,0.9764109060817829,0.11405458952161053,-0.16957677944084176,-0.6496124558510196,0.17166705898306053,0.39528973094208547,1.3718987922243375,0.32128034650461673,161480,5IcR3N7QB1j6KBL8eImZ8m,81,2913150,https://i.scdn.co/image/16e1c84dcb5ab6b682f113a048ed172ca3ca2ef6,True,True,False,False,False,False,False,False,False,False,False,False,False,True,False
global,1463.0,6Dqja51kHdm93TJGkX7T16,853930,Real Feel,Trippie Redd,https://open.spotify.com/track/6Dqja51kHdm93TJGkX7T16,0.44510725108748067,1.0562552110801322,-0.3155601040270566,-0.16957677944084176,-0.6481413574688726,0.45260207854486145,-0.46756329785194617,-0.28464746141731245,-1.5503025359032554,258552,6Xgp2XMz1fhVYe7i6yNAax,92,3998147,https://i.scdn.co/image/955a9b53451b9c97a6571202eccfe0b2b94a9e50,True,False,True,False,False,False,False,False,False,False,False,False,False,True,False
global,1464.0,0aTiUssEOy0Mt69bsavj6K,853394,Descending,TOOL,https://open.spotify.com/track/0aTiUssEOy0Mt69bsavj6K,-0.99439937762285,-2.3171666751001205,-0.0833359453521014,8.776127843530533,-0.4951471257255959,-1.1141509151651816,-0.7080737046572003,-1.124266795454861,1.644553398116463,817832,2yEwvVSSSUkcLeSTNyHKh8,78,1126207,https://i.scdn.co/image/c23701238e46876969ea3b694e9b42b8db133b91,True,False,False,False,False,False,False,False,False,False,True,False,False,False,False
global,1465.0,0XIsaklmegqPEdOr38DVEt,852238,clickbait,Logic,https://open.spotify.com/track/0XIsaklmegqPEdOr38DVEt,-0.8215309062969645,1.1294458239952856,0.48561324340153816,-0.16913589230792808,-0.3259708117787033,0.30709214533592877,-0.3288748150956319,1.2584367200571012,1.1020042867393793,157000,4xRYI6VqpkE3UwrDrAZL8L,87,4329265,https://i.scdn.co/image/efa0b73c2cdaf40b1767b4b1e1254b1cfc5b51db,True,False,False,False,False,False,False,False,False,False,False,False,False,True,False
global,1466.0,7HCTUZPqclRvsiefXWwyFz,850903,Nummer,Ufo361,https://open.spotify.com/track/7HCTUZPqclRvsiefXWwyFz,-0.13488379209101445,0.11143093526633341,0.07922096572036724,-0.16722693245275305,-0.5392800771900026,-0.1359207701269112,0.03540189594152306,-0.892804168233699,2.333691663521285,182214,5pVRwX5ZQR7hfJ18w8ZYkl,83,1230672,https://i.scdn.co/image/ae285fbcf49b45b35adfff6dffd59b4cff6f7862,False,False,False,False,False,False,False,False,False,False,False,True,False,True,False
global,1467.0,0I26eEAwEoii0wHuFqwhYO,849202,sw1n6o - feat. Salmo,tha Supreme,https://open.spotify.com/track/0I26eEAwEoii0wHuFqwhYO,-0.5280320831046253,-0.726934267216333,1.1822857194264031,-0.1694947674543763,4.491876389752367,0.33266443557809255,-0.38856352919328613,1.3537448606775797,1.5568407493365448,184037,19i93sA0D7yS9dYoVNBqAA,86,510487,https://i.scdn.co/image/523766e72e9a82dada6e341a97b3143a574c2b61,False,False,False,False,False,False,False,False,False,False,False,False,False,True,False
global,1468.0,28r8yfatcoOTY7ZjqhKaJM,848303,Vendetta,RAF Camora,https://open.spotify.com/track/28r8yfatcoOTY7ZjqhKaJM,-0.8581209452625876,1.0762162873297194,1.43192669000198,-0.15924675901795673,-0.37745925515384454,0.17418827069707687,-0.8169178303646875,0.8182038800482245,0.0305430212537771,155677,0Dvx6p8JDyzeOPGmaCIH1L,85,1053568,https://i.scdn.co/image/545705916303faf8bf52413dee30637c5b417e98,False,False,False,False,False,True,False,False,False,False,False,False,False,True,False
global,1469.0,6e7hIhOLH9zvb3zP5O5gt0,846773,BOY BYE,BROCKHAMPTON,https://open.spotify.com/track/6e7hIhOLH9zvb3zP5O5gt0,0.9900652782350601,1.269173357742397,0.7120317981096195,-0.16957677944084176,-0.37010376324311006,-0.2396506235035759,0.18462368118565867,1.3446678949042008,0.09062374468521676,142187,1Bl6wpkWCQ4KVgnASpvzzA,84,1162941,https://i.scdn.co/image/707005c12d76bbdda637980fc187461438487c86,True,False,False,False,False,False,False,False,False,True,False,False,False,True,False
global,1470.0,5YP6yKgGGsXKukqxXypVAf,844795,F&N,Future,https://open.spotify.com/track/5YP6yKgGGsXKukqxXypVAf,-0.9639985048226888,0.33100277401179384,0.021164926051628445,-0.1688171506867715,-0.7415561047352003,0.616480839955912,0.5357337641130369,-0.4298789137913748,1.2625558624096345,189428,1RyvyyTE3xzB2ZywiAwp0i,91,8253537,https://i.scdn.co/image/287c505d7b76d3971a8c5b2fbb3935f9b2dbc3ce,True,True,False,False,False,False,False,False,False,False,False,False,False,True,False
global,1471.0,0mqTcM8kuu2IYPotMt7AzS,843563,Make You Feel My Love,Adele,https://open.spotify.com/track/0mqTcM8kuu2IYPotMt7AzS,2.5276254262585875,-0.79347118804829,-2.6261904828428584,-0.1651213764881785,-0.5098581095470648,-1.4977352687976402,-0.8853842965355262,-1.7800775725814866,-1.4685784316040433,212040,4dpARuHxo51G3z768sgnrY,87,19354923,https://i.scdn.co/image/ccbe7b4fef679f821988c78dbd4734471834e3d9,True,False,False,False,False,False,False,False,False,False,True,False,False,True,False
global,1472.0,1U4W2b7SdGXjNuJ7K591Re,843346,The Most,Miley Cyrus,https://open.spotify.com/track/1U4W2b7SdGXjNuJ7K591Re,0.76818951003926,-2.22401498593538,-0.05430792551773199,-0.13014122850212528,-0.384814747064579,-0.14708613628898265,-0.8537843890720621,-1.2649597649422342,-0.7536959342196615,221720,5YGY8feqx7naU7z4HrwZM6,87,10744522,https://i.scdn.co/image/b5079187578650ea27fba00480ddf80182777fda,True,False,False,False,False,False,False,True,False,False,False,False,False,True,False
global,1473.0,3QpkbrYXtlU3LRJu3sTK6V,842922,Joy,Bastille,https://open.spotify.com/track/3QpkbrYXtlU3LRJu3sTK6V,-0.13877634942778289,-0.79347118804829,1.6873732645444306,-0.16957677944084176,-0.4510141742611891,0.6002730503658081,0.017846391795154133,-0.5751103661654373,-0.13778715295391802,192523,7EQ0qTo7fWT7DPxmxtSYEc,85,4062271,https://i.scdn.co/image/7fd538c4aa21542d840e17773e6c8802196d1c4d,True,False,False,False,False,False,False,False,False,True,False,False,False,True,False
global,1474.0,7qqPnzVQILmJeldy9smPLj,842352,Déconnecté,PNL,https://open.spotify.com/track/7qqPnzVQILmJeldy9smPLj,0.19209102419753313,-1.2326148655392108,-0.10655836121959691,-0.16945928709143732,-0.4510141742611891,-0.6956297706384992,0.2636234498443188,-1.1560361756616873,-0.5617695929004852,316949,3NH8t45zOTqzlZgBvZRjvB,80,2607096,https://i.scdn.co/image/5183e0a003fb8679a63fbdac311df70c79bc9851,False,False,False,False,False,True,False,False,False,False,False,False,False,True,False
global,1475.0,7hzjWGFi2HKUGOXp1LiQ3V,842008,Spicy - with Diplo & Charli XCX,Herve Pagez,https://open.spotify.com/track/7hzjWGFi2HKUGOXp1LiQ3V,-0.7888334246681097,0.9564498298321956,1.1648689075257814,-0.09268327156328544,-0.5098581095470648,0.727414155372623,-0.6843737740596023,0.08750813529122267,-0.3955874835608698,157867,31JFnMfmvwzZGdEnXaKGek,55,4085,https://i.scdn.co/image/3447dffbc3a045d07cfb70acd4f8419863fb65ab,False,False,False,False,False,False,False,False,True,False,False,False,False,True,False
global,1476.0,15Y949TGjUppdT78h0S49P,841752,Gassed Up!,XXXTENTACION,https://open.spotify.com/track/15Y949TGjUppdT78h0S49P,0.13759522148277514,1.0961773635793068,-0.37361614369579477,-0.16949860631331723,-0.5584043561579122,0.12808611364078132,1.352064706919191,-0.048646351309461,0.2566105754004617,225051,15UsOTVnJzReFVN1VCnxy4,95,17294420,https://i.scdn.co/image/942afa81f0a2298ead0c154fb7b4b606de48d9e6,True,False,False,False,False,False,True,False,False,False,False,False,False,True,False
global,1477.0,6aPDvttLmezuUlv60ExTH9,841061,Fades Away (feat. Noonie Bao),Avicii,https://open.spotify.com/track/6aPDvttLmezuUlv60ExTH9,-0.11542100540717232,-0.9864282584609674,-0.5768122825363805,-0.16955118704790217,-0.684918817022545,-0.6632141914582914,-0.6273183855839033,-1.192344038755203,0.3934357982096549,178958,1vCWHaC5f2uS3yhpwWbIA6,89,16559762,https://i.scdn.co/image/81b19a403109c4fe528ee3972137127b85be9519,True,False,False,False,False,False,False,False,False,False,False,False,False,True,False
global,1478.0,63h44N1oLElnzut7RxZt6Z,839837,why are you here,Machine Gun Kelly,https://open.spotify.com/track/63h44N1oLElnzut7RxZt6Z,-0.9792962551561886,-0.79347118804829,1.53642756140571,-0.16957677944084176,2.219029389335419,0.894174301599692,-0.7598624418889885,0.6366645645806464,0.22507307756456452,175777,6TIYQ3jFPwQSRmorSezPxX,84,1813344,https://i.scdn.co/image/3cc72d9980641a907e68e30b595c3975d6c5e5d0,True,False,False,False,False,False,False,False,False,False,True,False,False,True,False
global,1479.0,3eS1VMcEmq2IUgpaeDysCb,837982,One Touch,Jess Glynne,https://open.spotify.com/track/3eS1VMcEmq2IUgpaeDysCb,0.2777272856064385,0.05154770651757221,0.39852918389843,-0.16957677944084176,-0.2818378603142965,0.08378482209449727,0.009068639721969671,0.9588968495355972,0.06699503113634078,197876,4ScCswdRlyA23odg9thgIO,82,1951952,https://i.scdn.co/image/7b8bcd3c4f4c044e2b330d3f79adae16c2dec8de,False,False,False,False,False,False,False,False,False,False,False,False,False,True,False
global,1480.0,7rLDARtJALM7QdiJDMXW7m,837215,Pray You Catch Me,Beyoncé,https://open.spotify.com/track/7rLDARtJALM7QdiJDMXW7m,1.457172158647271,-2.849462041755782,-2.376549512267282,0.664502572271834,1.667367496030335,-2.592661498884659,-0.816040055157369,-1.8749318649132962,1.7144305992038422,195987,6vWDO969PvNqNYHIOW5v0m,90,21495344,https://i.scdn.co/image/9fef2047e4e3f05031807d5fa9e121b7862ba259,False,False,False,False,False,False,False,False,True,False,False,False,True,False,False
global,1481.0,2yrdwMzK9HL3O7dGd79yoC,837002,Weather the Storm (feat. Meek Mill & Lil Baby),DJ Khaled,https://open.spotify.com/track/2yrdwMzK9HL3O7dGd79yoC,-0.3022637575720567,-1.0862336397089039,1.031340016287683,-0.16957677944084176,0.49048879031282155,1.3768062582827858,1.3432869548460065,-0.9472659628739722,-1.4996928257538031,153337,0QHgL1lAIqAw0HtD7YldmP,82,4390256,https://i.scdn.co/image/94e2383b16d3a8f0af23b45ab9edd767b4107bbf,False,False,True,False,False,False,False,False,False,False,False,False,False,True,False
global,1482.0,7sJwGtoWgkVRwzujlyT3cp,836650,Sims,Lauv,https://open.spotify.com/track/7sJwGtoWgkVRwzujlyT3cp,1.4999902893517236,-0.9930819505441632,-1.3141239863293626,-0.16957677944084176,-0.8136399254603979,-0.6340401701961039,2.2649509225303746,0.3598171084925895,-0.7301323135455756,155075,5JZ7CnR6gTvEMKX4g70Amv,91,2139634,https://i.scdn.co/image/d763de4ee1f230d55719b5fcccd76984fcc2d290,True,False,True,False,False,False,False,False,False,False,False,False,False,True,False
global,1483.0,48MQ3gJuiksM6zyLPRTFKj,836561,Alunissons,Nekfeu,https://open.spotify.com/track/48MQ3gJuiksM6zyLPRTFKj,2.185080380622966,-1.997789455106724,-1.7495442838449033,-0.16453973119409715,0.28453501681225674,-1.8287343495377621,-0.7809290468646312,-0.974496860194109,0.29866057251499045,278333,4LXBc13z5EWsc5N32bLxfH,80,1154381,https://i.scdn.co/image/4b29b23a7dc7ac866210d93d4a5287c95941696c,False,False,False,True,False,False,False,False,False,False,False,False,False,True,False
global,1484.0,6sq5mqtS3jwJjvBHALknJH,836022,Hair Down (feat. Kendrick Lamar),SiR,https://open.spotify.com/track/6sq5mqtS3jwJjvBHALknJH,-0.19327215214254087,0.11143093526633341,-0.6697019460063626,-0.16829715979386276,1.027439699796437,-1.5686893698920954,0.017846391795154133,-0.07133876574290827,-0.06748684818040272,217006,3QTDHixorJelOLxoxcjqGx,74,244501,https://i.scdn.co/image/64f42808b3486673da9ead8e07ff6d157a299d83,False,False,False,False,False,False,False,False,True,False,False,False,False,True,False
global,1485.0,2CvOqDpQIMw69cCzWqr5yr,834975,Halo,Beyoncé,https://open.spotify.com/track/2CvOqDpQIMw69cCzWqr5yr,0.059744074747406804,-1.7050270034461101,0.5088356592690337,-0.16957677944084176,-0.9070546727267257,0.20552333057127767,-0.26304167454674837,-0.07587724862959773,-1.4220695725663801,261160,6vWDO969PvNqNYHIOW5v0m,90,21495344,https://i.scdn.co/image/9fef2047e4e3f05031807d5fa9e121b7862ba259,False,False,False,False,False,False,False,False,False,False,False,True,False,True,False
global,1486.0,5MDgHT305bgpZSCz9mYo1X,833644,Bring Me Love,John Legend,https://open.spotify.com/track/5MDgHT305bgpZSCz9mYo1X,-0.25166051219406715,-1.199346405123232,1.3448426304988719,-0.16957677944084176,-0.12001703827813846,0.07946274487046971,2.5107279805795386,0.5005100779799626,2.2540505312153627,199253,5y2Xq6xcjJb2jVM54GHK3t,85,4804945,https://i.scdn.co/image/2bcc50240e556e832fde021700fdca5629d31440,True,False,True,False,False,False,False,False,False,False,False,False,False,True,False
global,1487.0,4f2GB5ZC7vOUYPAg69N2Xw,833021,September,"Earth, Wind & Fire",https://open.spotify.com/track/4f2GB5ZC7vOUYPAg69N2Xw,-0.49299906707370944,0.03824032235118067,1.391287462233863,-0.10838769450348228,1.2481044571184707,0.5973916655497896,-0.8669510171818389,2.225133574921954,0.10569274519916917,221520,4QQgXkCYTt3BlENzhyNETg,77,2153254,https://i.scdn.co/image/9fd0a9822140cce668ee15263e1f73730152dff0,True,False,False,False,False,False,False,False,False,True,False,False,False,True,False
global,1488.0,0Hgqglypzt6Qs5Duqskcqs,832728,Heaven,Khalid,https://open.spotify.com/track/0Hgqglypzt6Qs5Duqskcqs,1.383213569248671,-1.7183343876125017,-0.843870065012579,7.543039820078043,-0.7827468594353132,-0.8656314747835887,-0.8125289543280952,-1.7142695707244897,-0.16789260754442797,213027,6LuN9FCkKOj5PcnpouEgny,96,10092177,https://i.scdn.co/image/e52c824585bfeef4d674b509437120805300f557,True,False,False,False,False,False,False,False,True,False,False,False,False,True,False
global,1489.0,3tZ4zv4UuenjJGSNUMfBNG,832656,XanaX Damage,Future,https://open.spotify.com/track/3tZ4zv4UuenjJGSNUMfBNG,0.429537021740407,-0.8467007247138562,-0.08914154931897528,-0.16778531193507118,0.13006968668683314,-0.8994877463718055,0.11440166460018297,-0.7430342329729469,0.5512209267013233,104013,1RyvyyTE3xzB2ZywiAwp0i,91,8253537,https://i.scdn.co/image/287c505d7b76d3971a8c5b2fbb3935f9b2dbc3ce,True,False,False,False,False,False,False,True,False,False,False,False,False,True,False
global,1490.0,5kXDF4OmM5COyeo6z97nEk,831675,Harmony Hall,Vampire Weekend,https://open.spotify.com/track/5kXDF4OmM5COyeo6z97nEk,0.8460406567746283,-0.16802413222788823,0.7875046496789799,-0.16807613458211185,-0.6076861519598331,0.14105234531286429,-0.7203625575596585,0.5095870437533415,-0.7856565357416948,308733,5BvJzeQpmsdsFp4HGUYUEx,76,1506832,https://i.scdn.co/image/5390ca6bd240b2a15b71868d1d105c3d6a7a7b17,True,False,False,False,False,False,False,False,False,False,False,True,False,True,False
global,1491.0,15LOSQ3z91ZB2wMiMhiCjZ,830791,Desire,Juice WRLD,https://open.spotify.com/track/15LOSQ3z91ZB2wMiMhiCjZ,-0.5903130004929201,-0.5406308888868514,0.828143877447097,-0.16957677944084176,-0.4951471257255959,0.6355700143620343,-0.7186070071450216,-1.283113696488992,0.8416978804530009,189813,4MCBfE4596Uoi2O4DtmEMz,98,7403812,https://i.scdn.co/image/d8e62447a338a882b490460da20e90aac6d60ae7,False,True,False,False,False,False,False,False,False,False,False,False,False,True,False
global,1492.0,4smLSyGtyNJLPb9J1Iuwsb,829601,Sans peine,Ninho,https://open.spotify.com/track/4smLSyGtyNJLPb9J1Iuwsb,-0.8363226241766845,0.7368779910867359,0.18952744109097097,-0.16957677944084176,-0.5981240124758783,0.19327744510319922,1.2993981944800845,0.30535531385231657,0.48596531972405566,157274,6Te49r3A6f5BiIgBRxH7FH,84,2588183,https://i.scdn.co/image/3b11c1b82e510b866fa2e0935c9d9ab149d03407,True,True,False,False,False,False,False,False,False,False,False,False,False,True,False
global,1493.0,6QTPacyXkZWG9FMwq6L1hJ,829561,Love You For A Long Time,Maggie Rogers,https://open.spotify.com/track/6QTPacyXkZWG9FMwq6L1hJ,-0.3645446749603515,0.19127524026468268,0.2650002926603314,-0.13665565579583658,-0.480436141904127,0.1226835171107468,-0.857295489901336,1.5171302445983996,-0.2979481713754318,223120,4NZvixzsSefsNiIqXn0NDe,76,529130,https://i.scdn.co/image/db9637ae0d647218a33e66c95d838d0630cf97bb,True,False,False,False,False,False,False,False,False,True,False,False,False,True,False
global,1494.0,0yc37FvbXRwwFaQxzpxbsd,829144,Somebody To Love,OneRepublic,https://open.spotify.com/track/0yc37FvbXRwwFaQxzpxbsd,-0.9414216722694319,-1.844754537193221,-0.7045355698076059,-0.16957677944084176,-0.29654884413576543,-0.5785735124877484,-0.7572291162670332,-1.142420727001619,-0.11900785857691881,181408,5Pwc4xIPtQLFEnJriah9YJ,86,9208531,https://i.scdn.co/image/7995187182d03b7fdcf236939dd8659db5bbd818,True,False,True,False,False,False,False,False,False,False,False,False,False,True,False
global,1495.0,4aTtHoSBB0CuQGA6vXBNyp,828670,Home (feat. Bonn),Martin Garrix,https://open.spotify.com/track/4aTtHoSBB0CuQGA6vXBNyp,-0.7479615726320412,-1.4122645517854964,-0.07172473741835363,-0.16952943351390354,-0.31125982795723434,0.5844254338777063,-0.8713398932184311,-1.142420727001619,0.19418650847657146,239067,60d24wfXkVzDSfLS6hyCjZ,88,12498138,https://i.scdn.co/image/990f17c31b1cb4b4b2bc7b3d4780e2c9fd3a846a,False,False,False,False,False,False,False,False,True,False,False,False,False,True,False
global,1496.0,0ZN72tCEgbwPXEtj6TPMxK,828466,Still Ballin (feat. Wiz Khalifa),Logic,https://open.spotify.com/track/0ZN72tCEgbwPXEtj6TPMxK,-0.9441464624051698,0.7435316831699317,0.30563952042844855,-0.16945347063849653,-0.03910662726005935,0.43495359654674853,-0.22793066625401068,1.1903594767567593,1.2319947576955925,239987,4xRYI6VqpkE3UwrDrAZL8L,87,4329265,https://i.scdn.co/image/efa0b73c2cdaf40b1767b4b1e1254b1cfc5b51db,True,False,False,False,False,False,False,True,False,False,False,False,False,True,False
global,1497.0,4FQJyi8gnbhKy623wNx6Ps,827797,All I Want For Christmas (Is My Two Front Teeth) - Remastered,Nat King Cole Trio,https://open.spotify.com/track/4FQJyi8gnbhKy623wNx6Ps,2.761178866464693,0.4906913840084924,-3.1202473804238253,-0.16957677944084176,-0.6429925131313584,-3.7030751723577775,-0.5175964846690977,0.06481572085777539,0.27399037296946943,151893,3OpnoUqoRIHWbsFs4Nw0NQ,63,83264,https://i.scdn.co/image/2213875d9859afb436e6783a8504d8a127832628,True,False,False,False,False,False,False,False,False,True,False,False,False,True,False
global,1498.0,2bPQuniBB9x0fRtxDly0kr,827250,Stop The Cavalry,Jona Lewie,https://open.spotify.com/track/2bPQuniBB9x0fRtxDly0kr,0.35947098967857527,0.13139201151592073,-1.395402441865597,-0.14177413438375258,-0.7143407846654827,-1.0781336049649508,-0.7914623493524525,1.167667062323312,-0.8114658605960454,176360,3nohf4qILMr5aUSOsolwxB,61,5127,https://i.scdn.co/image/ab67616d0000b273323201d90d2cfe54ad0ffe87,True,False,False,False,False,False,False,False,False,True,False,False,False,True,False
global,1499.0,2tpfOljBdskx8G331TjRps,826881,APPARTENGO - Il sangue (feat. Massimo Pericolo),Marracash,https://open.spotify.com/track/2tpfOljBdskx8G331TjRps,-0.23219772551022502,0.6903021465043655,0.07341536175349336,-0.16957677944084176,-0.02439564343859042,0.21092592710131217,-0.34116366799809006,1.4218221039779215,0.25495070709330875,255449,5AZuEF0feCXMkUCwQiQlW7,83,836175,https://i.scdn.co/image/c9a2915a62d687f45de7d5f30c0ce8ff14a198da,False,False,False,True,False,False,False,False,False,False,False,False,False,True,False
global,1500.0,5tlRHNdTy4la5CuTkbYeQE,825923,come fa1,tha Supreme,https://open.spotify.com/track/5tlRHNdTy4la5CuTkbYeQE,-0.4307181496854147,-0.19463890056067132,-0.36200493576204695,-0.16890556077147187,-0.03910662726005935,-0.2580194517056937,-0.7326514104621167,-0.6386491265790898,0.19174552567193495,128775,19i93sA0D7yS9dYoVNBqAA,86,510487,https://i.scdn.co/image/523766e72e9a82dada6e341a97b3143a574c2b61,False,False,False,False,False,False,False,False,False,False,False,False,False,True,False
global,1501.0,1s3XtkdfT3obSCbQVWtvX9,825860,La misère est si belle,PNL,https://open.spotify.com/track/1s3XtkdfT3obSCbQVWtvX9,0.7526192806921862,0.8300296802514767,-0.002057489815867073,-0.16103822652372735,-0.5466355691007371,-0.10314501784470104,-0.7221181079742954,0.6366645645806464,-0.8520512680277925,304524,3NH8t45zOTqzlZgBvZRjvB,80,2607096,https://i.scdn.co/image/5183e0a003fb8679a63fbdac311df70c79bc9851,True,False,False,False,False,False,False,True,False,False,False,False,False,True,False
global,1502.0,1GpPsjjd4D1jsteGYpGGIN,823961,A Holly Jolly Christmas,Brett Eldredge,https://open.spotify.com/track/1GpPsjjd4D1jsteGYpGGIN,1.4143540279428182,0.018279246101593358,-0.8728980848469484,-0.16956235463754854,-0.27448236840356205,-0.7727068144669927,-0.7695179691694914,0.9634353324222866,-1.6335237763226438,142840,0qSX3s5pJnAlSsgsCne8Cz,77,1046901,https://i.scdn.co/image/5f072aa3efa1ec27c6b1dec37d5c161c442dbb3d,False,False,False,False,False,False,False,True,False,False,False,False,False,True,False
global,1503.0,09Yoq7UUSqh9aJSBoRMDfA,823340,Wie Buffon,MERO,https://open.spotify.com/track/09Yoq7UUSqh9aJSBoRMDfA,-0.40347024832803574,0.11143093526633341,0.4798076394346643,-0.16957677944084176,-0.5245690933685337,-1.1789820735255971,0.5532892682594058,1.326513963357443,1.6182558767011854,157440,5wyWp867LWGjFmYZXVSFnZ,76,1151567,https://i.scdn.co/image/615afe66fedb5c97875da1619efd391fd0657ff1,False,True,False,False,False,False,False,False,False,False,False,False,False,False,False
global,1504.0,2CqMWqcHywYRvwzdw2Wh4P,823319,Wannabe,Logic,https://open.spotify.com/track/2CqMWqcHywYRvwzdw2Wh4P,-0.6296278295942812,1.5885505777357938,1.1822857194264031,-0.16957677944084176,-0.7018364484172341,-0.386601249120518,-0.31044153574194444,0.9906662297424234,0.38614539623314253,78800,4xRYI6VqpkE3UwrDrAZL8L,87,4329265,https://i.scdn.co/image/efa0b73c2cdaf40b1767b4b1e1254b1cfc5b51db,True,False,True,False,False,False,False,False,False,False,False,False,False,True,False
global,1505.0,4waeGjPW1ovLjhbScVibAH,822784,La vivance (feat. Koba LaD),Ninho,https://open.spotify.com/track/4waeGjPW1ovLjhbScVibAH,-0.13877634942778289,0.4175007710933389,1.077784848022674,-0.16957677944084176,-0.002329167706387227,0.9179457263318445,-0.4596633209860802,0.5277409753000993,-0.5559763270441493,181857,6Te49r3A6f5BiIgBRxH7FH,84,2588183,https://i.scdn.co/image/3b11c1b82e510b866fa2e0935c9d9ab149d03407,False,False,False,False,False,False,False,False,False,False,True,False,True,False,False
global,1506.0,2ducmmobqydJmv8or1OKTo,822246,I Get Lonely,Drake,https://open.spotify.com/track/2ducmmobqydJmv8or1OKTo,1.7452214015681342,-1.3390739388703432,-0.7161467777413536,-0.16951151883884583,-0.581206381081189,-0.9726028860782746,-0.7914623493524525,0.9135120206687026,-1.326968882497763,253562,3TVXtAsR1Inumwj472S9r4,99,43763483,https://i.scdn.co/image/012ecd119617ac24ab56620ace4b81735b172686,False,False,False,False,False,False,False,False,False,False,False,True,False,True,False
global,1507.0,5C0LFQARavkPpn7JgA4sLk,821595,Every Breath You Take - Remastered 2003,The Police,https://open.spotify.com/track/5C0LFQARavkPpn7JgA4sLk,1.1107345556748813,0.9431424456658041,-1.0006213721181734,-0.13537603614885757,-0.7665647772316975,-1.195189863115701,-0.8353511097183749,1.1449746478898648,-0.1544834753376281,253250,5NGO30tJxFlKixkPSgXcFE,80,3237510,https://i.scdn.co/image/1f73a61faca2942cd5ea29c2143184db8645f0b3,True,True,False,False,False,False,False,False,False,False,False,False,False,True,False
global,1508.0,5gNZjp6r2TfC3uh9iopWxt,821558,Paris c'est magique,Ninho,https://open.spotify.com/track/5gNZjp6r2TfC3uh9iopWxt,1.5077754040252604,0.15135308776550804,0.6191421346396374,-0.16957677944084176,-0.4289476985289857,0.27251552754370706,1.2906204424069,-0.2483395983237968,2.0385280227847065,187399,6Te49r3A6f5BiIgBRxH7FH,84,2588183,https://i.scdn.co/image/3b11c1b82e510b866fa2e0935c9d9ab149d03407,False,False,False,False,False,True,False,False,False,False,False,False,True,False,False
global,1509.0,0IH3D0P8OrQFs6ajcqbm0R,821086,Dangerous (feat. Kid Cudi),ScHoolboy Q,https://open.spotify.com/track/0IH3D0P8OrQFs6ajcqbm0R,1.4727423879943446,-1.7582565401116763,-0.46650580716577683,-0.16937785675026593,-0.6841832678314714,-1.0723708353329138,-0.2454861704003796,-1.9552630120076995,1.6181907838263947,150613,5IcR3N7QB1j6KBL8eImZ8m,81,2913150,https://i.scdn.co/image/16e1c84dcb5ab6b682f113a048ed172ca3ca2ef6,True,False,False,False,False,True,False,False,False,False,False,False,False,True,False
global,1510.0,56fiFTRrSiHHH3gBeaTg2P,821009,Nero Forte,Slipknot,https://open.spotify.com/track/56fiFTRrSiHHH3gBeaTg2P,-1.0012230306342051,-2.2772445226009457,2.0531263144574843,-0.16346950385298745,-0.26712687649282757,1.4837776695774716,-0.3982190564737891,0.03758482353763866,0.2504267522953841,315177,05fG473iIaoy82BF1aGhL8,83,5347669,https://i.scdn.co/image/a7958184e76eaec48937485e75d9f7e6d26d097f,True,False,False,False,False,False,False,True,False,False,False,False,False,True,False
global,1511.0,7zGEU6BXl2c4TxpzIAr7BI,820031,Never Leave Me (feat. Joe Janiak),Avicii,https://open.spotify.com/track/7zGEU6BXl2c4TxpzIAr7BI,0.1765207948504594,-0.32771274222458674,0.21855546092534037,-0.16957677944084176,-0.7216962765762172,0.32293976182403017,-0.31658596219317364,-0.17118538925007606,-1.2946828166017785,171726,1vCWHaC5f2uS3yhpwWbIA6,89,16559762,https://i.scdn.co/image/81b19a403109c4fe528ee3972137127b85be9519,True,False,False,False,True,False,False,False,False,False,False,False,False,True,False
global,1512.0,7znO2T2deQ7nZUbyxEAMDB,815960,Be Yourself,Trippie Redd,https://open.spotify.com/track/7znO2T2deQ7nZUbyxEAMDB,0.02471105871649096,-0.7202805751331373,-0.5187562428676418,-0.16953362136002093,-0.465725158082658,-0.10530605645671465,0.7200665576499103,-1.8803780443773235,-1.027802029961581,196861,6Xgp2XMz1fhVYe7i6yNAax,92,3998147,https://i.scdn.co/image/955a9b53451b9c97a6571202eccfe0b2b94a9e50,True,False,False,False,False,False,False,True,False,False,False,False,False,True,False
global,1513.0,3eVuglKxN2sjoIGHAsFAge,815387,I Found You / Nilda’s Story (with Calvin Harris & Miguel),benny blanco,https://open.spotify.com/track/3eVuglKxN2sjoIGHAsFAge,2.6560798183719454,-2.27059083051775,-2.225603809128561,-0.03928823356661626,-0.3186153198679688,-1.2142790375218235,-0.6782293476083732,-1.3920372857695387,-1.3093938063043846,191465,5CiGnKThu5ctn9pBxv7DGa,83,458671,https://i.scdn.co/image/6397158bae9bf66c29bb425edba14961dbf14a20,True,False,False,False,False,False,True,False,False,False,False,False,False,False,True
global,1514.0,1e3GEwsaXtBNtPfooQimDn,815137,5200,ScHoolboy Q,https://open.spotify.com/track/1e3GEwsaXtBNtPfooQimDn,-0.18937959480577243,0.11143093526633341,-0.4607002031989029,-0.16957677944084176,-0.2597713845820931,0.4655683102169447,2.4843947243599853,-0.7611881645197048,0.19015075023957306,211800,5IcR3N7QB1j6KBL8eImZ8m,81,2913150,https://i.scdn.co/image/16e1c84dcb5ab6b682f113a048ed172ca3ca2ef6,True,False,False,False,True,False,False,False,False,False,False,False,False,True,False
global,1515.0,5dVUSdsePmEKkq4ryfrobU,814061,Excuse Me Mr Sir (feat. Vargas & Lagola),Avicii,https://open.spotify.com/track/5dVUSdsePmEKkq4ryfrobU,-0.5085692964207832,-1.425571935951888,0.2766115005940792,-0.1347943908547762,1.0862836350823128,0.14897615355691518,-0.502674306144684,0.019430891990880834,-0.24213103124275626,187753,1vCWHaC5f2uS3yhpwWbIA6,89,16559762,https://i.scdn.co/image/81b19a403109c4fe528ee3972137127b85be9519,True,False,True,False,False,False,False,False,False,False,False,False,True,False,False
global,1516.0,3R9j8urSPiBbapNbyuSYkE,813259,Grinding All My Life,Nipsey Hussle,https://open.spotify.com/track/3R9j8urSPiBbapNbyuSYkE,-0.8117995129550434,0.11143093526633341,0.5320580751365293,-0.16957677944084176,-0.480436141904127,0.33266443557809255,2.2298399142376364,-1.0970358981347244,1.8882611213313165,175040,0EeQBlQJFiAfJeVN2vT9s0,79,1253075,https://i.scdn.co/image/2a53f9d4a36e958d54797aae6aee9645b547c9fd,False,False,False,True,False,False,False,False,False,False,False,False,False,True,False
global,1517.0,2i1CnSeLjppv41BTuc7qhY,813211,Frail State Of Mind,The 1975,https://open.spotify.com/track/2i1CnSeLjppv41BTuc7qhY,-0.9457034853398772,-0.7468953434659203,0.2998339164615747,-0.09140365191630646,-0.743027203117347,-0.007338972712086895,-0.8046289774622293,-1.9902093302352082,0.1895974608038557,234812,3mIj9lX2MWuHmhNCA7LSCW,83,3733356,https://i.scdn.co/image/94dd2feca73bdfb7e1c12751b499ec0a46024866,True,False,False,False,False,False,False,False,False,True,False,False,False,True,False
global,1518.0,01GmGxOPy22EdAZGC0X6q1,812040,We Go High,Chance the Rapper,https://open.spotify.com/track/01GmGxOPy22EdAZGC0X6q1,2.1189069058979033,-0.14140936389510514,0.11405458952161053,-0.16957677944084176,-0.5392800771900026,0.2807995088897601,2.045507120700763,0.3598171084925895,-1.1998099515949276,299168,1anyVhU62p31KFi8MEzkbf,87,4587455,https://i.scdn.co/image/0433f521b1fadf1d839b6e70c3914021f122901f,False,False,False,False,False,True,False,False,False,False,False,False,False,True,False
global,1519.0,2ogKhhoMClkFXek7ZgxAhN,811560,Shameless,Camila Cabello,https://open.spotify.com/track/2ogKhhoMClkFXek7ZgxAhN,-0.9262406986560351,-2.0044431471899196,0.15469381728972767,-0.16895907213852734,-0.002329167706387227,0.3748046885123627,-0.624685059961948,-1.827277794603057,0.24574006531048287,219742,4nDoRrQiYLoBzwC5BhVJzF,96,14245838,https://i.scdn.co/image/667daebca4856db3f4cbe8f51a4881091e62c401,False,False,False,False,True,False,False,False,False,False,False,False,False,True,False
global,1520.0,6GCIYIWUBSLontW6divqsw,811241,Stay Flo,Solange,https://open.spotify.com/track/6GCIYIWUBSLontW6divqsw,0.5424211845066914,0.9631035219153914,-0.3852273516295425,-0.16934063145144473,-0.6782988743028838,-0.23100646905552047,-0.8967953742306661,0.8454347773683613,1.100930254305339,175707,2auiVi8sUZo17dLy1HwrTU,71,949175,https://i.scdn.co/image/fd28a30af0dbb314121e507b2f3a30bd6e28daf5,True,False,False,False,False,False,False,False,False,True,False,False,False,True,False
global,1521.0,7fiFJADUcHwTdYLmnZeLAy,810407,Hesitate,Jonas Brothers,https://open.spotify.com/track/7fiFJADUcHwTdYLmnZeLAy,-0.11931356274394074,-0.37428858680695715,-0.8090364412113358,-0.16957677944084176,-0.6282815293098896,-0.2814307033358439,-0.8581732651086543,-1.142420727001619,-0.133328291030783,208840,7gOdHgIoIKoe4i9Tta6qdD,87,3492262,https://i.scdn.co/image/a6607686d8bb0913324c84360ee921e94c5aadf3,True,False,True,False,False,False,False,False,False,False,False,False,False,True,False
global,1522.0,1xkMNjOFNCw3OCI7Gtjpjb,808713,Tap (feat. Meek Mill),NAV,https://open.spotify.com/track/1xkMNjOFNCw3OCI7Gtjpjb,-0.7514648742351329,1.4820915044046614,0.2998339164615747,-0.16957677944084176,-0.6474058082777991,-0.20003158228332213,1.062398888504104,-0.16210842347669713,-1.2084347575046415,148278,7rkW85dBwwrJtlHRDkJDAC,83,1763142,https://i.scdn.co/image/819c7e7c7126e367b35ff23e0653b1779069128f,True,False,True,False,False,False,False,False,False,False,False,False,False,True,False
global,1523.0,4KilYheWwxakB1L43ECTeP,807084,Gigolò (feat. Sfera Ebbasta & Capo Plaza),Lazza,https://open.spotify.com/track/4KilYheWwxakB1L43ECTeP,-0.6568757309516601,0.7768001435859105,0.055998549852871726,-0.16957677944084176,-0.6393147671759912,-0.826012433563335,0.1056239125269985,-0.44349436245144314,-0.8017995686896872,164302,0jdNdfi4vAuVi7a6cPDFBM,77,410667,https://i.scdn.co/image/9ac3d72879c19a3cf2350badec5a4e435ff7a494,False,False,False,False,False,True,False,False,False,False,False,False,False,True,False
global,1524.0,2SlzpQnpdEetONMktRWUKS,804253,Takotsubo,Nekfeu,https://open.spotify.com/track/2SlzpQnpdEetONMktRWUKS,1.134089899695492,0.4108470790101431,-0.5129506389007679,-0.16957677944084176,3.3444196516777915,-1.052921487824789,3.362169931678431,0.20097020745845906,-1.3026241473261941,284787,4LXBc13z5EWsc5N32bLxfH,80,1154381,https://i.scdn.co/image/4b29b23a7dc7ac866210d93d4a5287c95941696c,False,True,False,False,False,False,False,False,False,False,False,False,False,True,False
global,1525.0,4anzVbFPUuZTw0KQeZ0qnu,802974,WAS ICH LIEBE,Rammstein,https://open.spotify.com/track/4anzVbFPUuZTw0KQeZ0qnu,-0.9990315208536046,-0.7136268830499415,0.235972272825962,0.5528266758082121,-0.6393147671759912,0.5491284698814801,-0.7545957906450779,0.42789435179293134,1.622682192186925,269046,6wWVKhxIU2cEi0K81v7HvP,83,3823990,https://i.scdn.co/image/cdf344b2f5124d1f2f1217c45f12096730c70560,True,False,True,False,False,False,False,False,False,False,False,False,False,True,False
global,1526.0,7IP0lO9tHfNwBWZ9X6TJ84,802341,Single Again,Big Sean,https://open.spotify.com/track/7IP0lO9tHfNwBWZ9X6TJ84,-0.37622234697065676,-0.2877905897254121,0.30563952042844855,-0.16957677944084176,-0.14943900592107634,0.3348254741901065,-0.34291921841272704,-1.0652665179278982,-0.8851835412960511,213733,0c173mlxpT3dSFRgMO8XPh,86,6962784,https://i.scdn.co/image/ace48339c5cdca66a84a780aa0e6420b35b638c3,True,False,False,False,False,False,False,False,False,False,True,False,False,True,False
global,1527.0,1MBtNXoT6cXrrSstG07Lf7,801943,Can't Take It From Me (feat. Skip Marley),Major Lazer,https://open.spotify.com/track/1MBtNXoT6cXrrSstG07Lf7,-0.8561746665942034,-0.48074766013808945,1.292592194797007,-0.16948429783908284,-0.2524158926713586,0.06685668630038885,-0.28498605472970956,0.06935420374446485,0.7416826783377178,175867,738wLrAtLtCtFOLvQBXOXp,86,5890848,https://i.scdn.co/image/093b23f613441e9b90070939795f3109386edbb4,True,False,False,False,False,False,False,False,False,False,False,True,False,True,False
global,1528.0,3OmMEncU5Z8hZJVKwAMZpk,801164,Dans l'univers,Nekfeu,https://open.spotify.com/track/3OmMEncU5Z8hZJVKwAMZpk,0.2504793842490595,-0.10814090347912629,-1.163178283190642,-0.16705243886452864,-0.2524158926713586,-1.2502963477220543,0.2724012019175033,-1.2694982478289236,0.3186440850756093,244320,4LXBc13z5EWsc5N32bLxfH,80,1154381,https://i.scdn.co/image/4b29b23a7dc7ac866210d93d4a5287c95941696c,True,False,False,False,False,False,False,False,False,False,False,True,False,True,False
global,1529.0,6U0FIYXCQ3TGrk4tFpLrEA,800406,SUGAR,BROCKHAMPTON,https://open.spotify.com/track/6U0FIYXCQ3TGrk4tFpLrEA,0.7448341660186494,-1.4987625488670413,-0.50133943096702,-0.16957677944084176,0.11535870286536422,-0.624675669544044,-0.5807962995960257,0.12835448127142776,0.026865273828125612,204533,1Bl6wpkWCQ4KVgnASpvzzA,84,1162941,https://i.scdn.co/image/707005c12d76bbdda637980fc187461438487c86,True,True,False,False,False,False,False,False,False,False,False,False,False,True,False
global,1530.0,7vRfxLcDDwgYW2WTrtEgUV,800030,The Next Best American Record,Lana Del Rey,https://open.spotify.com/track/7vRfxLcDDwgYW2WTrtEgUV,1.4260316999531235,-1.9379062263579618,-1.5811817688055612,-0.16913356572675178,-0.45836966617192354,-1.185825362463641,-0.8309622336817826,-1.7006541220644213,-0.4639675485280716,349347,00FQb4jTyendYWaN8pK0wa,89,9718093,https://i.scdn.co/image/6e8dc460cfb6b89d7970302259febd0aa73b38c6,True,False,True,False,False,False,False,False,False,False,False,False,False,True,False
global,1531.0,39hRcGieqFaKfZ7LN91Vy5,799618,QUALCOSA IN CUI CREDERE - Lo scheletro (feat. Guè Pequeno),Marracash,https://open.spotify.com/track/39hRcGieqFaKfZ7LN91Vy5,-0.09985077606009861,-0.21459997681025864,1.4493435019026015,-0.16957677944084176,0.019737308025816167,0.779639255162958,0.790288574235386,-0.7657266474063943,-1.3851619125602845,212316,5AZuEF0feCXMkUCwQiQlW7,83,836175,https://i.scdn.co/image/c9a2915a62d687f45de7d5f30c0ce8ff14a198da,True,False,False,False,False,False,False,False,False,True,False,False,False,True,False
global,1532.0,4e3VIoNlhRV6seqSAerKtG,798638,On Time,Ufo361,https://open.spotify.com/track/4e3VIoNlhRV6seqSAerKtG,-0.5513874271252359,0.1380457035991165,-0.6697019460063626,-0.16954246236849096,0.04180378375801956,-0.5465181064095431,1.2291761778946089,-0.7294187843128785,1.1008000685557588,221833,5pVRwX5ZQR7hfJ18w8ZYkl,83,1230672,https://i.scdn.co/image/ae285fbcf49b45b35adfff6dffd59b4cff6f7862,False,False,False,False,False,False,False,True,False,False,False,False,False,True,False
global,1533.0,31ljIjVJOgopnyNposqPhm,798518,Elle pleut,Nekfeu,https://open.spotify.com/track/31ljIjVJOgopnyNposqPhm,1.7958246469461236,0.19792893234787845,-1.447652877567462,-0.16954397464625556,-0.35539277942164116,-1.6518893564546286,2.7301717824091503,-1.1288052783415505,-0.928340117282015,286520,4LXBc13z5EWsc5N32bLxfH,80,1154381,https://i.scdn.co/image/4b29b23a7dc7ac866210d93d4a5287c95941696c,True,False,False,False,False,False,False,False,True,False,False,False,False,True,False
global,1534.0,7w87IxuO7BDcJ3YUqCyMTT,797931,Pumped Up Kicks,Foster The People,https://open.spotify.com/track/7w87IxuO7BDcJ3YUqCyMTT,-0.4385032643589516,0.3642712344277727,0.497224451335286,1.1682073969462952,-0.5789997335079686,0.2264133704874115,-0.8845065213282077,2.166133297394991,0.18966255367864585,239600,7gP3bB2nilZXLfPHJhMdvc,79,2785332,https://i.scdn.co/image/82babf927d68d75373df483836b21aa4bf9446d0,False,False,False,False,False,True,False,False,False,False,False,False,False,True,False
global,1535.0,4YXKVaWzHaVyDq2pVS5cgR,795841,Proud,Marshmello,https://open.spotify.com/track/4YXKVaWzHaVyDq2pVS5cgR,-0.8581209452625876,-1.0463114872097292,0.5320580751365293,-0.16957677944084176,-0.1935719573854831,0.5325605071893742,-0.8213067064012797,-1.6688847418575952,-1.4511009947228504,191000,64KEffDW9EtZ1y2vBYgq8T,90,20341696,https://i.scdn.co/image/eb88f6dde0844337248826abb86c6e0b0ef05973,True,False,False,False,False,False,False,False,False,False,False,False,False,True,False
global,1536.0,3msKIQc0Yjuz3Zn39g3KLX,792278,Don't Check On Me (feat. Justin Bieber & Ink),Chris Brown,https://open.spotify.com/track/3msKIQc0Yjuz3Zn39g3KLX,2.395278476808461,-0.12144828764551784,-1.3315407982299843,-0.16957677944084176,-0.45836966617192354,0.445038443402813,-0.8485177378281515,0.8635887089151191,-1.3067575448753777,204880,7bXgB6jMjp9ATFy66eO08Z,93,10352577,https://i.scdn.co/image/e153d6448b17ce97b2a79da70d64b89230c67053,True,False,False,False,False,False,False,True,False,False,False,False,False,True,False
global,1537.0,0Odu228D0yGcFySGuxU4rY,791575,The Take (feat. Chris Brown),Tory Lanez,https://open.spotify.com/track/0Odu228D0yGcFySGuxU4rY,-0.8040143982815066,-1.425571935951888,-0.44908899526515517,-0.16957677944084176,-0.14208351401034186,-0.597662686893871,1.8348410709443361,-0.29372442719069136,-1.794758827178197,221492,2jku7tDXc6XoB6MO2hFuqg,87,2680869,https://i.scdn.co/image/c509c5aa8289c3048fa8259d0bce49b2999c320f,False,False,False,False,False,False,False,True,False,False,False,False,False,True,False
global,1538.0,6XRgC4KAp4upKu0v7H4tQo,791570,Lo/Hi,The Black Keys,https://open.spotify.com/track/6XRgC4KAp4upKu0v7H4tQo,-0.9445357181388466,-0.48074766013808945,0.3172507283621963,-0.1646095286293869,0.4390003469376805,-0.34842290030827333,-0.8590510403159729,0.9861277468557339,-0.004411852508609662,177003,7mnBLXK823vNxN3UWB7Gfz,78,3089814,https://i.scdn.co/image/6eeea39a2cb13812612c9842f207b8e0f42c0372,True,False,True,False,False,False,False,False,False,False,False,False,False,True,False
global,1539.0,57QievAWQ13DWl20Obiz8E,791366,Father Of 4 (feat. Big Rube),Offset,https://open.spotify.com/track/57QievAWQ13DWl20Obiz8E,0.4918179391287018,0.38423231067736,-0.6348683222051194,-0.16952664161649195,-0.4510141742611891,-0.45431379229695196,0.2899567060638722,-0.30280139296407027,0.9057492692466489,259834,4DdkRBBYG6Yk9Ka8tdJ9BW,89,1389641,https://i.scdn.co/image/d718d632faa01221dd271f4e60a421596718fda0,True,True,False,False,False,False,False,False,False,False,False,False,False,True,False
global,1540.0,6lanRgr6wXibZr8KgzXxBl,791354,A Thousand Years,Christina Perri,https://open.spotify.com/track/6lanRgr6wXibZr8KgzXxBl,0.19987613887106997,-1.711680695529306,-1.261873550627498,-0.15839755688859794,-0.4730806499933925,-0.34842290030827333,-0.9064509015111689,-1.4828069435033275,0.5493983262071946,285120,7H55rcKCfwqkyDFH9wpKM6,77,2305922,https://i.scdn.co/image/79be6e801831767ff470246dcabe1395aa355f57,True,False,False,False,False,False,False,False,False,False,True,False,True,False,False
global,1541.0,56NDFbD0tCUawnqeU2wcvv,790950,Girls Love Beyoncé (feat. James Fauntleroy),Drake,https://open.spotify.com/track/56NDFbD0tCUawnqeU2wcvv,2.0410557591625347,-0.39424966305654446,-0.7858140253438403,-0.16957677944084176,-0.5025026176363303,-1.718881553427058,2.896949071799655,-0.7248803014261891,0.12688047594340957,225012,3TVXtAsR1Inumwj472S9r4,99,43763483,https://i.scdn.co/image/012ecd119617ac24ab56620ace4b81735b172686,False,False,False,False,False,False,False,False,False,False,False,True,False,True,False
global,1542.0,0mTKJnVf6GcujyDr1PZn0Q,789189,Jerry Sprunger (with T-Pain),Tory Lanez,https://open.spotify.com/track/0mTKJnVf6GcujyDr1PZn0Q,-0.44239582169572,0.10477724318313764,0.6946149862089979,-0.16957677944084176,-0.6165127422527145,0.4119025180186007,1.466175483870589,-0.28464746141731245,-0.7227442722568773,233546,2jku7tDXc6XoB6MO2hFuqg,87,2680869,https://i.scdn.co/image/c509c5aa8289c3048fa8259d0bce49b2999c320f,False,False,False,False,False,False,False,False,False,False,False,False,False,True,False
global,1543.0,3qIV7Rnj3ZxLs2JcLPUbFV,788676,Kick It,Lil Nas X,https://open.spotify.com/track/3qIV7Rnj3ZxLs2JcLPUbFV,-0.46575116571633046,0.40419338692694734,-0.8148420451782096,-0.16957677944084176,-0.3186153198679688,-1.141163897815355,0.8429550866744928,0.16012386147825397,0.9676200467348208,141987,7jVv8c5Fj3E9VhNjxT4snq,87,2218983,https://i.scdn.co/image/12d5ab979779aa41e697ce823328d527e643e4cf,True,False,False,False,False,False,False,False,False,True,False,False,False,True,False
global,1544.0,6kmSmIbfnGTaGCgwFW7umS,788434,Tales,ScHoolboy Q,https://open.spotify.com/track/6kmSmIbfnGTaGCgwFW7umS,0.35168587500503845,0.6304189177556035,1.1358408876914121,-0.16955758514613709,-0.3406817956001722,0.7288548477806324,1.0097323760649972,1.0405895414960074,0.5817169385405745,173280,5IcR3N7QB1j6KBL8eImZ8m,81,2913150,https://i.scdn.co/image/16e1c84dcb5ab6b682f113a048ed172ca3ca2ef6,True,False,True,False,False,False,False,False,False,False,False,False,False,True,False
global,1545.0,6WMf0Om41Z6HlMzXFuZ4F0,787298,Everyday Life,Coldplay,https://open.spotify.com/track/6WMf0Om41Z6HlMzXFuZ4F0,1.9982376284580818,-1.1061947159584913,-0.9948157681512996,0.8936708181398912,-0.8040777859764431,-0.9052505160038424,-0.8853842965355262,-1.142420727001619,0.061917786902697815,258533,4gzpq5DPGxSnKTe4SA8HAU,92,24034836,https://i.scdn.co/image/c942640d486338e4ae144a497f0cfd3f35ceb7af,True,False,True,False,False,False,False,False,False,False,False,False,False,True,False
global,1546.0,3oLe5ZILASG8vU5dxIMfLY,786915,The Search,NF,https://open.spotify.com/track/3oLe5ZILASG8vU5dxIMfLY,1.3248252091971444,0.7368779910867359,0.9558671647183224,-0.16957677944084176,-0.5539910610114716,0.5995527041618035,1.4749532359437734,-0.5342640201852322,-0.07152260641740067,248053,6fOMl44jA4Sp5b9PpYCkzz,89,2865437,https://i.scdn.co/image/55db20d7c49bdcf52162474265c66ca601054b1c,True,False,True,False,False,False,False,False,False,False,False,False,False,True,False
global,1547.0,4zb3kFL9fXrrfTwIY4CcDy,785963,Flux,Ellie Goulding,https://open.spotify.com/track/4zb3kFL9fXrrfTwIY4CcDy,2.2434687406744924,-1.0662725634593166,-0.925148520548813,-0.16957677944084176,0.21098009770491227,0.20696402297928707,-0.9011842502672582,-0.842880856480115,-0.9478679797191024,229783,0X2BH1fck6amBIoJhDVmmJ,87,7390843,https://i.scdn.co/image/6d2f58ed590582ac66df4a48708019f9d28f2cd9,True,False,False,False,False,False,False,False,False,False,False,False,False,True,False
global,1548.0,4Sokm1cWK36H2WctWWRGf1,785727,Irina Shayk,Ufo361,https://open.spotify.com/track/4Sokm1cWK36H2WctWWRGf1,-0.3567595602868146,-0.6670510384675711,-0.18203121278895734,0.07355095348516831,-0.03175113534932488,-1.0900193173310269,-0.5298853375715559,-1.3012676280357496,-1.5387485506279783,147452,5pVRwX5ZQR7hfJ18w8ZYkl,83,1230672,https://i.scdn.co/image/ae285fbcf49b45b35adfff6dffd59b4cff6f7862,False,False,True,False,False,False,False,False,False,False,False,False,False,True,False
global,1549.0,6l1Jnqfu7GAOV4MDgA2bNP,785313,QUELLI CHE NON PENSANO - Il cervello (feat. Coez),Marracash,https://open.spotify.com/track/6l1Jnqfu7GAOV4MDgA2bNP,-0.1815944801322356,0.11143093526633341,0.34627874819656573,-0.16957677944084176,1.3216593762258153,0.5927094152237596,1.4398422276510354,-0.1258005603831815,1.8174726199968745,190187,5AZuEF0feCXMkUCwQiQlW7,83,836175,https://i.scdn.co/image/c9a2915a62d687f45de7d5f30c0ce8ff14a198da,False,False,False,False,False,False,False,False,False,False,False,True,False,True,False
global,1550.0,1unFtbwcAnSGgYPmp52vc0,785070,Wit It,Gunna,https://open.spotify.com/track/1unFtbwcAnSGgYPmp52vc0,-0.23609028284699346,1.262519665659201,0.18952744109097097,-0.16957677944084176,-0.5098581095470648,0.41766528765063765,-0.486874352412952,0.09204661817791213,0.12229142827069381,139644,2hlmm7s2ICUX0LVIhVFlZQ,92,1709666,https://i.scdn.co/image/ec9841f2d8fd9f9a21dff3b2eba8c790b255b3e3,False,False,False,False,False,False,False,True,False,False,False,False,False,True,False
global,1551.0,3lG6OtGDsYAOALxEmubQQm,783313,Happiness is a butterfly,Lana Del Rey,https://open.spotify.com/track/3lG6OtGDsYAOALxEmubQQm,2.7572863091279243,-1.478801472617454,-2.8932482653190568,-0.1695561891974313,-0.4951471257255959,-1.5866980249922105,-0.7510846898158041,-1.478268460616638,-1.7423265165346167,272485,00FQb4jTyendYWaN8pK0wa,89,9718093,https://i.scdn.co/image/6e8dc460cfb6b89d7970302259febd0aa73b38c6,True,False,True,False,False,False,False,False,False,False,False,False,False,True,False
global,1552.0,1ff60tDWdcdVN6PtKQXWny,781309,Naeem,Bon Iver,https://open.spotify.com/track/1ff60tDWdcdVN6PtKQXWny,2.12669202057144,-2.05101899177229,-1.2560679466606242,0.15498129465655927,3.70483875530378,-1.3965266271349919,-0.7537180154377594,-1.4691914948432592,0.09505006017095649,262267,4LEiUm1SRbFMgfqnQTwUbQ,79,2519827,https://i.scdn.co/image/d5ea2b221938b03e2096ef2c2caf2a0558014c1e,True,False,False,False,False,False,False,False,False,False,False,False,False,True,False
global,1553.0,4iVD0fTHGxV9JWloujsL3s,781007,Double Up (feat. Belly and Dom Kennedy),Nipsey Hussle,https://open.spotify.com/track/4iVD0fTHGxV9JWloujsL3s,-0.7911689590701707,-0.494055044304481,-1.0935110355881554,-0.16676161621748797,-0.0905950706352006,-0.6635743645602935,0.5094005078934835,-1.1288052783415505,-0.4611685549120891,361280,0EeQBlQJFiAfJeVN2vT9s0,79,1253075,https://i.scdn.co/image/2a53f9d4a36e958d54797aae6aee9645b547c9fd,True,False,True,False,False,False,False,False,False,False,False,False,False,True,False
global,1554.0,6rVNnvyNeibts1uOqdSNIw,779645,Mother,Charlie Puth,https://open.spotify.com/track/6rVNnvyNeibts1uOqdSNIw,0.45678492309778596,-1.8048323846940468,0.4217515997659255,-0.16951780060802193,-0.36274827133237564,0.3117743956619587,1.8611743271638896,0.6548184961274042,1.8725086456320665,162864,6VuMaDnrHyPL1p4EHjYLi7,85,9096895,https://i.scdn.co/image/6402030b18deb0ba5d7cdbf2e6727a1f36c86030,True,False,False,False,False,False,False,False,False,False,False,True,True,False,False
global,1555.0,5BX0UF54txMgYG73sVNeJJ,778252,Menteur menteur,Nekfeu,https://open.spotify.com/track/5BX0UF54txMgYG73sVNeJJ,0.38282633369918584,1.235904897326418,0.4507796196002949,-0.16957677944084176,-0.5098581095470648,-0.24073114280958285,0.009068639721969671,1.621515350992257,0.5152896598170816,225427,4LXBc13z5EWsc5N32bLxfH,80,1154381,https://i.scdn.co/image/4b29b23a7dc7ac866210d93d4a5287c95941696c,True,False,False,False,False,False,False,False,True,False,False,False,False,True,False
global,1556.0,7cWmR9RLLMY6bj28q4bhvz,778206,Tic Toc (with Tory Lanez),Rich The Kid,https://open.spotify.com/track/7cWmR9RLLMY6bj28q4bhvz,-0.8546176436594961,0.676994762337974,0.10824898555473664,-0.16957677944084176,-0.43630319043972016,0.836906778381325,-0.07870888100987494,-1.2558827991688553,1.5572638530226819,150041,1pPmIToKXyGdsCF6LmqLmI,84,1933809,https://i.scdn.co/image/b7b47be84cfa8c949717987366f03f60450a93c3,True,True,False,False,False,False,False,False,False,False,False,False,False,True,False
global,1557.0,7d8GetOsjbxYnlo6Y9e5Kw,777288,Mr. Brightside,The Killers,https://open.spotify.com/track/7d8GetOsjbxYnlo6Y9e5Kw,-0.9985254883998246,-2.1707854492698138,1.7628461161137912,-0.16957677944084176,-0.5561977085846919,0.99682363567035,-0.4754632747178122,-1.1288052783415505,0.8422511698887192,222107,0C0XlULifJtAgn6ZNCW2eu,82,5086937,https://i.scdn.co/image/a841f0ee4f2d88c42f55f76c2cc6b588841f5d2f,True,True,False,False,False,False,False,False,False,False,False,False,False,True,False
global,1558.0,7wxDKfgFtRTbupcG4xDhtj,777230,"Oh Wow...Swerve (with J. Cole feat. Zoink Gang, KEY! & Maxo Kream)",Dreamville,https://open.spotify.com/track/7wxDKfgFtRTbupcG4xDhtj,0.5151732831493124,-1.1261557922080785,0.4565852235671688,-0.16957677944084176,0.6964425638133865,0.13709044119083885,3.3533921796052466,-0.8474193393668045,1.696041862075584,275987,1iNqsUDUraNWrj00bqssQG,78,186560,https://i.scdn.co/image/a18511aae6029596c9dfca3b9d38fb8383386d0e,True,True,False,False,False,False,False,False,False,False,False,False,False,True,False
global,1559.0,45zJRuzK9e6AO527NOW7Fy,776158,"Calipso (with Dardust) (feat. Sfera Ebbasta, Mahmood & Fabri Fibra)",Charlie Charles,https://open.spotify.com/track/45zJRuzK9e6AO527NOW7Fy,-0.9013283317007171,0.6437263019219951,0.2127498569584665,-0.16933365170791576,-0.45836966617192354,0.10791641992865202,0.4655117475275612,-0.09403118017635531,-0.3293229370243525,190700,1UCxzrM5WJh9ure5vCcsim,65,409182,https://i.scdn.co/image/ce0e328faeedc0c4cfb0bff22d215b51008d81ae,False,False,False,False,False,False,True,False,False,False,False,False,False,True,False
global,1560.0,0sSvwmaVvkcIARs3uaLmlj,774927,Voyage léger,Nekfeu,https://open.spotify.com/track/0sSvwmaVvkcIARs3uaLmlj,0.0013557146958803952,0.47738399984210084,-0.36781053972892086,-0.16957677944084176,-0.384814747064579,-0.49033110249718304,0.904399351186784,-1.54634570391698,-0.06670573368291918,202693,4LXBc13z5EWsc5N32bLxfH,80,1154381,https://i.scdn.co/image/4b29b23a7dc7ac866210d93d4a5287c95941696c,False,False,False,False,False,False,False,False,True,False,False,False,False,True,False
global,1561.0,1vnnXMrBeEWiRg3YCMCjQq,774785,Despacito - Remix,Luis Fonsi,https://open.spotify.com/track/1vnnXMrBeEWiRg3YCMCjQq,-0.12320612008070918,-0.19463890056067132,1.0081176004201873,-0.16957677944084176,-0.759209285320963,0.7677535427968816,0.4216229871616389,1.6759771456325308,1.8145108941939159,230413,4V8Sr092TqfHkfAA5fXXqG,84,7880988,https://i.scdn.co/image/6004641991ca63396cccdd8553f9120d69ea58d0,True,False,True,False,False,False,False,False,False,False,False,False,False,True,False
global,1562.0,0baYVkFX4vIXXmIuHRWXDN,774439,Out My Way,Juice WRLD,https://open.spotify.com/track/0baYVkFX4vIXXmIuHRWXDN,-0.5864204431561517,-0.09483351931273475,1.2055081352938986,-0.16957677944084176,4.425676962555757,1.192757803159606,1.8436188230175208,0.04666178931101757,1.3668346478236826,156621,4MCBfE4596Uoi2O4DtmEMz,98,7403812,https://i.scdn.co/image/d8e62447a338a882b490460da20e90aac6d60ae7,False,False,False,False,False,False,False,False,False,False,True,False,False,True,False
global,1563.0,6aIAuKNU8JlVaTmoCYYN6U,774221,Glad He's Gone,Tove Lo,https://open.spotify.com/track/6aIAuKNU8JlVaTmoCYYN6U,-0.6825666093743318,0.7768001435859105,-0.17042000485520958,-0.16957677944084176,-0.3406817956001722,-0.5746116083657232,-0.5281297871569189,0.06481572085777539,-1.012928308071999,196348,4NHQUGzhtTLFvgF5SZesLK,81,2275444,https://i.scdn.co/image/d478a4f9c29d18d3a715426c04c9e742a0fa2efd,True,True,False,False,False,False,False,False,False,False,False,False,False,True,False
global,1564.0,2GxHx0bbc0BK7Z0ChMJUtO,772902,Träume werden wahr,MERO,https://open.spotify.com/track/2GxHx0bbc0BK7Z0ChMJUtO,0.30108262962704907,1.0762162873297194,0.8107270655464754,-0.16948592644590624,-0.4142367147075169,0.04812768499626863,0.5357337641130369,-0.012338488215945353,0.2592468368294682,165640,5wyWp867LWGjFmYZXVSFnZ,76,1151567,https://i.scdn.co/image/615afe66fedb5c97875da1619efd391fd0657ff1,True,False,False,False,False,False,False,False,True,False,False,False,False,True,False
global,1565.0,2j9YmQRxtjuVwb4XN95oT8,772189,OMG (with Carly Rae Jepsen),Gryffin,https://open.spotify.com/track/2j9YmQRxtjuVwb4XN95oT8,-0.9554348786817983,-0.8400470326306604,-0.007863093782740953,-0.026492037096826255,-0.5025026176363303,0.2563077379536032,-0.673840471571781,0.5822027699403728,1.816919330561157,215737,2ZRQcIgzPCVaT9XKhXZIzh,80,418783,https://i.scdn.co/image/4d581cbbac339906b4de7580064f0cd38ad5cc12,True,False,False,False,False,False,True,False,False,False,False,False,False,True,False
global,1566.0,1yBbxDXEfr8boXM1ubvBHi,771670,Ecstasy (feat. Machine Gun Kelly),Young Thug,https://open.spotify.com/track/1yBbxDXEfr8boXM1ubvBHi,-1.0008182046711813,0.9830645981649787,0.38691797596468225,-0.16957677944084176,-0.12737253018887293,-0.02858918573022317,-0.008486864424399252,0.5232024924134099,1.3284949445722005,178240,50co4Is1HCEo8bhOyUWKpn,94,4744074,https://i.scdn.co/image/10ea494021e8341a2b5a8fcc8cd3b9a000cbc878,True,True,False,False,False,False,False,False,False,False,False,False,False,True,False
global,1567.0,2RQAG0wQt35UzAPEyVJFWN,771075,Love Drought,Beyoncé,https://open.spotify.com/track/2RQAG0wQt35UzAPEyVJFWN,-0.9215696298519129,-1.4854551647006498,-0.5187562428676418,7.2754829848006155,-0.35539277942164116,-1.4854893833295622,-0.766884643547536,-1.233190384735408,1.1346483634467104,237440,6vWDO969PvNqNYHIOW5v0m,90,21495344,https://i.scdn.co/image/9fef2047e4e3f05031807d5fa9e121b7862ba259,False,False,False,False,False,False,False,False,False,True,False,False,False,True,False
global,1568.0,6DibqiBTKMob2SjBwKqRfS,770528,Happy When I'm Sad,Jonas Brothers,https://open.spotify.com/track/6DibqiBTKMob2SjBwKqRfS,-1.0021494592803561,0.6903021465043655,0.979089580585818,-0.1670757046762919,0.9685957645105614,-0.2075952174253706,-0.7905845741451342,1.898362807080314,-0.6887006987415549,158467,7gOdHgIoIKoe4i9Tta6qdD,87,3492262,https://i.scdn.co/image/a6607686d8bb0913324c84360ee921e94c5aadf3,True,False,False,False,False,False,False,True,False,False,False,False,False,True,False
global,1569.0,5X4c1AVbFfl8u36AE5QLCI,769333,Butterfly Doors,Lil Pump,https://open.spotify.com/track/5X4c1AVbFfl8u36AE5QLCI,-0.6568757309516601,1.64178011440136,-1.3199295902962365,-0.16898117465970244,-0.22299392502842097,-1.724284149957093,0.34262321850297894,-0.26649352987055464,0.2558294609029782,132923,3wyVrVrFCkukjdVIdirGVY,83,6375460,https://i.scdn.co/image/aafa5a282b9af40a1a683c8fc20af99d7cd9fbdd,True,False,False,False,False,True,False,False,False,False,False,False,False,True,False
global,1570.0,1O01cSag3DaCGneWQgPBL4,768041,Drop Out,Lil Pump,https://open.spotify.com/track/1O01cSag3DaCGneWQgPBL4,-0.9910128527398616,1.8081224164812535,-0.2981432921264349,-0.16957677944084176,-0.6297526276920364,0.060373570464347374,0.0705129042342609,0.2781244165321798,-0.06885379855099891,121000,3wyVrVrFCkukjdVIdirGVY,83,6375460,https://i.scdn.co/image/aafa5a282b9af40a1a683c8fc20af99d7cd9fbdd,True,False,False,False,False,False,False,False,False,False,False,False,False,True,False
global,1571.0,0PEwVF6TStGXMTnQMAk9kl,767533,Sex mit dir,Apache 207,https://open.spotify.com/track/0PEwVF6TStGXMTnQMAk9kl,0.4723551524448597,1.1094847477456984,-0.3852273516295425,0.2410647981806011,-0.5723797907883077,-0.2529770282776613,-0.6123962070594897,-0.1439544919299393,-0.07155515285479598,173200,1qQLhymHXFPtP5U8KNKsm6,86,459884,https://i.scdn.co/image/fc9cc19386528672abb07589b53b7b92db397042,True,True,False,False,False,False,False,False,False,False,False,False,False,True,False
global,1572.0,0YdIIMb2MHuxoUudkAY9gS,766914,Face To Face,Rex Orange County,https://open.spotify.com/track/0YdIIMb2MHuxoUudkAY9gS,1.301469865176534,0.4640766156757093,-1.0644830157537861,-0.16957677944084176,0.012381816115081703,-0.4233389055247533,-0.5948407029131207,-0.2165702181169706,0.06377293383422121,219800,7pbDxGE6nQSZVfiFdq9lOL,84,1710964,https://i.scdn.co/image/e85ed2c96c618b12433c7e6126ccb7771b469f3e,False,False,False,False,False,False,False,False,False,False,True,False,False,True,False
global,1573.0,3iKALqmeWDBWRlQU8z03kA,766415,To My Grave,NAV,https://open.spotify.com/track/3iKALqmeWDBWRlQU8z03kA,-0.9468712525409078,0.8167222960850852,0.06760975778661948,-0.16957677944084176,1.0053732240642337,0.37228347679834667,-0.743184712949938,-1.2604212820555447,0.7807709496492881,160009,7rkW85dBwwrJtlHRDkJDAC,83,1763142,https://i.scdn.co/image/819c7e7c7126e367b35ff23e0653b1779069128f,False,False,False,False,True,False,False,False,False,False,False,False,False,True,False
global,1574.0,3Ht9qyE5RZZVkBSV8kcf6v,765908,Immortal,Trippie Redd,https://open.spotify.com/track/3Ht9qyE5RZZVkBSV8kcf6v,1.1691229157264078,-0.44082550763891487,0.026970530018502328,-0.16957677944084176,-0.44365868235045464,-0.7219224070846672,1.6943970377733848,0.5413564239601677,1.23140892182248,204048,6Xgp2XMz1fhVYe7i6yNAax,92,3998147,https://i.scdn.co/image/955a9b53451b9c97a6571202eccfe0b2b94a9e50,False,False,False,False,False,True,False,False,False,False,False,False,False,True,False
global,1575.0,6AyI8UGx8Y4peb7pLOy2pf,765354,7 rings (feat. 2 Chainz) - Remix,Ariana Grande,https://open.spotify.com/track/6AyI8UGx8Y4peb7pLOy2pf,1.0095280649189022,0.676994762337974,-1.6450434124411735,-0.16957677944084176,-0.6400503163670647,-1.3270132184485464,2.9408378321655775,-0.6613415410125367,-1.696859143493598,178640,66CXWjxzNUsdJxJ2JdwvnR,97,40958727,https://i.scdn.co/image/b1dfbe843b0b9f54ab2e588f33e7637d2dab065a,False,True,False,False,False,False,False,False,False,False,False,False,False,True,False
global,1576.0,60yqRJXgkrPEvP977ZIOWb,764119,Bye Bye,Capital Bra,https://open.spotify.com/track/60yqRJXgkrPEvP977ZIOWb,0.45289236576101755,1.6085116539853812,0.7875046496789799,-0.16957677944084176,-0.5392800771900026,0.11656057437670743,0.5532892682594058,1.067820438816144,-0.9171441428180845,176823,4WZGDpNwrC0vNQyl9QzF7d,86,2984316,https://i.scdn.co/image/d03852fe340cb703676ef25a2e66368c788c4b95,True,False,False,False,False,False,False,False,False,False,False,False,False,True,False
global,1577.0,39sJbSgJmIrB9J1pkRbpaX,763604,People,The 1975,https://open.spotify.com/track/39sJbSgJmIrB9J1pkRbpaX,-1.0027784965459778,0.11143093526633341,1.7512349081800433,0.047958560545588336,2.2116738974246846,0.4396358468727785,0.5094005078934835,-0.03956938553608209,0.9050983404987456,160008,3mIj9lX2MWuHmhNCA7LSCW,83,3733356,https://i.scdn.co/image/94dd2feca73bdfb7e1c12751b499ec0a46024866,True,False,False,False,False,False,False,False,False,False,False,False,False,True,False
global,1578.0,4vfsh1GHqHZtTlkusq9j5E,759762,Wiggle It (feat. City Girls),French Montana,https://open.spotify.com/track/4vfsh1GHqHZtTlkusq9j5E,-0.958548924551213,0.849990756501064,0.7875046496789799,-0.16921499606792317,-0.35539277942164116,0.6438539957080873,-0.7326514104621167,0.3008168309656271,-0.6568702829691018,172048,6vXTefBL93Dj5IqAWq6OTv,87,3261832,https://i.scdn.co/image/14443f9c4ab806e91aee7feaad4f90b91f29f7b6,True,True,False,False,False,False,False,False,False,False,False,False,False,True,False
global,1579.0,5md87aD3pGXRghKUbZdyh8,759149,Strangers,Jonas Brothers,https://open.spotify.com/track/5md87aD3pGXRghKUbZdyh8,-0.8814762892831982,-0.5605919651364387,1.2635641749626374,-0.16957677944084176,-0.7599448345120364,0.571099029103621,-0.5088187325959131,0.38704800581272625,0.25511343928028435,233853,7gOdHgIoIKoe4i9Tta6qdD,87,3492262,https://i.scdn.co/image/a6607686d8bb0913324c84360ee921e94c5aadf3,True,True,False,False,False,False,False,False,False,False,False,False,False,True,False
global,1580.0,4DwppHaJ76CJ0GYOFwrQoJ,758689,Jusqu'à minuit (feat. JuL),Ninho,https://open.spotify.com/track/4DwppHaJ76CJ0GYOFwrQoJ,0.6514127899362071,0.6237652256724078,0.10824898555473664,-0.16957677944084176,-0.5319245852792682,0.03984370365021564,0.25484569777113436,0.5504333897335466,-0.3297785871478844,260683,6Te49r3A6f5BiIgBRxH7FH,84,2588183,https://i.scdn.co/image/3b11c1b82e510b866fa2e0935c9d9ab149d03407,False,False,False,False,False,False,False,False,False,False,False,False,False,True,False
global,1581.0,48C0O5CXfQdfjUCUhOs1YP,758365,Legion Inoculant,TOOL,https://open.spotify.com/track/48C0O5CXfQdfjUCUhOs1YP,-0.9940101218891733,-3.2154151063315486,-2.794552997882201,10.788620561052053,0.34337895209813246,-4.528952095249071,-0.7335291856694351,-2.0945944366290656,-1.3867566879926465,189979,2yEwvVSSSUkcLeSTNyHKh8,78,1126207,https://i.scdn.co/image/c23701238e46876969ea3b694e9b42b8db133b91,True,False,False,False,False,False,False,False,False,False,False,False,False,True,False
global,1582.0,5nL0vuUo0oBm26obUe5Ogu,757936,2ollipop,tha Supreme,https://open.spotify.com/track/5nL0vuUo0oBm26obUe5Ogu,0.2037686962078384,0.5971504573396247,0.7642822338114844,-0.16957677944084176,-0.7342006128244658,0.38741074708244355,-0.2735749770345698,1.6714386627458413,1.2335569866905596,149306,19i93sA0D7yS9dYoVNBqAA,86,510487,https://i.scdn.co/image/523766e72e9a82dada6e341a97b3143a574c2b61,True,False,False,False,False,False,False,True,False,False,False,False,False,True,False
global,1583.0,3xRcQ04b0l5RiU2w7lJhCD,757766,Bad,James Bay,https://open.spotify.com/track/3xRcQ04b0l5RiU2w7lJhCD,1.9398492684065556,-0.8600081088802477,-1.2270399268262548,-0.16957677944084176,-0.5915040697562173,0.32077872321201656,-0.8230622568159165,-0.8973426511203885,0.5804150810447689,225920,4EzkuveR9pLvDVFNx6foYD,81,2668340,https://i.scdn.co/image/a4c0d3092ae7805d905fcd2a750d1c7f8d7cdd95,True,False,False,False,True,False,False,False,False,False,False,False,False,True,False
global,1584.0,6LkawpJyy0TZJ6Z41gMVyy,757146,The Bees Knees,Juice WRLD,https://open.spotify.com/track/6LkawpJyy0TZJ6Z41gMVyy,-0.51635441109432,-1.6717585430301314,0.5785029068715203,-0.16957677944084176,4.227078680965926,0.6218834364859465,-0.3999746068884259,-0.9018811340070779,0.581977310039736,325810,4MCBfE4596Uoi2O4DtmEMz,98,7403812,https://i.scdn.co/image/d8e62447a338a882b490460da20e90aac6d60ae7,True,False,False,False,False,False,False,False,False,False,False,False,False,True,False
global,1585.0,45PxuJqJBnPXZKLxoo9Apj,756271,SUPERPOSITION,Daniel Caesar,https://open.spotify.com/track/45PxuJqJBnPXZKLxoo9Apj,2.543195655605661,-0.5938604255524176,-2.004990858387354,-0.16808776748799348,-0.6422569639402851,-1.7041144562449633,-0.7826845972792681,-0.7021878869927418,-0.2112770085921576,263795,20wkVLutqVOYrc0kxFs7rA,82,1707237,https://i.scdn.co/image/f9dbecfbec79585821a0058c96fde9a57b9c106c,True,False,False,False,True,False,False,False,False,False,False,False,False,True,False
global,1586.0,3Z9vHQOOPvRtOnTPyXLkWD,756115,Til The End of Time,Trippie Redd,https://open.spotify.com/track/3Z9vHQOOPvRtOnTPyXLkWD,-0.2944786428985199,0.4574229235925135,-0.1646144008883357,-0.16956386691531317,1.0642171593501095,-0.15356925212502415,-0.8845065213282077,0.06481572085777539,-0.06970000592327258,174433,6Xgp2XMz1fhVYe7i6yNAax,92,3998147,https://i.scdn.co/image/955a9b53451b9c97a6571202eccfe0b2b94a9e50,False,False,False,False,False,False,False,True,False,False,False,False,False,True,False
global,1587.0,06Y14QBRyzmPRqrswAfF4J,755508,Drunk (feat. 6LACK),ScHoolboy Q,https://open.spotify.com/track/06Y14QBRyzmPRqrswAfF4J,0.0869919761047858,1.408900891489508,-0.04269671758398423,-0.16957677944084176,-0.615777193061641,-0.5587639918776215,0.7376220617962792,-0.4752637426582693,-1.3601011557660219,212253,5IcR3N7QB1j6KBL8eImZ8m,81,2913150,https://i.scdn.co/image/16e1c84dcb5ab6b682f113a048ed172ca3ca2ef6,False,False,False,False,False,False,False,False,False,False,False,False,False,True,False
global,1588.0,3Z6O6zNyxqmqevwy5Dy4cs,755081,Out Of Sight,Logic,https://open.spotify.com/track/3Z6O6zNyxqmqevwy5Dy4cs,-0.7650888249138224,0.3908860027605558,1.7047900764450523,-0.16923942517027457,-0.4951471257255959,0.11475970886669593,0.017846391795154133,0.8000499485014667,1.6883283564129345,137947,4xRYI6VqpkE3UwrDrAZL8L,87,4329265,https://i.scdn.co/image/efa0b73c2cdaf40b1767b4b1e1254b1cfc5b51db,False,True,False,False,False,False,False,False,False,False,False,False,False,True,False
global,1589.0,0dUjcVPXy2Npz7RAmylgOS,753901,Orbit,Shirin David,https://open.spotify.com/track/0dUjcVPXy2Npz7RAmylgOS,0.8304704274275546,1.2026364369104392,-0.4374777873314074,-0.16957677944084176,-0.44365868235045464,-0.854466108621517,1.4135089714314821,-0.23018566677703897,0.5807079989813257,197475,0JBdTCGs111JKKYfLqOEBa,69,336391,https://i.scdn.co/image/b86ebb56ca3f458c83abec8982dec573ff6c88e1,False,False,False,False,False,False,False,False,False,True,False,False,False,True,False
global,1590.0,5AiqL0ezAAauDuVK5EJvXU,753790,NENENE,Fero47,https://open.spotify.com/track/5AiqL0ezAAauDuVK5EJvXU,-0.8834225679515824,0.30438800567901075,1.2229249471945203,-0.16957677944084176,-0.3186153198679688,0.5930695883257617,-0.3622302729737328,1.235744305623654,0.255699275153397,183133,4A7HeXSd4HtQuf6IR5XZ1b,73,298804,https://i.scdn.co/image/82d940b70e3bd4df0f7cf3e5ea5cf0292dee6156,False,False,False,False,False,False,True,False,False,False,False,False,False,True,False
global,1591.0,4IdkFCIZvHcPmBHTKLP35p,752959,Mein Kopf,MERO,https://open.spotify.com/track/4IdkFCIZvHcPmBHTKLP35p,-0.2905860855617515,-0.580553041386026,0.6307533425733852,-0.16957677944084176,-0.6716789315832229,0.14537442253689217,0.518178259966668,1.9664400503806558,-1.5307746734661676,186000,5wyWp867LWGjFmYZXVSFnZ,76,1151567,https://i.scdn.co/image/615afe66fedb5c97875da1619efd391fd0657ff1,False,False,False,False,False,False,True,False,False,False,False,False,False,True,False
global,1592.0,0Goo25lbtpwor5vb0K2r21,751710,Nowadays Pt. 2 (feat. Landon Cube),Lil Skies,https://open.spotify.com/track/0Goo25lbtpwor5vb0K2r21,-0.6775062848365327,0.058201398600767985,1.188091323393277,-0.16957677944084176,-0.5569332577757654,1.0339214651765878,-0.8792398700842972,-0.6295721608057108,0.9735109519033427,221153,7d3WFRME3vBY2cgoP38RDo,85,3588556,https://i.scdn.co/image/4d947dce93a6f48a04f3c8c60a8b94cfccd6ca51,False,False,False,False,True,False,False,False,False,False,False,False,False,True,False
global,1593.0,1MfuskV4ODUp14C2dnyPgW,751520,Blame It on Your Love (feat. Lizzo),Charli XCX,https://open.spotify.com/track/1MfuskV4ODUp14C2dnyPgW,-0.9059994005048392,0.25115846901344463,0.7700878377783583,-0.16957677944084176,0.821485926295872,1.3728443541607604,-0.713340355901111,0.31897076251238493,-0.7205962073887976,191114,25uiPmTg16RbhZWAqwLBy5,81,1912450,https://i.scdn.co/image/15f5331e228fe1760991308b65fcad6ed65c886e,True,False,False,False,False,True,False,False,False,False,False,False,False,True,False
global,1594.0,4Z9cAwlkruSbWblPBthygg,751468,10 Feet,Juice WRLD,https://open.spotify.com/track/4Z9cAwlkruSbWblPBthygg,0.8110076407437127,-0.0016818301479939555,0.32886193629594407,-0.16193396027661264,0.6523096123489798,-0.4395466951148575,0.4655117475275612,0.16920082725163288,-0.5901826327464479,212312,4MCBfE4596Uoi2O4DtmEMz,98,7403812,https://i.scdn.co/image/d8e62447a338a882b490460da20e90aac6d60ae7,False,False,False,False,False,False,True,False,False,False,False,False,False,True,False
global,1595.0,6Zc5f20q7sOe1IC1c1jQvZ,750487,Without Me (with Juice WRLD),Halsey,https://open.spotify.com/track/6Zc5f20q7sOe1IC1c1jQvZ,0.36336354701534374,0.42415446317653466,-0.6348683222051194,-0.16957677944084176,0.07122575140095742,0.13492940257882524,-0.4851188019983151,-0.16210842347669713,0.4514986425225961,228816,26VFTg2z8YR0cCuwLzESi2,92,9063023,https://i.scdn.co/image/1ccc88afcd13131dc35a1bd028922dbc748a55fb,True,False,False,False,False,False,True,False,False,False,False,False,False,True,False
global,1596.0,1AaJX4YEeklJyRYisD10JT,749519,Jeune Lossa,Ninho,https://open.spotify.com/track/1AaJX4YEeklJyRYisD10JT,1.6050893374444712,0.45076923150931775,-0.3387825198945521,-0.16880319119971354,-0.3921702389753135,-1.0723708353329138,-0.5535852681691539,-0.012338488215945353,0.4197007731875383,217480,6Te49r3A6f5BiIgBRxH7FH,84,2588183,https://i.scdn.co/image/3b11c1b82e510b866fa2e0935c9d9ab149d03407,False,False,False,True,False,False,False,False,False,False,False,False,False,True,False
global,1597.0,7vWbERTWGCiu6fil02e9kj,749279,Not 20 Anymore,Bebe Rexha,https://open.spotify.com/track/7vWbERTWGCiu6fil02e9kj,0.6708755766200493,-0.1281019797287136,-0.4142553714639119,-0.16951745162084547,0.17420263815123993,0.6009933965698127,-0.8897731725721184,-0.39357105069785914,-1.0470044280247175,183983,64M6ah0SkkRsnPGtGiRAbb,87,4604422,https://i.scdn.co/image/d7846ef6807a6a5e449997e9d11e5bd8b2d2576a,True,False,False,False,False,False,False,False,False,False,False,True,True,False,False
global,1598.0,4WOXQYfq3fYVRMcaXuHBAD,749033,BODY PARTS - I denti,Marracash,https://open.spotify.com/track/4WOXQYfq3fYVRMcaXuHBAD,-0.2828009708882146,0.11143093526633341,0.7236430060433673,-0.16957677944084176,0.027092799936550633,0.17995104032911383,0.3689564747225321,-0.4752637426582693,-0.5290278768809683,156715,5AZuEF0feCXMkUCwQiQlW7,83,836175,https://i.scdn.co/image/c9a2915a62d687f45de7d5f30c0ce8ff14a198da,True,False,False,False,False,False,False,True,False,False,False,False,True,False,False
global,1599.0,2U3LJfQB0ALLxC7Yy0QW7l,748878,Unicorn Purp (feat. Young Thug & Gunna),Future,https://open.spotify.com/track/2U3LJfQB0ALLxC7Yy0QW7l,-0.9414216722694319,1.0296404427473491,0.7933102536458538,-0.16956037704354868,-0.09795056254593507,0.566416778777591,0.5708447724057747,-0.502494639978406,0.38728452154197257,246916,1RyvyyTE3xzB2ZywiAwp0i,91,8253537,https://i.scdn.co/image/287c505d7b76d3971a8c5b2fbb3935f9b2dbc3ce,True,False,False,False,False,False,False,False,False,False,False,True,False,True,False
global,1600.0,75lcPkAkUsKWHGBlGM476R,748345,1400 / 999 Freestyle,Trippie Redd,https://open.spotify.com/track/75lcPkAkUsKWHGBlGM476R,-0.9721728752299025,0.9764109060817829,-0.30394889609330883,-0.16957677944084176,-0.4510141742611891,0.1478956342509082,-0.382419102742057,0.364355591379279,0.645833420209013,175954,6Xgp2XMz1fhVYe7i6yNAax,92,3998147,https://i.scdn.co/image/955a9b53451b9c97a6571202eccfe0b2b94a9e50,False,False,False,False,False,False,True,False,False,False,False,False,False,True,False
global,1601.0,0Rsfm3UqHkNzKsb6L0Yz3Y,747774,Esagono (feat. Salmo),Gemitaiz,https://open.spotify.com/track/0Rsfm3UqHkNzKsb6L0Yz3Y,-0.6222319706544212,0.9897182902481745,0.6597813624077545,-0.16957677944084176,-1.0931486180683074,0.02687747197813267,0.676177797283988,1.0451280243826968,0.5145085453195981,186427,4upwdFMlZBmQ68jP9jPzjK,79,1432373,https://i.scdn.co/image/796fdd17488e21f18855718087b17c4c0786aab4,True,False,False,False,False,False,False,False,True,False,False,False,False,True,False
global,1602.0,2SC14LGDbRWRlyLg9Wupa0,746253,Faz Gostoso (feat. Anitta),Madonna,https://open.spotify.com/track/2SC14LGDbRWRlyLg9Wupa0,0.118132434798933,0.6570336860883866,0.41014039183217776,-0.16957677944084176,-0.7422916539262736,0.12880645984478586,-0.3560858465225037,0.7455881538611933,0.2571964112735744,245707,6tbjWDEIzxoDsBA1FuhfPW,81,3692800,https://i.scdn.co/image/96b4818a65820e91e0e17fcf55a4d2213b019ad4,False,False,False,False,False,False,False,False,False,False,True,False,False,True,False
global,1603.0,3pq5dd3Hwg2uJ3d63v9YRx,746167,One Call,Gunna,https://open.spotify.com/track/3pq5dd3Hwg2uJ3d63v9YRx,-0.51635441109432,1.2159438210768307,-0.8322588570788313,-0.1694162453396753,-0.6179838406348613,-0.2994393584359593,1.869952079237074,-1.3602679055627125,0.8085981536221375,195736,2hlmm7s2ICUX0LVIhVFlZQ,92,1709666,https://i.scdn.co/image/ec9841f2d8fd9f9a21dff3b2eba8c790b255b3e3,True,False,True,False,False,False,False,False,False,False,False,False,False,True,False
global,1604.0,7mW8ar9hy7GSeH4lohyOKs,745730,Hope Not,BLACKPINK,https://open.spotify.com/track/7mW8ar9hy7GSeH4lohyOKs,0.7253713793348072,-0.7801638038818984,-1.17478949112439,-0.16957677944084176,-0.6444636115135054,0.5329206802913763,-0.9064509015111689,-1.3874988028828492,-0.39415544031548305,191030,41MozSoPIsD1dJM0CLPjZF,83,10276873,https://i.scdn.co/image/254b0e0fc1d4cf39de56960ed983c1ff7e3dff00,False,False,False,False,True,False,False,False,False,False,False,False,False,True,False
global,1605.0,4ANFPo7dzs2DdPuONXC9bp,745157,Please Tell Me,Future,https://open.spotify.com/track/4ANFPo7dzs2DdPuONXC9bp,-0.9675018064257803,1.3490176627407462,-0.4374777873314074,-0.16957677944084176,-0.27448236840356205,0.3200583770080117,1.2467316820409777,-1.2967291451490601,0.7118375952463689,204520,1RyvyyTE3xzB2ZywiAwp0i,91,8253537,https://i.scdn.co/image/287c505d7b76d3971a8c5b2fbb3935f9b2dbc3ce,True,False,False,False,False,False,False,False,False,False,True,False,False,True,False
global,1606.0,5MoU7TaAvgBa8W0XVwXAd7,744921,Trust,Jonas Brothers,https://open.spotify.com/track/5MoU7TaAvgBa8W0XVwXAd7,-0.9063886562385162,0.849990756501064,-0.3794217476626686,-0.16938716307497123,-0.28919335222503095,0.053530281526303465,-0.624685059961948,0.8318193287082929,0.7776464916593538,180600,7gOdHgIoIKoe4i9Tta6qdD,87,3492262,https://i.scdn.co/image/a6607686d8bb0913324c84360ee921e94c5aadf3,True,False,False,False,False,False,False,False,False,False,False,False,True,False,False
global,1607.0,4fgV3PU9JBlpJu0w4Yhr76,744605,Hops,MERO,https://open.spotify.com/track/4fgV3PU9JBlpJu0w4Yhr76,-0.313941429582362,1.1693679764944602,-0.007863093782740953,-0.16957677944084176,-0.44365868235045464,-0.855906801029526,-0.486874352412952,-0.08949269728966584,0.25527617146726084,154427,5wyWp867LWGjFmYZXVSFnZ,76,1151567,https://i.scdn.co/image/615afe66fedb5c97875da1619efd391fd0657ff1,False,False,False,False,False,False,False,False,False,False,False,True,False,True,False
global,1608.0,064tgRK6FYBwikCdxaHFV1,742973,Comeback,Jonas Brothers,https://open.spotify.com/track/064tgRK6FYBwikCdxaHFV1,-0.647533593343416,-0.8533544167970519,-0.4142553714639119,-0.16957677944084176,-0.465725158082658,-0.31060472459803073,-0.7870734733158603,-1.3738833542227809,0.7440585682675629,155680,7gOdHgIoIKoe4i9Tta6qdD,87,3492262,https://i.scdn.co/image/a6607686d8bb0913324c84360ee921e94c5aadf3,True,False,False,False,False,False,False,False,False,False,False,False,False,True,False
global,1609.0,45DANEAozzOPHrqmERidgn,742162,I Try,Trippie Redd,https://open.spotify.com/track/45DANEAozzOPHrqmERidgn,-0.1115284480704039,-0.553938273053243,0.015359322084754566,-0.16957677944084176,0.17420263815123993,-0.09846276751867106,-0.8537843890720621,0.3915864886994157,-1.5340618636430772,161437,6Xgp2XMz1fhVYe7i6yNAax,92,3998147,https://i.scdn.co/image/955a9b53451b9c97a6571202eccfe0b2b94a9e50,False,False,False,False,False,False,False,False,False,True,False,False,False,True,False
global,1610.0,5IwUFTiNkarb5HEtNRtRtc,741890,mother tongue,Bring Me The Horizon,https://open.spotify.com/track/5IwUFTiNkarb5HEtNRtRtc,-0.9266299543897119,-0.5339771968036556,1.437732293968854,-0.16957677944084176,1.1157056027252508,0.6881552872543714,-0.8529066138647438,0.5504333897335466,-0.4927060527479854,217425,1Ffb6ejR6Fe5IamqA5oRUF,81,2767688,https://i.scdn.co/image/b62d0034006e7ed561bf7747c058964edf0fdf84,False,False,False,False,False,False,True,False,False,False,False,False,False,True,False
global,1611.0,3fsH9s00dbn9mSgUu7Yi9D,739886,Bring U Down,Lil Nas X,https://open.spotify.com/track/3fsH9s00dbn9mSgUu7Yi9D,-0.7074789763296496,-0.014989214314385498,-0.6580907380726149,-0.16957677944084176,-0.4510141742611891,-0.12691644257685336,-0.7466958137792119,-0.02595393687601372,-0.06826796267788626,131707,7jVv8c5Fj3E9VhNjxT4snq,87,2218983,https://i.scdn.co/image/12d5ab979779aa41e697ce823328d527e643e4cf,False,False,False,False,False,False,False,False,False,True,False,False,False,True,False
global,1612.0,7gPHxxAq4YjK7GoLT3Vch3,737610,Lies (feat. Ty Dolla $ign & YG),ScHoolboy Q,https://open.spotify.com/track/7gPHxxAq4YjK7GoLT3Vch3,-0.674392238967118,0.6836484544211697,-0.7161467777413536,-0.16957677944084176,-0.6268104309277427,0.2246125049774,1.4925087400901422,-1.2150364531886502,-0.9165257605075771,171000,5IcR3N7QB1j6KBL8eImZ8m,81,2913150,https://i.scdn.co/image/16e1c84dcb5ab6b682f113a048ed172ca3ca2ef6,True,False,False,False,False,False,False,False,True,False,False,False,False,True,False
global,1613.0,13F2adrvrpaq2383GHh1Jl,735427,The greatest,Lana Del Rey,https://open.spotify.com/track/13F2adrvrpaq2383GHh1Jl,2.6366170316881035,-1.818139768860438,-2.2952710567310475,0.029345911134984682,-0.017040151527856158,-2.1093091959975605,-0.8169178303646875,-1.3693448713360914,-1.422720501314283,300361,00FQb4jTyendYWaN8pK0wa,89,9718093,https://i.scdn.co/image/6e8dc460cfb6b89d7970302259febd0aa73b38c6,False,False,True,False,False,False,False,False,False,False,False,False,True,False,False
global,1614.0,3XVBdLihbNbxUwZosxcGuJ,733558,If I Ain't Got You,Alicia Keys,https://open.spotify.com/track/3XVBdLihbNbxUwZosxcGuJ,1.3442879958809866,-0.46078658388850213,-1.0412605998862905,-0.16949802466802316,-0.5172136014577993,-0.9549544040801611,-0.21037516210764173,-1.4601145290698803,-0.12219740944164309,228707,3DiDSECUqqY1AuBP8qtaIa,83,7027601,https://i.scdn.co/image/e22dcb4ff37667bf1cd605639ec393d1e5dce1db,True,False,False,False,False,False,False,True,False,False,False,False,True,False,False
global,1615.0,4TzXqUIcdpAmre24puQ6Uu,732940,Tats On My Face,Offset,https://open.spotify.com/track/4TzXqUIcdpAmre24puQ6Uu,-0.12320612008070918,1.3423639706575503,-1.6798770362424167,-0.16957677944084176,-0.4951471257255959,-0.815567413605268,1.466175483870589,-1.2468058333954763,0.5830187960363811,182023,4DdkRBBYG6Yk9Ka8tdJ9BW,89,1389641,https://i.scdn.co/image/d718d632faa01221dd271f4e60a421596718fda0,True,True,False,False,False,False,False,False,False,False,False,False,False,True,False
global,1616.0,45uPKvMUFmObuDYka9AnKa,732677,Pardon My Ego,Logic,https://open.spotify.com/track/45uPKvMUFmObuDYka9AnKa,-0.7573037102402855,1.3157492023247672,1.9137918192525114,-0.10699174579768703,-0.8136399254603979,0.5458869119634595,-0.5412964152666956,0.08296965240453322,-0.8676410115400673,173547,4xRYI6VqpkE3UwrDrAZL8L,87,4329265,https://i.scdn.co/image/efa0b73c2cdaf40b1767b4b1e1254b1cfc5b51db,True,True,False,False,False,False,False,False,False,False,False,False,False,True,False
global,1617.0,4alHkxxwAhvoGg3dJCATKV,732308,My Side,Drake,https://open.spotify.com/track/4alHkxxwAhvoGg3dJCATKV,1.3442879958809866,-0.8600081088802477,-0.7509804015425969,-0.16949232454414115,-0.5620821021132795,0.2941259136638458,0.026624143868338595,-0.4661867768848904,-1.3388157857095964,294651,3TVXtAsR1Inumwj472S9r4,99,43763483,https://i.scdn.co/image/012ecd119617ac24ab56620ace4b81735b172686,False,False,False,False,False,False,True,False,False,False,False,False,False,True,False
global,1618.0,23N0z3XkwS2ErcNKsgCWAb,731797,Wenn die Sonne untergeht,Azet,https://open.spotify.com/track/23N0z3XkwS2ErcNKsgCWAb,-0.48910650973694103,-0.46078658388850213,1.188091323393277,-0.16957677944084176,-0.17886097356401418,0.8617587224194843,0.2724012019175033,-0.4253404309046853,-1.026695451090146,177103,39KEQQAG9JhIt71g9NEVhh,75,941010,https://i.scdn.co/image/45d0196be6c1fd029950498b95b9ca55f52bf87c,True,True,False,False,False,False,False,False,False,False,False,False,False,True,False
global,1619.0,56lQI55srtE2glxdPffDLT,730362,Racks on Racks,Lil Pump,https://open.spotify.com/track/56lQI55srtE2glxdPffDLT,-0.8818655450168751,0.9564498298321956,-0.8148420451782096,-0.16950442276625804,0.9980177321534992,-0.2479346048496292,-0.38154132753473863,-1.7896083866435346,0.9084831699878412,129778,3wyVrVrFCkukjdVIdirGVY,83,6375460,https://i.scdn.co/image/aafa5a282b9af40a1a683c8fc20af99d7cd9fbdd,True,True,False,False,False,False,False,False,False,False,False,False,False,True,False
global,1620.0,7fBv7CLKzipRk6EC6TWHOB,729029,The Hills,The Weeknd,https://open.spotify.com/track/7fBv7CLKzipRk6EC6TWHOB,-0.7417334808932118,-0.6537436543011795,-0.344588123861426,-0.16957677944084176,-0.28919335222503095,-0.21155712154739603,-0.7124625806937924,-1.587192049897185,-0.2981759964371975,242253,1Xyo4u8uXC1ZmMpatF05PJ,96,18323290,https://i.scdn.co/image/22c98f5bc7713315e8d3e48aa3ce8a98ce4ec873,False,False,False,False,False,False,False,False,False,False,False,False,False,True,False
global,1621.0,5duCElafuovM4ZSmkQL4hn,728644,"100 Bands (feat. Quavo, 21 Savage, YG & Meek Mill)",Mustard,https://open.spotify.com/track/5duCElafuovM4ZSmkQL4hn,-0.9624414818879814,1.2824807419087885,-0.7625916094763447,-0.16957677944084176,-0.6076861519598331,-0.10710692196672647,1.8260633188711517,-1.5009608750500854,-0.9481283512182634,179388,0YinUQ50QDB7ZxSCLyQ40k,86,540694,https://i.scdn.co/image/4dcf713a3bc309590381ecf718be7d5b1b8f0f61,True,False,False,False,False,False,False,False,False,True,False,False,False,True,False
global,1622.0,7I6p0xNYahHpUUXj785URX,727928,Birth Of The Cruel,Slipknot,https://open.spotify.com/track/7I6p0xNYahHpUUXj785URX,-1.002351872261868,-1.6384900826141526,1.9079862152856375,1.4357642322237225,-0.3333263036894378,0.7234522512505975,-0.4201634366567501,-0.030492419762703178,0.8475562391841274,275839,05fG473iIaoy82BF1aGhL8,83,5347669,https://i.scdn.co/image/a7958184e76eaec48937485e75d9f7e6d26d097f,False,False,False,False,False,False,False,False,False,False,False,True,False,True,False
global,1623.0,4eB8rsNNm5791m3uvEBNLR,727464,Estado Decadente - Acústico,Zé Neto & Cristiano,https://open.spotify.com/track/4eB8rsNNm5791m3uvEBNLR,1.2781145211559233,0.5239598444244712,0.36369556009718734,-0.16957677944084176,-0.465725158082658,0.6114384165278796,-0.5632407954496568,0.4324328346796208,-0.13736404926778095,173831,487N2T9nIPEHrlTZLL3SQs,86,9236336,https://i.scdn.co/image/3531ec9e2af75b0fbe04379ee8f2add3f3b3b497,True,True,False,False,False,False,False,False,False,False,False,False,False,True,False
global,1624.0,1UZs9dauJnxrqYxMIzxnwC,727330,DIAMANT,Rammstein,https://open.spotify.com/track/1UZs9dauJnxrqYxMIzxnwC,2.1617250366023555,-2.2040539096857925,-2.045630086155471,-0.1693010795714472,-0.5319245852792682,-1.9317438567104224,-0.8116511791207768,-1.6598077760842163,0.5975019606772208,154299,6wWVKhxIU2cEi0K81v7HvP,83,3823990,https://i.scdn.co/image/cdf344b2f5124d1f2f1217c45f12096730c70560,False,False,False,False,False,False,False,False,False,False,False,False,False,True,False
global,1625.0,1opARDDYaOeE1QUdwXmBGu,725304,Caught Up (feat. Khalid),Majid Jordan,https://open.spotify.com/track/1opARDDYaOeE1QUdwXmBGu,0.12591754947246986,-0.0016818301479939555,-1.0818998276544078,-0.16957677944084176,-0.6657945380546353,-0.8533855893155099,-0.6343405872424508,0.06027723797108594,-1.3229982171355552,247546,4HzKw8XcD0piJmDrrPRCYk,73,465221,https://i.scdn.co/image/4c10227529102df709721a466314d28ff17a097d,False,False,False,False,False,False,False,False,False,True,False,False,False,True,False
global,1626.0,6X5zsgjDlssIkv0sVYZgx1,724383,TATTOO,Rammstein,https://open.spotify.com/track/6X5zsgjDlssIkv0sVYZgx1,-0.9927255779680397,-0.44082550763891487,1.9486254430537546,-0.16865429000442872,-0.6599101445260478,0.6953587492944177,-0.3420414432054085,-0.842880856480115,0.6149468511210191,251659,6wWVKhxIU2cEi0K81v7HvP,83,3823990,https://i.scdn.co/image/cdf344b2f5124d1f2f1217c45f12096730c70560,True,False,False,False,False,False,False,False,False,True,False,False,False,True,False
global,1627.0,4U6ubKsTd8RBDP5tPPhh7I,723894,"You Stay (feat. Meek Mill, J Balvin, Lil Baby & Jeremih)",DJ Khaled,https://open.spotify.com/track/4U6ubKsTd8RBDP5tPPhh7I,-0.8806977778158446,-1.3257665547039517,0.0327761339853762,-0.16957677944084176,-0.7452338506905675,0.30601162602992177,0.026624143868338595,-1.183267072981824,-0.13537871658667727,275276,0QHgL1lAIqAw0HtD7YldmP,82,4390256,https://i.scdn.co/image/94e2383b16d3a8f0af23b45ab9edd767b4107bbf,False,False,False,False,False,False,False,True,False,False,False,False,False,False,True
global,1628.0,7gRPkCEa3YMaxET5ZYT7Ni,723099,occh1 purpl3 - feat. Marracash,tha Supreme,https://open.spotify.com/track/7gRPkCEa3YMaxET5ZYT7Ni,-0.6444195474740011,-0.12144828764551784,1.0719792440558,-0.16957677944084176,-0.10530605445666953,0.5909085497137482,0.22851244155158096,0.2690474507588009,0.3832162168675793,187822,19i93sA0D7yS9dYoVNBqAA,86,510487,https://i.scdn.co/image/523766e72e9a82dada6e341a97b3143a574c2b61,True,False,True,False,False,False,False,False,False,False,False,False,False,True,False
global,1629.0,4pnIUqhf1AQMFrJPd4BbrT,722646,Ballin Flossin,Chance the Rapper,https://open.spotify.com/track/4pnIUqhf1AQMFrJPd4BbrT,-0.9021068431680708,1.6484338064845558,-0.7335635896419753,-0.1695428113556674,2.3367172599071706,-0.5234670278813953,-0.3516969704859115,1.2629752029437906,0.09309727392724765,169549,1anyVhU62p31KFi8MEzkbf,87,4587455,https://i.scdn.co/image/0433f521b1fadf1d839b6e70c3914021f122901f,False,False,False,False,False,False,False,False,False,False,False,True,False,True,False
global,1630.0,5C6WBcv7ILoSpREAZsnArO,721656,Big Pac,Ninho,https://open.spotify.com/track/5C6WBcv7ILoSpREAZsnArO,0.8927513448158494,0.617111533589212,0.5378636791034032,-0.16957677944084176,0.5272662498664938,0.1525778845769382,0.5796225244789592,0.40520193735948407,0.5819447636023407,183748,6Te49r3A6f5BiIgBRxH7FH,84,2588183,https://i.scdn.co/image/3b11c1b82e510b866fa2e0935c9d9ab149d03407,False,False,False,False,False,False,False,False,False,False,False,True,False,True,False
global,1631.0,0sMmtnF7by7WPNeRXCam9H,720376,WEIT WEG,Rammstein,https://open.spotify.com/track/0sMmtnF7by7WPNeRXCam9H,-0.9593274360185667,-2.1774391413530094,1.2113137392607725,-0.16617997092340658,-0.061173102992262744,0.4929414659691201,-0.6949070765474236,-0.8383423735934256,2.6000842536005555,260916,6wWVKhxIU2cEi0K81v7HvP,83,3823990,https://i.scdn.co/image/cdf344b2f5124d1f2f1217c45f12096730c70560,True,False,False,False,False,False,False,False,False,True,False,False,False,True,False
global,1632.0,180WImKPbvdUrboKUov5f4,719969,More Than That,Lauren Jauregui,https://open.spotify.com/track/180WImKPbvdUrboKUov5f4,-0.7269417630134917,-0.553938273053243,-1.0586774117869122,-0.16957677944084176,-0.2597713845820931,-2.312806998628865,1.3345092027728218,-0.8655732709135623,-2.390391177946764,158733,3J0BpFVUc9LeOIVeN5uNhU,64,614558,https://i.scdn.co/image/b75f2f6ca84e669c142a94abc976fc57ac4eb964,False,False,False,False,True,False,False,False,False,False,False,False,False,True,False
global,1633.0,1WlU4jsJ8AoTB96dgd8LJA,719302,Call the Coroner,Future,https://open.spotify.com/track/1WlU4jsJ8AoTB96dgd8LJA,-0.43461070702218313,1.1627142844112646,1.0487568281883046,0.429517873462963,0.21833558961564653,1.133329241329225,0.6322890369180659,1.7758237691396987,0.4036553795517315,131756,1RyvyyTE3xzB2ZywiAwp0i,91,8253537,https://i.scdn.co/image/287c505d7b76d3971a8c5b2fbb3935f9b2dbc3ce,False,False,False,False,False,False,False,False,False,False,False,True,False,True,False
global,1634.0,03XfngWwNfhEjrnEga73Rg,719092,"Swivel (with EARTHGANG) - From The Upcoming Album ""Mirrorland""",Dreamville,https://open.spotify.com/track/03XfngWwNfhEjrnEga73Rg,-0.029784743998267024,-1.13946317637447,-0.4607002031989029,-0.16957677944084176,0.4757778064913526,-0.26342204823572823,2.633616509604121,-0.4344173966780642,-1.421841747504614,194613,1iNqsUDUraNWrj00bqssQG,78,186560,https://i.scdn.co/image/a18511aae6029596c9dfca3b9d38fb8383386d0e,True,False,True,False,False,False,False,False,False,False,False,False,False,True,False
global,1635.0,4otQJBpb8okSeykALR3eCH,717870,Something Real (with London On Da Track & Chris Brown),Summer Walker,https://open.spotify.com/track/4otQJBpb8okSeykALR3eCH,-0.7833838443966339,0.04489401443437644,0.24758348075970976,-0.16957677944084176,-0.43630319043972016,0.9510816517160567,-0.8204289311939612,0.7047418078809882,-0.8666971648556082,183138,57LYzLEk2LcFghVwuWbcuS,85,821531,https://i.scdn.co/image/a38579606746ef34c38c349f4cdb250784f3aee8,True,False,False,False,False,False,False,False,True,False,False,False,False,True,False
global,1636.0,26pr9oLIVAc1L62F2exIRT,717174,Fragen,Azet,https://open.spotify.com/track/26pr9oLIVAc1L62F2exIRT,0.8966439021526178,1.0695625952465238,0.6307533425733852,-0.16861357483384304,-0.6032728568133925,0.4385553275667715,1.2555094341141622,-0.3572631876043437,0.03230052887311505,176261,39KEQQAG9JhIt71g9NEVhh,75,941010,https://i.scdn.co/image/45d0196be6c1fd029950498b95b9ca55f52bf87c,False,False,True,False,False,False,False,False,False,False,False,False,False,True,False
global,1637.0,3HVm4g9bZHo0aMsjzGS7Ro,716211,SPORT - I muscoli (feat. Luchè),Marracash,https://open.spotify.com/track/3HVm4g9bZHo0aMsjzGS7Ro,0.2894049576167438,1.3423639706575503,0.5726973029046464,-0.16957677944084176,0.21098009770491227,0.17058653967705387,1.097509896796842,-0.4571098111115115,0.09358547048817485,202339,5AZuEF0feCXMkUCwQiQlW7,83,836175,https://i.scdn.co/image/c9a2915a62d687f45de7d5f30c0ce8ff14a198da,False,False,False,False,False,False,False,False,False,False,True,False,False,True,False
global,1638.0,3O8X1DE9btbzy4UH9cSX9a,715904,Borderline,Tame Impala,https://open.spotify.com/track/3O8X1DE9btbzy4UH9cSX9a,-0.817638348960196,-0.5339771968036556,0.497224451335286,-0.16937087700673695,-0.5466355691007371,-0.13015800049487425,-0.9020620254745767,1.0814358874762124,-0.7866980217383394,274294,5INjqkS1o8h1imAzPqGZBb,84,3187891,https://i.scdn.co/image/a7cb9fc6df8b68fdb071156add87284c3c941a04,False,False,False,False,False,False,False,False,False,False,False,False,False,True,False
global,1639.0,5sOch9Cf4uxcMtwFzMtNqQ,715869,Delicate,Taylor Swift,https://open.spotify.com/track/5sOch9Cf4uxcMtwFzMtNqQ,-0.16213169344839345,0.47738399984210084,-1.2792903625281193,-0.16542383204110084,-0.6120994471062737,-1.3327759880805834,-0.542174190474014,-1.9870323922145257,-0.8820916297435123,232253,06HL4z0CvFAxyc27GXpf02,95,25846444,https://i.scdn.co/image/62b33d12e2b9a033cf77585f6e3d4b2c6b3a63a1,False,False,False,False,False,False,False,False,False,True,False,False,False,True,False
global,1640.0,1h2xVEoJORqrg71HocgqXd,715520,Superstition - Single Version,Stevie Wonder,https://open.spotify.com/track/1h2xVEoJORqrg71HocgqXd,-0.8550068993931729,-0.30109797389180365,0.055998549852871726,-0.0951261817984272,-0.9989983216109063,-2.0304312866590553,-0.5044298565593209,1.7440543889328726,-0.7045833601903861,245493,7guDJrEfX3qb6FEbdPA5qi,83,3992296,https://i.scdn.co/image/c59faacbed7aa770266bad048660810eca204108,True,False,False,False,False,False,False,False,True,False,False,False,False,True,False
global,1641.0,68poZGRClFTzLdeRz9X0M2,715029,Panini,Lil Nas X,https://open.spotify.com/track/68poZGRClFTzLdeRz9X0M2,0.3283305309844281,0.1646604719318996,-0.17622560882208346,-0.16957677944084176,-0.37745925515384454,0.1194419591927259,-0.48072992596172287,-0.05772331708283991,1.0317365284032594,114893,7jVv8c5Fj3E9VhNjxT4snq,87,2218983,https://i.scdn.co/image/12d5ab979779aa41e697ce823328d527e643e4cf,False,False,False,False,False,True,False,False,False,False,False,False,False,True,False
global,1642.0,5dS2dvXVPe7AR6UwBpnomW,713966,Make It To Heaven (with Raye),David Guetta,https://open.spotify.com/track/5dS2dvXVPe7AR6UwBpnomW,-0.6385807114688484,-0.6071678097188091,1.7164012843788001,0.6796253499179493,0.07858124331169189,0.6413327839940712,-0.3385303423761348,-0.6250336779190213,0.12652246513206264,172381,1Cs0zKBU1kc0i8ypK3B9ai,90,20802505,https://i.scdn.co/image/3a8476a71714e7718a41a1157c40f93abb8cc750,False,False,False,False,False,False,False,False,False,False,False,False,False,True,False
global,1643.0,7p0tz5SeCrSxTLSvwR8W3D,710420,Let You Know,Flume,https://open.spotify.com/track/7p0tz5SeCrSxTLSvwR8W3D,-0.7911689590701707,0.5372672285908627,0.40433478786530386,-0.16957677944084176,-0.3186153198679688,0.8653604534395073,-0.7739068452060837,-0.5161100886384744,-0.16571199623895344,199580,6nxWCVXbOlEVRexSbLsTer,80,1915985,https://i.scdn.co/image/b3b6a3cb62f0b31bf30c5441c0c1a5a2c5f0a013,False,False,False,False,False,True,False,False,False,False,False,False,False,True,False
global,1644.0,7kQMPnMzK1bykUxmF4QXbV,709242,Intro-Résumé,Miami Yacine,https://open.spotify.com/track/7kQMPnMzK1bykUxmF4QXbV,2.0099153004683874,-0.6670510384675711,-0.15880879692146183,-0.16957677944084176,0.19626911388344334,-0.5249077202894044,2.7916160469214417,-0.7566496816330154,0.9122260102882824,148264,1XKjtpH5P81gpOXDB91IEB,71,614631,https://i.scdn.co/image/e939885ab5be2c3072f0974f18c31744969ba49d,False,False,False,False,False,False,False,False,False,False,False,False,False,True,False
global,1645.0,3BXXkwyhsHM0EPApHMhQC5,708155,Speed It Up,Gunna,https://open.spotify.com/track/3BXXkwyhsHM0EPApHMhQC5,-0.8495573191216972,1.555282117319815,-0.21686483659020062,-0.05324772062456899,-0.465725158082658,-0.33041424520815765,-0.6299517112058586,-0.23926263255041788,0.6795515293503834,179022,2hlmm7s2ICUX0LVIhVFlZQ,92,1709666,https://i.scdn.co/image/ec9841f2d8fd9f9a21dff3b2eba8c790b255b3e3,True,False,False,False,False,False,False,True,False,False,False,False,False,True,False
global,1646.0,5xEWiG0ug0rOymOjlzSGzx,707394,Twisted (feat. Logic & A$AP Rocky),French Montana,https://open.spotify.com/track/5xEWiG0ug0rOymOjlzSGzx,-0.9678910621594572,0.8433370644178683,1.43192669000198,-0.16957677944084176,0.15213616241903655,1.2572287884180193,0.7376220617962792,1.989132464814103,1.553228094785684,262354,6vXTefBL93Dj5IqAWq6OTv,87,3261832,https://i.scdn.co/image/14443f9c4ab806e91aee7feaad4f90b91f29f7b6,True,True,False,False,False,False,False,False,False,False,False,False,False,True,False
global,1647.0,2e9N4vHYVUwSwRorBzsZXE,707389,Almost (Sweet Music),Hozier,https://open.spotify.com/track/2e9N4vHYVUwSwRorBzsZXE,-0.9211803741182362,-1.6717585430301314,0.3753067680309345,-0.16955711982990182,0.21098009770491227,0.3200583770080117,0.044179648014707515,0.9906662297424234,-1.0829031484715632,217480,2FXC3k01G6Gw61bmprjgqS,83,3687145,https://i.scdn.co/image/2e4114631a20bd71903bc335b88f872afdce9a33,True,False,False,False,False,False,False,True,False,False,False,False,False,True,False
global,1648.0,0QBRshHeQLEThdj2TqxM9n,706626,Slide Around,Chance the Rapper,https://open.spotify.com/track/0QBRshHeQLEThdj2TqxM9n,-0.6479228490770927,1.269173357742397,0.2650002926603314,-0.16957677944084176,-0.5797352826990422,0.3503129175762058,0.7463998138694637,0.010353926217501924,1.32956897700624,270992,1anyVhU62p31KFi8MEzkbf,87,4587455,https://i.scdn.co/image/0433f521b1fadf1d839b6e70c3914021f122901f,False,False,False,False,False,False,False,False,False,False,False,True,False,True,False
global,1649.0,70YPzqSEwJvAIQ6nMs1cjY,706574,In Your Arms (with X Ambassadors),ILLENIUM,https://open.spotify.com/track/70YPzqSEwJvAIQ6nMs1cjY,-0.23219772551022502,-1.8247934609436338,1.0545624321551783,-0.16957677944084176,-0.44365868235045464,0.6222436095879489,-0.7054403790352449,-1.7051926049511108,0.8425766342626704,220730,45eNHdiiabvmbp4erw26rg,84,765442,https://i.scdn.co/image/13f93bc1aa54c82eb6deed1637b5049150cc9379,True,False,True,False,False,False,False,False,False,False,False,False,False,True,False
global,1650.0,75bVc27bDSOAhMAL38cXpV,706008,Méchant,Niska,https://open.spotify.com/track/75bVc27bDSOAhMAL38cXpV,0.2621570562593648,-0.9797745663777716,1.0371456202545568,-0.16957677944084176,1.4246362629760978,0.9179457263318445,1.8348410709443361,-0.33457077317089645,-0.8018646615644772,191133,7CUFPNi1TU8RowpnFRSsZV,81,2629099,https://i.scdn.co/image/928c5e2c8d787cb963fe8964dbc19f3d88e954e5,False,False,False,False,False,False,False,False,True,False,False,False,False,False,True
global,1651.0,1a0Mg4XPdt4EKsUz5beRZY,705351,okay,LANY,https://open.spotify.com/track/1a0Mg4XPdt4EKsUz5beRZY,-0.8051821654825371,0.11143093526633341,0.5610860949708987,-0.16954327667190267,-0.16414998974254527,-0.43090254066680206,0.7376220617962792,0.30535531385231657,-0.07253154597665039,169183,49tQo2QULno7gxHutgccqF,83,2172289,https://i.scdn.co/image/7e41b32fde011d59779b14c6ed009df579f69b0b,True,False,False,False,False,False,False,False,True,False,False,False,False,True,False
global,1652.0,4UQeq4HUvC5uPEA9pWTgPW,704748,Gone,Charli XCX,https://open.spotify.com/track/4UQeq4HUvC5uPEA9pWTgPW,-0.837490391377715,1.5153599648206404,-1.0818998276544078,-0.1693231820926223,-0.7599448345120364,-0.394885230466571,-0.5667518962789305,0.6911263592209198,-0.2649135374193585,245480,25uiPmTg16RbhZWAqwLBy5,81,1912450,https://i.scdn.co/image/15f5331e228fe1760991308b65fcad6ed65c886e,True,False,False,False,False,False,True,False,False,False,False,False,False,True,False
global,1653.0,7e89621JPkKaeDSTQ3avtg,702508,Sweet Home Alabama,Lynyrd Skynyrd,https://open.spotify.com/track/7e89621JPkKaeDSTQ3avtg,-0.2983712002352883,-0.5472845809700472,-0.1123639651864708,-0.16572628759402314,-0.6474058082777991,-2.0412364797191245,-0.9169842039989903,1.807593149346525,-0.7924912875946754,283800,4MVyzYMgTwdP7Z49wAZHx0,77,2508080,https://i.scdn.co/image/ae580d5ee491fc30bb9077018331e6c3e3ecd089,True,False,False,False,False,False,False,True,False,False,False,False,False,True,False
global,1654.0,2IZZqH4K02UIYg5EohpNHF,701580,Zombie,The Cranberries,https://open.spotify.com/track/2IZZqH4K02UIYg5EohpNHF,-0.9425894394704624,-2.470201593013623,0.061804153819745605,-0.1130408568561332,1.4099252791546288,-0.8930046305357644,-0.8432510865842409,-0.8292654078200467,1.4590712514015265,306427,7t0rwkOPGlDPEhaOcVtOt9,77,1887496,https://i.scdn.co/image/143c01f407ed64a4b3bcbc92d24c05ef80981251,True,False,False,False,False,False,False,True,False,False,False,False,False,True,False
global,1655.0,6hh1ikcv3CPsq3a7e9ItNR,700947,Nur mit Dir (feat. Xavier Naidoo),Shirin David,https://open.spotify.com/track/6hh1ikcv3CPsq3a7e9ItNR,-0.12320612008070918,0.38423231067736,-0.6174515103044977,-0.16939879598085286,-0.5929751681383642,-1.5593248692400354,0.518178259966668,-0.602341263485574,0.41485135401566153,219840,0JBdTCGs111JKKYfLqOEBa,69,336391,https://i.scdn.co/image/b86ebb56ca3f458c83abec8982dec573ff6c88e1,False,False,False,False,False,False,False,True,False,False,False,False,False,True,False
global,1656.0,40Zb4FZ6nS1Hj8RVfaLkCV,699505,Slide (feat. Blueface & Lil Tjay),French Montana,https://open.spotify.com/track/40Zb4FZ6nS1Hj8RVfaLkCV,-0.6409162458709096,-0.9731208742945758,0.46239082753404265,-0.16957677944084176,0.07122575140095742,0.9301916117999229,1.1413986571627643,0.4687406977731364,-0.8508795962815672,186344,6vXTefBL93Dj5IqAWq6OTv,87,3261832,https://i.scdn.co/image/14443f9c4ab806e91aee7feaad4f90b91f29f7b6,False,False,False,False,False,True,False,False,False,False,False,False,False,True,False
global,1657.0,18t8ypY0HYaQuGBxg2KdT2,699242,Free Spirit (feat. Rick Ross),Drake,https://open.spotify.com/track/18t8ypY0HYaQuGBxg2KdT2,0.09088453344155423,-1.1328094842912744,0.7178374020764934,-0.16957677944084176,-0.04646211917079381,0.5332808533933787,1.755841302285676,-1.192344038755203,-0.7073498073689733,252884,3TVXtAsR1Inumwj472S9r4,99,43763483,https://i.scdn.co/image/012ecd119617ac24ab56620ace4b81735b172686,True,True,False,False,False,False,False,False,False,False,False,False,True,False,False
global,1658.0,6mORGLOz79w6VsCRLWYYuK,697812,The Night We Met,Lord Huron,https://open.spotify.com/track/6mORGLOz79w6VsCRLWYYuK,2.7689639811382296,-1.565299469698999,-1.4824865013687052,3.0527381497699144,3.4106190788744017,-1.0936210483510498,-0.7537180154377594,-1.7646467307667426,1.691094803591522,208212,6ltzsmQQbmdoHHbLZ4ZN25,75,627941,https://i.scdn.co/image/797a28ffc2b183aca3f31afd2b4cb71a26b8286c,True,False,False,False,False,False,False,False,False,True,False,False,True,False,False
global,1659.0,4ENLZqdPMDub5us6YLSAKa,697663,Another Place,Bastille,https://open.spotify.com/track/4ENLZqdPMDub5us6YLSAKa,-0.32172654425589886,0.12473831943272495,0.6249477386065113,-0.16957677944084176,-0.4877916338148614,0.008508643776014865,-0.776540170828039,1.076897404589523,-0.23412460764355048,211691,7EQ0qTo7fWT7DPxmxtSYEc,85,4062271,https://i.scdn.co/image/7fd538c4aa21542d840e17773e6c8802196d1c4d,True,False,False,False,False,False,False,False,True,False,False,False,False,True,False
global,1660.0,18LXrvm337xqvFxpaB9Puj,697014,È sempre bello,Coez,https://open.spotify.com/track/18LXrvm337xqvFxpaB9Puj,-0.7179888811389245,0.0914698590167461,0.0327761339853762,-0.16957677944084176,-0.6459347098956523,-0.11322986470076553,0.2987344581370567,0.05120027219770702,-0.36544948253296455,203872,5dXlc7MnpaTeUIsHLVe3n4,75,1399599,https://i.scdn.co/image/9ce694d691fc6d5a67266e567be124e17df2ca70,True,False,False,False,False,False,False,False,True,False,False,False,False,False,True
global,1661.0,330cmrgtnIj4NtPTYdDOZv,696456,Pin the Grenade,blink-182,https://open.spotify.com/track/330cmrgtnIj4NtPTYdDOZv,-0.9908182248730232,-0.7602027276323119,1.7047900764450523,-0.16957677944084176,-0.759209285320963,0.8577968182974588,-0.5061854069739578,1.1404361650031754,1.1642981679136883,179440,6FBDaR13swtiWwGhX1WQsP,83,5597148,https://i.scdn.co/image/345f0de2b6bdadd50e7b5236324e9d2d1253a7d1,False,False,False,False,False,False,False,False,False,False,False,False,False,True,False
global,1662.0,6wJwkMo278iWVlWl1XQ4WA,696251,The Heart Wants What It Wants,Selena Gomez,https://open.spotify.com/track/6wJwkMo278iWVlWl1XQ4WA,-0.7966185393416466,-0.4142107393061318,0.9558671647183224,-0.16957677944084176,-0.2377049088498899,0.5775821449396628,-0.80989562870614,0.6048951843738201,-1.2719654032999663,227373,0C8ZW7ezQVs4URX5aX7Kqx,93,18882676,https://i.scdn.co/image/dc6dd5ccdccee8c947b41af13e3b60ce0a235708,False,False,False,False,False,False,False,True,False,False,False,False,False,True,False
global,1663.0,3Ex5RFJRUdpHcDOLXJOVLy,695384,Raising Hell (feat. Big Freedia),Kesha,https://open.spotify.com/track/3Ex5RFJRUdpHcDOLXJOVLy,-0.9977080513591033,-0.014989214314385498,1.4203154820682322,-0.16878923171265559,-0.7731847199513584,0.6442141688100897,0.017846391795154133,-0.9835738259674879,-0.23292038945992988,169681,6LqNN22kT3074XbTVUrhzX,82,5166468,https://i.scdn.co/image/282055081bba71c1f715c6459de13d12fb4373d5,False,True,False,False,False,False,False,False,False,False,False,False,False,True,False
global,1664.0,3O0e0LHTpza0rYVDbZfQ4r,691914,Can We Pretend (feat. Cash Cash),P!nk,https://open.spotify.com/track/3O0e0LHTpza0rYVDbZfQ4r,-0.23609028284699346,-1.026350410960142,1.0545624321551783,-0.16957677944084176,-0.5392800771900026,1.0915491614969572,2.4229504598476947,-0.17118538925007606,-0.22702948429140854,224360,1KCSPY1glIKqW2TotWuXOR,86,7714421,https://i.scdn.co/image/afc2d276d9c1b398d4f1048c20584f926296b9c0,False,True,False,False,False,False,False,False,False,False,False,False,False,True,False
global,1665.0,4hQ6o8ECY5MyHyodnyOHEw,691735,U Deserve It,Trippie Redd,https://open.spotify.com/track/4hQ6o8ECY5MyHyodnyOHEw,1.126304785021955,0.9231813694162168,-0.6697019460063626,-0.16952699060366838,-0.7246384733405109,-0.2915155501919084,-0.863439916352565,0.2872013823055587,-0.39490400837557177,244601,6Xgp2XMz1fhVYe7i6yNAax,92,3998147,https://i.scdn.co/image/955a9b53451b9c97a6571202eccfe0b2b94a9e50,True,False,False,False,False,True,False,False,False,False,False,False,False,True,False
global,1666.0,01kOu8BA8yzAHx9LUidTi9,691227,All For Me,Trippie Redd,https://open.spotify.com/track/01kOu8BA8yzAHx9LUidTi9,0.9628173768776811,-1.5519920855326075,0.6539757584408807,-0.16957677944084176,-0.6959520548886466,0.3463510134541804,3.0988373694828972,0.7002033249942987,-1.5548590371385758,164780,6Xgp2XMz1fhVYe7i6yNAax,92,3998147,https://i.scdn.co/image/955a9b53451b9c97a6571202eccfe0b2b94a9e50,True,False,False,False,False,False,False,False,False,False,False,True,False,True,False
global,1667.0,5GsJcnO3rgpZFOrzL2EISO,688392,Flash Pose,Pabllo Vittar,https://open.spotify.com/track/5GsJcnO3rgpZFOrzL2EISO,-0.9149522823794066,0.6304189177556035,1.3622594423994934,-0.16665692006455332,1.2333934732970022,0.7065241154564892,0.7551775659426482,-0.25287808121048627,0.06084375446865796,152932,6tzRZ39aZlNqlUzQlkuhDV,78,2606909,https://i.scdn.co/image/8204865475682a572b2afc13889b0eb8e3c502e6,True,True,False,False,False,False,False,False,False,False,False,False,False,True,False
global,1668.0,0LfMuWu6FKNSDHEoxHu9iK,687717,m12ano - feat. Mara Sattei,tha Supreme,https://open.spotify.com/track/0LfMuWu6FKNSDHEoxHu9iK,-0.835154856975654,-0.6737047305507669,-0.6406739261719933,-0.16920219987145338,-0.6621167920992681,0.02543677957012327,-0.7967290005963632,-0.03956938553608209,-1.8657426071370105,188427,19i93sA0D7yS9dYoVNBqAA,86,510487,https://i.scdn.co/image/523766e72e9a82dada6e341a97b3143a574c2b61,True,False,True,False,False,False,False,False,False,False,False,False,False,True,False
global,1669.0,68r3esIMdWpIeZqWZQDnfY,686991,Burnin' Up,Jonas Brothers,https://open.spotify.com/track/68r3esIMdWpIeZqWZQDnfY,-0.9024960989017478,-0.08817982722953897,1.878958195451268,-0.16957677944084176,1.4981911820834424,1.1131595476170957,-0.36749692421764346,1.6033614194454993,-0.2647833516697778,175347,7gOdHgIoIKoe4i9Tta6qdD,87,3492262,https://i.scdn.co/image/a6607686d8bb0913324c84360ee921e94c5aadf3,True,False,True,False,False,False,False,False,False,False,False,False,False,True,False
global,1670.0,0bCPJsVGDxPYwQMDZMi4NW,685308,Estamos Arriba,Bad Bunny,https://open.spotify.com/track/0bCPJsVGDxPYwQMDZMi4NW,-0.2789084135514462,1.1627142844112646,1.1242296797576643,-0.1666103884410268,0.04180378375801956,1.0364426768906039,-0.33150814071758716,0.2645089678721114,0.9012578608861185,225694,4q3ewBCX7sLwd24euuV69X,98,17863391,https://i.scdn.co/image/22590f4021a00d1cad0821cc46a54395960342ee,True,False,False,False,False,False,False,False,False,False,False,True,False,True,False
global,1671.0,2bOWJIYSbhwg2NMQq1QMYH,684903,Forward (feat. James Blake),Beyoncé,https://open.spotify.com/track/2bOWJIYSbhwg2NMQq1QMYH,2.6833277197293244,-1.9379062263579618,-2.8526090375509394,0.5179279581633303,-0.4951471257255959,-3.2975202595031776,-0.7247514335962507,-1.9874862405031946,0.07321140067881375,79200,6vWDO969PvNqNYHIOW5v0m,90,21495344,https://i.scdn.co/image/9fef2047e4e3f05031807d5fa9e121b7862ba259,False,False,False,False,False,False,False,True,False,False,False,False,False,True,False
global,1672.0,6xVhqLT40s5sVhepe9Mckc,684722,Weather the Storm (feat. Meek Mill & Lil Baby),DJ Khaled,https://open.spotify.com/track/6xVhqLT40s5sVhepe9Mckc,-0.3022637575720567,-1.0862336397089039,1.031340016287683,-0.16957677944084176,0.49048879031282155,1.3768062582827858,1.3432869548460065,-0.9472659628739722,-1.4996928257538031,153337,0QHgL1lAIqAw0HtD7YldmP,82,4390256,https://i.scdn.co/image/94e2383b16d3a8f0af23b45ab9edd767b4107bbf,True,False,True,False,False,False,False,False,False,False,False,False,False,True,False
global,1673.0,3e0ZGE7Gp034iLknjQk4QW,684206,Can I,Drake,https://open.spotify.com/track/3e0ZGE7Gp034iLknjQk4QW,0.8810736728055442,-0.23456105305984595,-2.5913568590416154,-0.043941395919267164,-0.384814747064579,-0.7500159090408477,-0.624685059961948,-1.9076089416974602,-1.2076536430071578,189289,3TVXtAsR1Inumwj472S9r4,99,43763483,https://i.scdn.co/image/012ecd119617ac24ab56620ace4b81735b172686,False,False,False,False,True,False,False,False,False,False,False,False,False,True,False
global,1674.0,5R2pz8i4k4bvRAqiIFXzKz,683956,Faceshot,Future,https://open.spotify.com/track/5R2pz8i4k4bvRAqiIFXzKz,-0.9728735355505208,0.823375988168281,1.2113137392607725,-0.16957677944084176,1.2628154409399395,0.8080929302211403,-0.4105079093762473,-1.6144229472173217,1.426264442507219,175860,1RyvyyTE3xzB2ZywiAwp0i,91,8253537,https://i.scdn.co/image/287c505d7b76d3971a8c5b2fbb3935f9b2dbc3ce,True,False,False,False,False,False,False,False,False,False,False,True,False,True,False
global,1675.0,0QopfywHKJZH8bnt8Cj9qr,683935,Make It Hot,Major Lazer,https://open.spotify.com/track/0QopfywHKJZH8bnt8Cj9qr,-0.992063843220789,0.49734507609168815,0.8165326695133494,0.12124586759984018,3.8372376096969996,0.6589812659921845,-0.7870734733158603,0.042123306424328114,-0.8184633446360019,168398,738wLrAtLtCtFOLvQBXOXp,86,5890848,https://i.scdn.co/image/093b23f613441e9b90070939795f3109386edbb4,True,False,False,False,False,False,False,False,False,False,False,True,False,True,False
global,1676.0,3hhs1XHsWvbH0mP9D1BT2Z,683454,Stop Snitchin,YG,https://open.spotify.com/track/3hhs1XHsWvbH0mP9D1BT2Z,-0.9842787285472522,1.6351264223181643,0.5204468672027814,-0.16952373339002152,-0.017040151527856158,0.3513934368822128,1.3345092027728218,0.514125526640031,-1.0310566737010955,149893,0A0FS04o6zMoto8OKPsDwY,86,2020926,https://i.scdn.co/image/d1e573d166fe6f42bba50cb9754ed38c9ecf8105,True,False,False,False,False,False,False,True,False,False,False,False,False,True,False
global,1677.0,5TnLXSd4h6G06Fbt2ApOpa,682625,Mannequin Challenge (feat. Juice WRLD),Young Thug,https://open.spotify.com/track/5TnLXSd4h6G06Fbt2ApOpa,-0.6529831736148918,1.1893290527440477,-0.24008725245769616,-0.16957677944084176,0.21833558961564653,-0.3559865354503218,-0.38593020357133084,-0.20295476945690225,0.3209874285680599,162400,50co4Is1HCEo8bhOyUWKpn,94,4744074,https://i.scdn.co/image/10ea494021e8341a2b5a8fcc8cd3b9a000cbc878,False,True,False,False,False,False,False,False,False,False,False,False,False,True,False
global,1678.0,4lJNen4SMTIJMahALc3DcB,682000,"Thunderclouds (feat. Sia, Diplo, and Labrinth)",Sia,https://open.spotify.com/track/4lJNen4SMTIJMahALc3DcB,-0.9729513866972561,0.07816247485035456,0.5204468672027814,-0.1687357203456001,0.12271419477609868,0.19075623338918288,-0.8441288617915593,0.0058154433308124686,-0.3299738657722553,187027,5WUlDfRSoLAfcVSX1WnrxN,90,15317280,https://i.scdn.co/image/652b6bb0dfaf8aa444f4414ee018699260e74306,True,False,False,False,False,False,False,True,False,False,False,False,False,True,False
global,1679.0,5dkZ2DrcPJrqwlRQe6Q35e,679370,#PROUDCATOWNERREMIX,XXXTENTACION,https://open.spotify.com/track/5dkZ2DrcPJrqwlRQe6Q35e,-0.8912076826251192,0.6969558385875613,-0.5942290944370022,-0.16909634042793056,-0.3480372875109067,0.08954759172653422,2.2825064266767434,-1.1469592098883084,0.7478990478801908,157293,15UsOTVnJzReFVN1VCnxy4,95,17294420,https://i.scdn.co/image/942afa81f0a2298ead0c154fb7b4b606de48d9e6,True,True,False,False,False,False,False,False,False,False,False,False,False,True,False
global,1680.0,6V43u5SCjkfMpxMAXRPifr,677929,Sentou e Gostou,MC JottaPê,https://open.spotify.com/track/6V43u5SCjkfMpxMAXRPifr,0.013033386706185677,0.15800677984870382,0.2766115005940792,-0.158083468429794,-0.6084217011509065,1.1416132226752782,2.3439506911890344,1.0632819559294546,0.302859062938964,163253,5GqnSMX8p2hxqsM6LqDty3,74,110076,https://i.scdn.co/image/4f256b0677e9bde95b75377508ccdb8d5752a790,True,False,False,False,False,False,False,True,False,False,False,False,False,True,False
global,1681.0,2LgsKzO8lCeXk0TMd9veWW,677873,Vor der Tür,Gzuz,https://open.spotify.com/track/2LgsKzO8lCeXk0TMd9veWW,-0.9414216722694319,1.1826753606608518,0.590114114805268,-0.16065434062963363,-0.5172136014577993,0.07730170625845578,0.518178259966668,-1.3194215595825074,-0.6898072776129895,171020,5eioJDe26lOqkAMbuhzZYs,80,839664,https://i.scdn.co/image/d007489effed2e4e22b435ed4b502925ccc6dcd9,False,False,False,False,True,False,False,False,False,False,False,False,False,True,False
global,1682.0,0sHeIbgbNzKF8rGspC1FHV,677725,Brillis,Shirin David,https://open.spotify.com/track/0sHeIbgbNzKF8rGspC1FHV,-0.15434657877485658,1.0629089031633279,-0.8670924808800745,-0.16957677944084176,-0.6297526276920364,-0.8137665480952562,0.28117895399068776,0.5095870437533415,-0.5250246650813652,186413,0JBdTCGs111JKKYfLqOEBa,69,336391,https://i.scdn.co/image/b86ebb56ca3f458c83abec8982dec573ff6c88e1,False,False,False,False,True,False,False,False,False,False,False,False,False,True,False
global,1683.0,333OkWOgbV6C8I5wRLfuSx,676467,I Got You (Always and Forever),Chance the Rapper,https://open.spotify.com/track/333OkWOgbV6C8I5wRLfuSx,-0.46964372305309887,0.4840376919252966,1.3448426304988719,-0.16957677944084176,-0.3995257308860479,1.1480963385113196,1.2028429216750556,0.3915864886994157,-0.6579443154031417,281182,1anyVhU62p31KFi8MEzkbf,87,4587455,https://i.scdn.co/image/0433f521b1fadf1d839b6e70c3914021f122901f,True,False,False,False,False,False,False,True,False,False,False,False,False,True,False
global,1684.0,0y5gx9hco8okaSecaH22k1,675439,Throw It Away,Trippie Redd,https://open.spotify.com/track/0y5gx9hco8okaSecaH22k1,-0.3840074616441936,1.0828699794129153,-0.7683972134432185,-0.16873106718324746,-0.6915387597422059,-0.20651469811936363,0.8517328387476772,-0.9472659628739722,0.41934276237619184,165773,6Xgp2XMz1fhVYe7i6yNAax,92,3998147,https://i.scdn.co/image/955a9b53451b9c97a6571202eccfe0b2b94a9e50,True,False,False,False,False,True,False,False,False,False,False,False,False,True,False
global,1685.0,1spZPzBLYeVTvd0iDWXgC2,675290,Rooting For You,Alessia Cara,https://open.spotify.com/track/1spZPzBLYeVTvd0iDWXgC2,-0.7841623558639876,0.5638819969236458,-0.5652010746026328,-0.12490642085539302,-0.6069506027687596,-0.10854761437473555,-0.06115337686350602,0.023969374877570292,1.103306144235185,176080,2wUjUUtkb5lvLKcGKsKqsR,85,6587644,https://i.scdn.co/image/56dcc0e8f919ea86b139b4ccd084439e10a8704e,True,False,False,False,False,False,True,False,False,False,False,False,False,True,False
global,1686.0,7fK0csBoqbcgUuWGV0cpoD,674706,Obsession,EXO,https://open.spotify.com/track/7fK0csBoqbcgUuWGV0cpoD,-0.9935819405821288,0.17131416401509536,0.6075309267058897,-0.16957677944084176,0.321312476365929,0.9460392282880246,-0.5930851524984839,1.0088201612891812,0.25530871790465526,203520,3cjEqqelV9zb4BYE3qDQ4O,81,5052416,https://i.scdn.co/image/34a9e3361cb91986c46d7693731bedb3171d1ef2,True,False,False,False,False,False,False,True,False,False,False,False,False,True,False
global,1687.0,6YfTl5YupXOQBKiJJLrxcw,673515,Death (feat. DaBaby),Trippie Redd,https://open.spotify.com/track/6YfTl5YupXOQBKiJJLrxcw,-0.7775450083914812,0.823375988168281,1.1358408876914121,-0.16957677944084176,-0.18621646547474865,0.1831925982471344,0.14073492081973635,0.5685873212803044,1.362310693025757,172196,6Xgp2XMz1fhVYe7i6yNAax,92,3998147,https://i.scdn.co/image/955a9b53451b9c97a6571202eccfe0b2b94a9e50,False,False,False,False,False,False,False,False,False,False,True,False,False,True,False
global,1688.0,7GeC7Nb58zsPnlFSfF0HZU,672376,Che cazzo ridi (feat. Trippie Redd),Fedez,https://open.spotify.com/track/7GeC7Nb58zsPnlFSfF0HZU,-0.9632199933553351,-2.436933132597644,0.46239082753404265,-0.16957677944084176,0.17420263815123993,0.6777102672963045,-0.6992959525840158,0.2554320020987325,0.8952042235306211,216368,3pgCLfNbw5ozIfoNsvDU7i,66,1338431,https://i.scdn.co/image/fe7940cfdb76ccd4ad64b4bd11c8c6cb741afc81,True,True,False,False,False,False,False,False,False,False,False,False,False,True,False
global,1689.0,1nal3Tf1OCV53KigMZXsZ7,672234,None Of Your Concern,Jhené Aiko,https://open.spotify.com/track/1nal3Tf1OCV53KigMZXsZ7,2.2823943140421767,-1.7050270034461101,-0.4548945992320291,-0.16957677944084176,-0.4877916338148614,-0.6041458027299123,1.0448433843577352,-0.4661867768848904,-1.5429144946145572,262213,5ZS223C6JyBfXasXxrRqOk,83,2746515,https://i.scdn.co/image/3a580caac49e1a4bb4eadc909dbfc08cf7959089,False,False,False,False,False,False,False,False,False,True,False,False,False,True,False
global,1690.0,73IE87H0g2MBmdn41lkVto,669961,Paris Morton Music,Drake,https://open.spotify.com/track/73IE87H0g2MBmdn41lkVto,0.6085946592317544,-1.1527705605408616,-0.7567860055094708,-0.1686484735514879,-0.5098581095470648,-0.7770288916910206,1.6241750211879091,-1.5735766012371166,1.6218034383772566,251240,3TVXtAsR1Inumwj472S9r4,99,43763483,https://i.scdn.co/image/012ecd119617ac24ab56620ace4b81735b172686,False,False,False,False,False,False,False,False,False,False,True,False,False,True,False
global,1691.0,2H1liABu20HXBOmbt5SQz1,668142,Ciumeira - Ao Vivo,Marília Mendonça,https://open.spotify.com/track/2H1liABu20HXBOmbt5SQz1,-0.20884238148961456,0.4175007710933389,1.095201659923295,-0.16957677944084176,4.580142292681181,0.5934297614277642,-0.7440624881572566,1.2584367200571012,0.055148127924507497,190084,1yR65psqiazQpeM79CcGh8,90,12972222,https://i.scdn.co/image/1f399aa92438efbbaad112193271dd52603ab913,False,False,False,False,False,False,False,False,False,False,False,True,False,True,False
global,1692.0,41mzryVlFLlz6b1BCtJAjx,665862,Light It Up,Young Thug,https://open.spotify.com/track/41mzryVlFLlz6b1BCtJAjx,-0.9877820301503438,1.828083492730841,-0.6348683222051194,-0.16957677944084176,-0.4730806499933925,-0.744973485612815,-0.3982190564737891,-0.6204951950323319,0.5172098996233951,209253,50co4Is1HCEo8bhOyUWKpn,94,4744074,https://i.scdn.co/image/10ea494021e8341a2b5a8fcc8cd3b9a000cbc878,True,False,False,False,False,False,False,False,False,False,True,False,False,True,False
global,1693.0,3wE9jU1zReHLMHLgAsWIYX,664212,ST. PERCY,BROCKHAMPTON,https://open.spotify.com/track/3wE9jU1zReHLMHLgAsWIYX,0.42564446440363857,-0.44747919972211064,0.061804153819745605,-0.10350187403319881,-0.7820113102442398,-0.19390863954928275,1.5802862608219868,1.1404361650031754,-1.3038283655098144,210773,1Bl6wpkWCQ4KVgnASpvzzA,84,1162941,https://i.scdn.co/image/707005c12d76bbdda637980fc187461438487c86,True,False,True,False,False,False,False,False,False,False,False,False,False,True,False
global,1694.0,0b9oOr2ZgvyQu88wzixux9,662400,This Is America,Childish Gambino,https://open.spotify.com/track/0b9oOr2ZgvyQu88wzixux9,-0.5474948697884674,1.1693679764944602,-0.9367597284825607,-0.16957677944084176,1.3216593762258153,0.11475970886669593,0.06173515216107644,0.2781244165321798,-0.06911417005015993,225773,73sIBHcqh3Z3NyqHKZ7FOL,82,5815496,https://i.scdn.co/image/0ac898747b4ad4c4faf6025221a95266e04bf972,True,False,False,False,False,True,False,False,False,False,False,False,False,True,False
global,1695.0,44nlOJLjLqwNgYcT277V25,656653,Make Eem Run!,Bass Santana,https://open.spotify.com/track/44nlOJLjLqwNgYcT277V25,1.9048162523756396,1.7149707273165136,-0.6406739261719933,-0.16957677944084176,-0.4730806499933925,-0.8753561485376508,1.2379539299677933,1.4717454157315057,0.25547145009163175,192000,15UsOTVnJzReFVN1VCnxy4,95,17294420,https://i.scdn.co/image/942afa81f0a2298ead0c154fb7b4b606de48d9e6,False,False,True,False,False,False,False,False,False,False,False,False,False,True,False
global,1696.0,0bfWT3AgM7ZTuqesJvRP6H,651446,Mad Love,Mabel,https://open.spotify.com/track/0bfWT3AgM7ZTuqesJvRP6H,1.593411665434166,-0.37428858680695715,0.9965063924864396,-0.16957677944084176,-0.5025026176363303,1.2529067111939916,0.3689564747225321,0.6003567014871306,2.4591256332421785,169813,1MIVXf74SZHmTIp4V4paH4,82,554723,https://i.scdn.co/image/f6cdfc9316e797af4b4039244bf59796c9f2977f,True,False,False,False,False,False,False,False,False,False,False,False,False,True,False
global,1697.0,2WOxBv9WElDqB0opEAbCC4,646319,Touch Eem Body,XXXTENTACION,https://open.spotify.com/track/2WOxBv9WElDqB0opEAbCC4,1.2314038331147021,0.11143093526633341,-1.1922063030250114,-0.16957677944084176,1.520257657815646,-1.9511932042185471,1.0536211364309196,-1.9212243903575286,0.2486041518012555,187907,15UsOTVnJzReFVN1VCnxy4,95,17294420,https://i.scdn.co/image/942afa81f0a2298ead0c154fb7b4b606de48d9e6,False,False,False,False,False,False,False,False,False,False,False,True,False,True,False
global,1698.0,2plUcsOZm6pi1kFUncqLni,645850,Wheels on the Bus,Melanie Martinez,https://open.spotify.com/track/2plUcsOZm6pi1kFUncqLni,1.301469865176534,0.19792893234787845,-0.03689111361711035,-0.16955107071884337,1.6526565122088663,0.05857270495433555,-0.798484551011,0.3416631769458317,-0.8527347432130905,220897,63yrD80RY3RNEM2YDpUpO8,83,5683455,https://i.scdn.co/image/92a5ad8518a21a8667f8962cdca0524d34e4771c,True,False,False,False,False,False,False,True,False,False,False,False,False,True,False
global,1699.0,14kRWkCWBYfQqILflEcpSJ,640954,Chama Ela (feat. Pedro Sampaio),Lexa,https://open.spotify.com/track/14kRWkCWBYfQqILflEcpSJ,0.7876522967231021,1.3955935073231165,1.2577585709957635,-0.16851585842443736,-0.8643928196444657,1.6368512379284528,0.1495126728929208,2.1615948145083017,0.9063025586823662,120200,0jTDeBJQr3unrK29LklnAv,79,1370858,https://i.scdn.co/image/b36706313bca591403f9eba733259cc3377632b1,True,False,False,False,False,False,True,False,False,False,False,False,False,True,False
global,1700.0,0oOPa0AlLnjCO6eci0HIdH,640298,cOcO MAmA,Dardan,https://open.spotify.com/track/0oOPa0AlLnjCO6eci0HIdH,-0.31783398691913045,-1.0862336397089039,-0.19944802468957898,-0.16954804616331415,-0.24506040076062438,-0.10206449853869407,0.7639553180158326,-0.5161100886384744,-0.7278215164905203,190000,3pjq2pDV9RR6VY55wBjVnp,73,589678,https://i.scdn.co/image/8db843107361b926f39d54a27e8207ca927813a7,False,False,True,False,False,False,False,False,False,False,False,False,False,True,False
global,1701.0,5LWprrbySabBAMm0aE447a,625239,Roo,Chance the Rapper,https://open.spotify.com/track/5LWprrbySabBAMm0aE447a,-0.11931356274394074,-0.8999302613794223,0.7468654219108628,-0.16957677944084176,-0.5025026176363303,-0.33041424520815765,1.3783979631387442,-1.3829603199961598,-1.028876062395621,171944,1anyVhU62p31KFi8MEzkbf,87,4587455,https://i.scdn.co/image/0433f521b1fadf1d839b6e70c3914021f122901f,True,True,False,False,False,False,False,False,False,False,False,False,False,True,False
global,1702.0,39N9RPD9MRb5WmoLzNzPeA,623835,X,Nicky Jam,https://open.spotify.com/track/39N9RPD9MRb5WmoLzNzPeA,-0.8612349911320024,-0.553938273053243,0.8629775012483404,-0.1570132410886843,1.1745495380111264,0.6272860330159813,-0.6589182930473673,1.0133586441758706,1.8852668490909636,173628,1SupJlEpv7RS2tPNRaHViT,94,10569805,https://i.scdn.co/image/e2cc83fdb16667b0cc6c011da4747adedc759185,False,False,False,False,False,False,False,False,False,True,False,False,False,True,False
global,1703.0,1G586ld1gbaECg4Bc6w40O,606923,No Me Acuerdo,Thalía,https://open.spotify.com/track/1G586ld1gbaECg4Bc6w40O,-0.32172654425589886,1.0562552110801322,0.926839144883953,-0.16957677944084176,-0.622397135781302,0.7011215189264547,-0.25426392247356394,1.1812825109833804,-0.9149309850752146,217653,23wEWD21D4TPYiJugoXmYb,76,2335302,https://i.scdn.co/image/31e4101435bf7b838ed07676fdfc41b00f81fb12,True,False,False,False,False,False,False,True,False,False,False,False,False,True,False
global,1704.0,3B54sVLJ402zGa6Xm4YGNe,606022,Unforgettable,French Montana,https://open.spotify.com/track/3B54sVLJ402zGa6Xm4YGNe,-0.8888721482230583,0.3176953898454023,0.8397550853808449,-0.05208443003640627,-0.5172136014577993,0.5167128907012724,-0.06115337686350602,1.1132052676830386,-0.7864051038017831,233902,6vXTefBL93Dj5IqAWq6OTv,87,3261832,https://i.scdn.co/image/14443f9c4ab806e91aee7feaad4f90b91f29f7b6,True,False,False,False,False,False,True,False,False,False,False,False,False,True,False
global,1705.0,3567eNX2L3RkkMkwspncMH,601762,Lie To Me,5 Seconds of Summer,https://open.spotify.com/track/3567eNX2L3RkkMkwspncMH,-0.9581596688175361,-0.30109797389180365,-0.8496756689794529,-0.16957677944084176,-0.5245690933685337,0.32654149284405354,-0.8256955824378719,0.927127469328771,1.230367435825835,150467,5Rl15oVamLq7FbSb0NNBNy,87,5627772,https://i.scdn.co/image/81f45e1c43d961f38e0885e79db547b86d25d101,True,False,False,False,False,False,False,False,False,False,False,False,False,True,False
global,1706.0,6rPO02ozF3bM7NnOV4h6s2,592324,Despacito - Remix,Luis Fonsi,https://open.spotify.com/track/6rPO02ozF3bM7NnOV4h6s2,-0.11542100540717232,-0.16802413222788823,1.1126184718239165,-0.16957677944084176,-0.5709086924061608,0.7652323310828656,0.32506771435661,1.489899347278263,1.8205970779868086,228827,4V8Sr092TqfHkfAA5fXXqG,84,7880988,https://i.scdn.co/image/6004641991ca63396cccdd8553f9120d69ea58d0,True,False,True,False,False,False,False,False,False,False,False,False,False,True,False
global,1707.0,5DuSzOxHDi1qZycpzIWyhO,588281,I Love You 3000,Stephanie Poetri,https://open.spotify.com/track/5DuSzOxHDi1qZycpzIWyhO,2.543195655605661,-0.2012925926438671,-1.4070136497993446,-0.16957677944084176,1.6085235607444595,-0.49429300661920816,-0.7932178997670895,-0.3618016704910332,-1.0430663090999044,209734,0HS00NN7MAfF59aJnfcxSO,68,121091,https://i.scdn.co/image/13e172b9abfd59e64aaf124c175c265e22f13dad,True,False,False,False,False,False,True,False,False,False,False,False,False,True,False
global,1708.0,3gicyfiEVMGONgzygpWjNT,585922,Grip,Seeb,https://open.spotify.com/track/3gicyfiEVMGONgzygpWjNT,0.2855124002799754,-0.5339771968036556,1.623511620908818,-0.16957677944084176,0.6596651042597143,1.5071889212076215,-0.695784851754742,0.06935420374446485,0.5189023143679434,198075,5iNrZmtVMtYev5M9yoWpEq,78,137602,https://i.scdn.co/image/81e1943fcc841b32618a0a992303aafb9b7c16be,True,False,False,False,True,False,False,False,False,False,False,False,False,True,False
global,1709.0,7GqWnsKhMtEW0nzki5o0d8,585551,Killer Queen - 2011 Mix,Queen,https://open.spotify.com/track/7GqWnsKhMtEW0nzki5o0d8,0.4723551524448597,-0.9531597980449885,0.1488882133228538,-0.16957677944084176,-0.2524158926713586,0.05389045462830557,-0.654529417010775,0.5549718726202361,-0.161415866502794,179600,1dfeR4HaWDbWqFHLkxsg1d,93,22898929,https://i.scdn.co/image/b040846ceba13c3e9c125d68389491094e7f2982,True,False,False,False,False,False,False,False,False,False,True,False,False,True,False
global,1710.0,3Vo4wInECJQuz9BIBMOu8i,577058,Finesse - Remix; feat. Cardi B,Bruno Mars,https://open.spotify.com/track/3Vo4wInECJQuz9BIBMOu8i,-0.9309117674601572,0.17131416401509536,1.3622594423994934,-0.16957677944084176,-1.1240416840933922,0.5765016256336558,-0.2665527753760223,1.989132464814103,-0.5543490051743921,217289,0du5cEVh5yTK9QJze8zA0C,91,23431906,https://i.scdn.co/image/aa32d6d4ca2467974403518dd3ebfe8831c5ced1,False,False,False,False,False,True,False,False,False,False,False,False,False,True,False
global,1711.0,2WfaOiMkCvy7F5fcp2zZ8L,565994,Take on Me,a-ha,https://open.spotify.com/track/2WfaOiMkCvy7F5fcp2zZ8L,-0.9328580461285414,-0.7003194988835499,1.6119004129750703,-0.15503564708880768,-0.5995951108580252,-0.4179363089947188,-0.6668182699132333,1.7622083204796304,-1.2281578985660997,225280,2jzc5TC5TVFLXQlBNiIUzE,75,1052313,https://i.scdn.co/image/528c24e536180c6e47316a46f6717c1fc94d0677,False,False,False,False,False,False,True,False,False,False,False,False,False,True,False
global,1712.0,0PaAB17axL9hn88mHiw8g0,560658,Não Fala Não pra Mim,Humberto & Ronaldo,https://open.spotify.com/track/0PaAB17axL9hn88mHiw8g0,1.2975773078397654,0.4175007710933389,0.9848951845526919,-0.16957677944084176,0.4537113307591492,1.4128235684830166,-0.7879512485231788,1.2584367200571012,1.1664462327817682,196613,1zEo6Fk1iaaOYFlFPBHCFn,70,885153,https://i.scdn.co/image/4d61e2792745f25bdb6c9b8424eec3f858d58106,True,False,False,True,False,False,False,False,False,False,False,False,False,True,False
global,1713.0,27SdWb2rFzO6GWiYDBTD9j,554971,Cheap Thrills,Sia,https://open.spotify.com/track/27SdWb2rFzO6GWiYDBTD9j,-0.8191953718949034,-0.3343664343077825,0.4275572037327994,-0.15294172403011475,-0.6150416438705675,0.3132150880699681,-0.21915291418082622,1.1086667847963492,-1.0470695208995076,211667,5WUlDfRSoLAfcVSX1WnrxN,90,15317280,https://i.scdn.co/image/652b6bb0dfaf8aa444f4414ee018699260e74306,False,False,False,False,False,False,True,False,False,False,False,False,False,True,False
global,1714.0,0kLA41xkWzzYzMIEGFuDkP,544655,HaifischNikez Allstars,LX,https://open.spotify.com/track/0kLA41xkWzzYzMIEGFuDkP,-0.3723297896338883,0.5705356890068416,0.6946149862089979,-0.16957677944084176,-0.384814747064579,0.3416687631281504,2.7916160469214417,0.08750813529122267,-1.1264177352688736,182925,10XY9PZCJKzUFzZOdtlQLU,71,64625,https://i.scdn.co/image/60d0c075d6de8417a0c44d540ac71bea5b3324c8,False,False,False,False,False,False,False,False,False,False,False,True,False,True,False
global,1715.0,79hJaqmVdohltPBNN6BULM,536886,"Stayin' Alive - From ""Saturday Night Fever"" Soundtrack",Bee Gees,https://open.spotify.com/track/79hJaqmVdohltPBNN6BULM,-0.7304450646165833,0.19792893234787845,-0.33297691592767825,-0.1573622282651331,-0.16414998974254527,-3.26366398791496,-0.8292066832671456,2.1207484685280966,-0.6034615792036675,281667,1LZEQNv7sE11VDY3SdxQeN,79,2834719,https://i.scdn.co/image/1d5a05673975ba0c378cd280344e000b0b865620,False,False,False,False,False,False,False,False,False,False,True,False,False,True,False
global,1716.0,7rLegaz7zKB6EtDNzcslKE,536447,Medley da Gaiola - Dennis DJ Remix,MC Kevin o Chris,https://open.spotify.com/track/7rLegaz7zKB6EtDNzcslKE,1.7646841882519764,1.4488230439886827,0.7642822338114844,-0.16957677944084176,-0.709927489519042,0.33050339696607894,0.8692883428940462,0.8998965720086347,0.5835069925973078,240000,2UMj7NCbuqy1yUZmiSYGjJ,84,1139072,https://i.scdn.co/image/984dfbcdcf7880b022478b4433ae006b2a108b03,False,False,False,False,True,False,False,False,False,False,False,False,False,True,False
global,1717.0,0kCqaybZgYcLYxzZymmBoc,524230,"Quem Pegou, Pegou - Ao Vivo",Henrique & Juliano,https://open.spotify.com/track/0kCqaybZgYcLYxzZymmBoc,0.1609505655033857,0.07816247485035456,0.2650002926603314,-0.16957677944084176,4.227078680965926,0.40794061389657527,-0.8625621411452465,0.414278903132863,-0.5899222612472864,184326,3p7PcrEHaaKLJnPUGOtRlT,84,9577443,https://i.scdn.co/image/f9e65e111cbb16276d2c27dcdd5b8759b23f6d10,True,False,False,False,False,False,False,False,False,True,False,False,False,True,False
